EJ50bWwqMZY	20260904	1245	Honor Thy Father & Thy Mother || 15 Minutes W/ The Captains	2018
wqRVYBKpnVk	20260902	1346	Sovereign Idiocracy || 15 Minutes W/ The Captains	928
Cac3mtNbgmo	20260825	1519	Christians Don't Understand Ephesians 2 || 15 Minutes W/ The Captains	5801
PB8tcDPkvCk	20260821	910	The "I Don't Care" Attitude || 15 Minutes W/ The Captains	4033
CFuOYZ2TYeA	20260819	1225	I Need More Confidence || 15 Minutes W/ The Captains	5416
IjcHGVqFB9Q	20260814	866	2nd Commandment In The Last Days || 15 Minutes W/ The Captains	1455
fuwoOANedXA	20260812	1618	Resetting Your Joy In The Lord || 15 Minutes W/ The Captains	9167
4yvewCD3Y9o	20260807	1251	ISRAEL CALL SAINTS, STRANGERS, HEATHENS, & GENTILES || 15 Minutes W/ The Captains	1155
0k9VXVDRP5I	20260805	1132	Just Do The Work Your Wasting Time || 15 Minutes W/ The Captains	3292
BECx_FiADmE	20260803	1168	Charity: The Royal Law || 15 Minutes W/ The Captains	1699
Ig7WijWybfM	20260731	1409	Raising Avengers || 15 Minutes W/ The Captains	1427
PC8DUOYH-Es	20260729	1268	3 Persons 1 God || 15 Minutes W/ The Captains	1575
5fpjPosGgaE	20260727	1311	The Power Struggle At Home || 15 Minutes W/ The Captains	2294
VRZ_BZQvJrA	20260724	1105	Wherever You Go There You Are || 15 Minutes W/ The Captains	2631
PCuZbE8w-N4	20260722	1082	Visiting The Sick || 15 Minutes W/ The Captains	834
oWPP4-UMaOk	20260720	1267	Baptised With Fire || 15 Minutes W/ The Captains	1475
EHLBeqB5MeA	20260717	1279	The Rise Of Heretical Movements || 15 Minutes W/ The Captains	751
zdzrw9DGM-E	20260716	9400	WOE TO AMERIKKA || CaptainsInTheClassroom || #iuic	492
dOgX2d7Zncw	20260715	955	Before The End Comes || 15 Minutes W/ The Captains	3734
QlnVox6IgeY	20260714	8748	WHERE THERE WORLD ENDS, OURS BEGIN || CaptainsInTheClassroom || #iuic	1520
kD5tKkLirNo	20260713	1131	Idle Words || 15 Minutes W/ The Captains	4280
P31yRDxT9oA	20260710	901	Don’t Be A Yes Man (Bashfulness) || 15 Minutes W/ The Captains	8206
b-RTjc8Zshw	20260709	8772	ELEUTHEROPHOBIA THE FEAR OF FREEDOM || CaptainsInTheClassroom || #iuic	346
7aZc-uTP2vk	20260708	1565	Ansiedad Miedo Y Depresion || 15 Minutes W/ The Captains	220
BqpqQrR_X20	20260707	7109	The Purge Before Salvation || CaptainsInTheClassroom || #iuic	911
SJzKXoDT7mw	20260706	1818	If Thou wilt Thou Shalt Be Taught || 15 Minutes W/ The Captains	830
lopRSOMRwfU	20260703	1242	ISRAEL'S REBELLION DOESN'T STOP THE PROMISE!! || 15 Minutes W/ The Captains	561
UHerw53xCO4	20260701	1117	The Rapture || 15 Minutes W/ The Captains	3383
k38Y5tJwIwM	20260622	2296	Life Eternal Or Everlasting Punishment || 15 Minutes W/ The Captains || #IUIC	1792
ybaORWNqFEk	20260619	1260	ONLY GOD CAN JUDGE ME || 15 Minutes W/ The Captains	735
bZikND66wKw	20260617	1051	THE BOOK OF LIFE || 15 Minutes W/ The Captains	5138
lEfcMQeRlpk	20260616	6233	THE MEDDLER || CaptainsInTheClassroom	1364
Dgl18iH99aY	20260615	1145	THE GOSPEL || 15 Minutes W/ The Captains	2536
zU-jK6_LGRQ	20260612	1315	No Shortcuts In Wisdom || 15 Minutes W/ The Captains	5462
g8DajkfDcH4	20260610	1592	The Unskilled Marksman || 15 Minutes w/ The Captains	1252
e1Shwh_rPNA	20260608	1221	Accountability || 15 Minutes W/ The Captains	8371
JMcCF9Sr6pY	20260605	1460	Religious Accommodation || 15 Minutes W/ The Captains	2003
ip4IoxkINq0	20260603	829	Feast Of Pentecost || 15 Minutes W/ The Captains	4421
P_B1XxQh7A0	20260601	998	Social Media - Weapons of Mass Distraction || 15 Minutes W/ The Captains	2303
Za7Vkz8Or24	20260410	1164	THE GREAT DEBATE OF ROMANS 2:28 || 15 Minutes W/ The Captains	1607
U_RANG2A1CU	20260409	8510	Babylon & The Sword Of God || CaptainsInTheClassRoom	1137
PBjEyjapNDA	20260408	1835	The Jezebel Spirit || 15 Minutes W/ The Captains	3514
lcKSW5UDQh0	20260406	1614	Praise Dancing || 15 Minutes W/ The Captains	1265
oh0jav3N2mw	20260403	1077	How To Spot A Traitor || 15 Minutes W/ The Captains	3036
DLTH5LswQvE	20260402	5401	You Talk Too Much... Or Not Enough || CaptainsInTheClassroom	2517
jilt3SWFtqg	20260401	1839	THE LIPS THAT TALK BACK || 15 Minutes W/ The Captains	7047
qPvmN33DYZw	20260330	1030	Whores Of Information || 15 Minutes W/ The Captains	1652
Y6huD-Z1Mrw	20260327	1399	Chronic Procrastination || 15 Minutes W/ The Captains	11102
LKwGYlj5TTc	20260326	6170	Last Man Standing || CaptainsInTheClassroom	436
if3t9f3KWWg	20260325	1237	Honoring Our Elders || 15 Minutes W/ The Captains	2163
b1y52o5nxfY	20260323	1188	WICKED SHALL NOT GO UNPUNISHED || 15 Minutes W/ The Captains	2531
ZVUPd0ig-y8	20260320	1180	PORN: The Doorway To Adultery || 15 Minutes W/ The Captains	2018
FMt0iiQzPqQ	20260319	4196	Seeking Relief In The Wrong Places || CaptainsInTheClassroom	1509
zrz788lI8t0	20260318	848	Chastening || 15 Minutes W/ The Captains	2153
W9EL8UeiWGk	20260316	2389	The Dietary Law || 15 Minutes W/ The Captains	2346
NYZVNcIK88M	20260312	5780	Belief A Leaders Turning Point || CaptainsInTheClassroom	1739
I29gmYaeFO0	20260311	1080	HOOD CODE: LOYALTY TO SIN || 15 Minutes W/ The Captains	904
rbj7BWf8pfM	20260309	1119	Friendship || 15 Minutes W/ The Captains	3482
cfEYxuSd2Kc	20260306	1689	The Spirit Of The Lord Is Upon Me || 15 Minutes W/ The Captains	1850
7SpmOOrY1gM	20260305	7770	The Framework Of The Inner Circle || CaptainsInTheClassroom	3545
PkRjf6DprT4	20260304	1423	Ungodly Children || 15 Minutes W/ The Captains	4290
ABhs0iJ-XrU	20260302	1371	When No One Watching || 15 Minutes W/ The Captains	9556
9L4-Sdtalio	20260227	1079	When Prayer Feels Pointless || 15 Minutes W/ The Captains	7420
uPKtse7wRu4	20260226	5713	IT'S NOT YOUR LIFE || CaptainsInTheClassroom	771
Qn7omLEQfHQ	20260225	1466	When Wounds Becoming Walls || 15 Minutes W/ The Captains	7416
rCY2LnPnb4g	20260220	1462	Two Women, Two Choices, Two Nations || 15 Minutes W/ The Captains	871
PksTzm2hBVU	20260219	9389	The Pursuit Of Happy-Mess || CaptainsInTheClassroom	1142
I-4asQfinAY	20260218	1818	Do You Actually Understand Unity || 15 Minutes W/ The Captains	2163
xYAx0fYIA4Y	20260217	941	Don't Eat your Emotions || 15 Minutes W/ The Captains	7204
p558OdxS6oQ	20260216	2497	Developing Strength || 15 Minutes W/ The Captains	12324
IRZrok8BO_Q	20260213	1163	The 5 Keys of Discipline || 15 Minutes W/ The Captains	20553
nr-lfesaePE	20260211	994	Demoted!! What To Do Now??|| 15 Minutes W/ The Captains	1283
JLLb4q16a5o	20260210	938	What's Holding You Back?? || 15 Minutes W/ The Captains	11101
l4ROGno7js4	20260209	1543	Lo, I Come In The Volume Of The Book || 15 Minutes W/ The Captains	1235
apIxJfQ88bI	20260206	1248	Is Sex Marriage || 15 Minutes W/ The Captains	1176
r3Xl3ESXW4s	20260205	5162	The Godly Spirit To Rebuild || CaptainsInTheClassroom	694
KoIfZeUFgtE	20260204	1275	SPIRITUAL APNEA || 15 Minutes W/ The Captains	1689
KV753CKFR9A	20260203	1069	I.C.E. Is Biblical || 15 Minutes W/ The Captains	3863
1ZMdcI2xVl8	20260202	1400	What About The Other People || 15 Minutes W/ The Captains	1629
wAbD6jwnU38	20260130	1866	Alcohol: The Cup Of Confusion || 15 Minutes W/ The Captains	1227
yKfz6sDdTRo	20260128	1117	Admonish A Friend || 15 Minutes W/ The Captains	3731
vc80jwgE0tw	20260126	1939	An Honorable Marriage || 15 Minutes W/ The Captains	3509
zo7GAb7vTJU	20260123	1490	THE LORD'S DAY EXPLAINED!! || 15 Minutes W/ The Captains	6145
BsOFk14cFgQ	20260121	1500	Are We African?? 🤔 || 15 Minutes w/ The Captains	901
sS_b_klR6UY	20260119	1786	Exposing The Elect || 15 Minutes w/ The Captains	4358
rT6ekRLGdGY	20260116	1440	The Kingdom Of Heaven Suffereth Violence || 15 Minutes W/ The Captains	8200
_hfqtIpJTIU	20260114	1290	“Èske ou ta dwe nan bay manti kòm yon kwayan? || 15 Minutes W/ The Captains	296
N_g8W7w0yr0	20260112	1206	Captivity in the New Testament || 15 Minutes W/ The Captains	1531
tO8cnLyM95U	20260109	1224	What Did Christ Fulfill? || 15 Minutes W/ The Captains	1638
3kRYOKwAaLU	20260106	988	PURPOSELY DESIGNED || 15 Minutes W/ The Captains	1933
ZBHSkBAttq0	20260102	1969	Legalism || 15 Minutes W/ The Captains	2098
tBhPAumk54g	20251231	1246	Tossed To And Fro || 15 Minutes W/ The Captains	10753
OY5PvlQscus	20251229	1105	Who Killed Christ?? || 15 Minutes W/ The Captains	2352
5pHJJkamVTw	20251227	1020	Weapons of Mass Distractions || 15 Minutes w/ The Captains	1149
uww1Ks4cTHk	20251224	1149	Married To Jesus || 15 Minutes w/ The Captains	1042
4lO97R50BuI	20251219	1261	IS PROMOTION IN THE BIBLE?? || 15 Minutes W/ The Captains	830
CbF8r0YPEKM	20251218	6582	THE LONE WOLF DIES BUT THE PACK SURVIVES || CaptainsInTheClassroom	931
X4XZbXWL7w0	20251217	1063	THE FRUITS OF CORRECTION || 15 Minutes w/ The Captains	6770
6vZJBiOWt9g	20251215	1061	MIRROR EFFECT THEY MOVE HOW YOU MOVE || 15 Minutes W/ The Captains	5952
99q0vGt1nXk	20251203	1627	All Nations Return To Their Land & Jerusalem Exalted  || 15 Minutes W/ The Captains	4435
IAB-Axx4XiY	20251201	1045	Upon All Flesh || 15 Minutes W/ The Captains	6141
Gk6K4esC6PA	20251128	839	Christ Died For The Whole World || 15 Minutes W/ The Captains	1641
MYjAAF1r9_c	20251127	1882	When The Fiery Trials Come || CaptainsInTheClassroom	8710
eEyHglgYQJM	20251126	1566	The Allegory Of The 2 Covenants || 15 Minutes W/ The Captains	1538
41QmZsO9u5Q	20251121	1157	The Integrity Of A Prophet || 15 Minutes W/ The Captains	1906
otpRZDxqmkk	20251120	6862	Overcoming Drunkenness And Drug Addiction || CaptainsInTheClassroom	1847
swrO7j4PfUQ	20251119	1305	What About Politics?? || 15 Minutes W/ The Captains	564
RUOD_FCywwU	20251117	1184	I Don't Congregate Because Of You!! || 15 Minutes W/ The Captains	2568
yBrMLTqrL7A	20251114	1151	A House Of Prayer For All People || 15 Minutes W/ The Captains	1447
aUn-PwTvIMc	20251113	5545	Standing Firm In The Faith || CaptainsInTheClassroom	1981
C9FLF1QzOvI	20251112	1205	The Adoption Of Sons || 15 Minutes w/ The Captains	567
Mn86PSbdSDI	20251110	2140	The Angels That Minister || 15 Minutes W/ The Captains	9438
uc6YyTwc9jg	20251107	900	UNGRATEFUL CHILDREN || 15 Minutes W/ The Captains	9210
M-XKU4W7ex8	20251105	1746	What My Pastor Says... || 15 Minutes W/ The Captains	1072
NQ4biwfZfRo	20251103	1370	The King And Prophets Were Mocked First!! || 15 Minutes W/ The Captains	985
WbpZ0teA8Sw	20251031	1319	WHO IS THE DEVIL?? || 15 Minutes W/ The Captains	4981
FD9XV_PO2_8	20251030	5700	The Introvert Prophet || CaptainsInTheClassroom	1638
vHc-HFURqxQ	20251029	1055	Grace Or Works: Which One For Salvation??	1990
2GY-VPid9J0	20251010	1083	Are You Wifey Material?? || 15 Minutes W/ The Captains	8541
ENzNEHJei9s	20251009	3590	Add To Your Faith Virtue || CaptainsInTheClassroom	2003
bp8eGluJHiU	20251008	1142	DO YOU WANT CONVERSATION OR COUNSEL?? || 15 Minutes W/ The Captains	3818
6IEhdesXge8	20251007	917	Handling Matters With Wisdom || 15 Minutes W/ The Captains	13485
W2zhdspu7z4	20251006	1394	Is Salvation For Israel Or Everyone?? || 15 Minutes W/ The Captains	3260
DXTLaF6xVuI	20250922	959	Ruddy || 15 Minutes w/ The Captains	1137
SrMXxp7dVzM	20241108	1667	FAKE UNTIL THE LAKE!!	2472
qN2zLYqirXk	20241107	4086	THE LOVE OF MANY SHALL WAX COLD || CaptainsInTheClassroom	1718
YdldWFuQqNU	20241106	873	WHAT TO DO WHEN YOU HATE YOUR LIFE??	3596
9BoV38778Rw	20241104	1221	THE TRUTH BEHIND HOROSCOPES	4518
lgdYyFpt60E	20241101	907	UNDERSTANDING ROMANS 4:5	16535
TRfpDdGXDMA	20241031	7634	RIGHTEOUSNESS & CONSISTENCY GO HAND & HAND	5140
4bBHByUHkq0	20241030	1314	THE WINNERS CIRCLE - BUILDING UP YOURSELVES	6008
bcqqhfcGot4	20241028	1179	I STRUGGLE WITH STUDYING	30566
kxyHXRXTmVs	20240927	1343	ROOTED IN GOOD GROUND	1709
LR-QAEVTWr4	20240926	4662	SALVATION HAS ALWAYS BEEN FOR ISRAEL || CaptainsInTheClassroom	3129
0wHM_QDYWpA	20240923	1215	PORN IS GAY!!	5083
Hf0KDz7Iuac	20240920	1134	YOUR EMOTIONS GIVE YOU BAD JUDGMENT!!	7683
bYG9bCMIJD4	20240919	8216	FROM KIDS TO KINGS || CaptainsInTheClassroom	2173
gniWAS5wdeA	20240918	1216	THEY NOT LIKE US!!	1019
fT1NroKpJzA	20240917	1681	The Beginning Stages Of Repentance	7885
pjbLmawhc3A	20240913	1096	IUIC IS NOT A DATING APP!!	2373
QWgzTJhLeZ0	20240912	5993	I KNEW YOU HATED ME || CaptainsInTheClassroom	3569
WKVe8O2Jfo8	20240911	1653	N.O.W: NEED TO OPERATE IN WISDOM	2606
T2F5o-O4tsw	20240909	1237	WHO DO YOU REALLY SERVE??	2264
YbTfY_m_UDE	20240906	997	ROCK OR SAND - GOD OR MAN|| 15 Minutes W/ The Captains || #iuic	5970
gBH0xOgYFnY	20240905	3583	THE PROMISE OF ABRAHAM'S SEED || CaptainsInTheClassroom || #IUIC	1599
CvPFBIfStZU	20240904	1379	CHARITY || 15 Minutes W/ The Captains || #IUIC	10134
N1MRiokVJv4	20240902	1395	I'M ADDICTIED TO SOCIAL MEDIA || 15 Minutes W/ The Captains || #iuic	4721
PxFWkpSGj8o	20240830	1486	WHAT FRUIT DO YOU PRODUCE?? || 15 Minutes W/ The Captains || #IUIC	1634
L4FlaTZRKWA	20240829	6779	WISDOM MADE PLAIN || CaptainsInTheClassroom || #IUIC	4031
bYfzLeRkrIg	20240828	992	CHECKING IN OR CHECKING SIN?? || 15 Minutes W/ The Captains || #IUIC	2324
hO7WZu6ol3M	20240826	1193	DO YOU BELIEVE || 15 Minutes W/ The Captains || #IUIC	6034
QYeFCw_QhKo	20240823	1893	BE IN PAIN AND LABOUR || 15 Minutes W/ The Captains || #IUIC	872
rzKlPMdGfv4	20240822	4363	THE RAMIFICATIONS OF HATRED & JEALOUSY || CaptainsInTheClassroom || #IUIC	1501
PBGOD6d9gxc	20240821	1024	DEFILED FROM WITHIN || 15 Minutes W/ The Captains || #IUIC	1281
SfDSd56GplU	20240815	5017	EVERYBODY TALKING BOUT HEAVEN AIN'T GOING || CaptainsInTheClassroom || #IUIC	1423
ICnlz0erBT0	20240814	1337	FLATTERING MANIPULATION || #IUIC	1101
tO_JSuO1H_U	20240731	1257	NEVER LOSE YOUR CONFIDENCE || 15 Minutes W/ The Captains || #iuic	32138
j--gcno2C8I	20240730	8590	THE NEW FREEDOM FIGHTERS || CaptainsInTheClassroom || #IUIC	843
1h4AFYq4mek	20240729	1309	WHAT DOES IT MEAN TO CONFESS AND BELIEVE?? || 15 Minutes W/ The Captains || #IUIC	4385
gTy5KmiivA4	20240723	4517	RECLAIMING JOHN 3:16 || CaptainsInTheClassroom || #IUIC	1062
d6Rd1UxVKsA	20240722	1666	Bearing Your Cross || 15 Minutes W/ The Captains #IUIC	4665
jOD0_cuoLoY	20240719	1545	YOUR BODY IS NOT YOUR OWN || 15 Minutes W/ The Captains || #IUIC	2013
U_4jUa7BPSk	20240717	840	MAKE NO MENTION OF OTHER GODS || 15 Minutes W/ The Captains || #IUIC	1138
ZIfUK9Gu6xQ	20240716	10797	JESUS CHRIST: MANY SHALL COME IN MY NAME || CaptainsInTheClassroom || #IUIC	1885
K5zE3LtRsew	20240712	1344	RESPECT & DISRESPECT: Children || 15 Minutes W/ The Captains || #iuic	16813
-uDKoXJbOjA	20240710	1148	Perfectly Joined Together || 15 Minutes W/ The Captains || #IUIC	2587
7ggGSyLLacc	20240709	5357	The Growing Pains of Perfection & Deliverance || CaptainsInTheClassroom	1299
81_ywYl_z-4	20240708	1538	15 Minutes W/ The Captains || YOU DON'T KNOW A BROTHER UNTIL HE GET'S MARRIED!! || #IUIC	4624
fFoJ2ztyLK0	20240628	1224	ZODIAC SIGNS || 15 Minutes W/ The Captains	1544
1wQ1HnMJFak	20240626	1045	IT WAS MY FAULT THE WHOLE TIME || 15 Minutes W/ The Captains	5759
HdD2iHygO8Y	20240625	3193	FOCUS ON WHAT YOU CAN CONTROL || CaptainsInTheClassroom	77544
jSAFCOQpV6Y	20240624	1104	INTERRACIAL MARRIAGE IS A TRAP!! || 15 Minutes W/ The Captains	1930
2nODHnM2SA4	20240621	1514	Achieving Unity Through Humility || 15 Minutes W/ The Captains	2887
uxzWrFA_tvk	20240619	1412	Recognizing Satan || 15 Minutes W/ The Captains	23794
GvMc3TBDALw	20240614	1419	Study To Be Quiet || 15 Minutes W/ The Captains	18386
06vuVCO8gPk	20240612	1608	Laziness Kills Ambition || 15 Minutes W/ The Captains	32748
lk5DTcDjdww	20240527	959	Ruddy || 15 Minutes W/ The Captains	1732
8q9LhfVyUTE	20240524	748	Don't Be A Simp!! Pt.2 || 15 Minutes W/ The Captains	1158
sguKgpx_FGQ	20240522	995	How Not To Be A Simp Pt.1 || 15 Minutes W/ The Captains	2985
p_0Ms7z3kPg	20240517	1517	15 Minutes W/ The Captains || Dealing With Funerals || #IUIC	10898
UnW12xwMnkk	20240515	1272	15 Minutes W/ The Captains || ALL THOSE INVITED WILL NOT FEAST || #IUIC	1086
sbUj4V3WD24	20240514	4523	CaptainsInTheClassroom || Suffering, The Cup to Glory	1139
3q5zwDhcGcY	20240510	1336	#IUIC || 15 Minutes W/ The Captains || Living With Regret	11309
n7qpo4Siqk0	20240508	1025	#IUIC || 15 Minutes W/ The Captains || How Do You Handle Someone Who Mistreats You？	16591
Si1C6YvuTgk	20240506	1411	#IUIC || 15 Minutes W/ The Captains || Pride and Vain Glory: Partners In Crime	6712
yIKIAQ9jGKk	20240503	1039	#IUIC || 15 Minutes W/ The Captains || Pleased to Dwell	2523
yZmKpz_fAcs	20240501	917	#IUIC || 15 Minutes W/ The Captains || SECRET SINS & HIDDEN AGENDAS	4020
wrnDBCg1WfU	20240430	3792	CaptainsInTheClassroom || The Kingdom Within Us	1403
8i0bv6H3SYc	20240429	1388	#IUIC || 15 Minutes W/ The Captains || COMPUTER LOVE…DIGITAL ADULTERY	2963
-JeznZztBWc	20240426	856	#IUIC || 15 Minutes W/ The Captains || WHEN YOUR SPIRIT GETS WEAK || #IUIC	54336
jcwXCFy8FII	20240424	963	15 Minutes W/ The Captains || Correction VS Disrespect || #IUIC	10199
iwV_C8eEXRw	20240423	5489	Harmony In The House || CaptainsInTheClassroom	5921
adSZuWufhvY	20240422	1003	15 Minutes W/ The Captains || WHY DIDN'T AARON EAT THE SACRIFICE??	1932
iPkdJS5ebdw	20240419	1534	15 Minutes W/ The Captains || OVERCOMING A BASHFUL SPIRIT || #IUIC	6605
qcF0zCP5R1o	20240417	1618	15 Minutes W/ The Captains || I'M A SINGLE SISTER, WHO'S MY HEAD??	2353
yl6F6w6NIXE	20240415	1330	15 Minutes W/ The Captains || THE WAR IN ISRAEL	2540
xTDKe58l-uo	20240412	1053	15 Minutes W/ The Captains || In The Spirit of Reconciliation || Part 2	911
J-x3UH-cZiE	20240411	7515	CaptainsInTheClassroom || UNDER SATAN'S AUTHORITY	2023
fcuDPFQ0gIA	20240410	734	15 Minutes W/ The Captains || In The Spirit of Reconciliation || Part 1	1387
1I0ikaQkH5A	20240320	1130	#IUIC || 15 Minutes W/ The Captains || ARE YOU MAKING YOURSELF A LIVING SACRIFICE??	3319
KD6R5W-vRwA	20240318	1660	#IUIC || 15 Minutes W/ The Captains || PATIENCE WITH A PURPOSE	17411
Ho39xU2FUwI	20240313	968	#IUIC || 15 Minutes W/ The Captains || Dealing With Police	2400
cmBynyQD45s	20240311	1303	#IUIC || 15 Minutes W/ The Captains ||  Attributes of an Ambassador: Faith } Fear	1803
SyrDzh0xN1Y	20240308	1082	#IUIC || 15 Minutes W/ The Captains || A WOMAN'S TRUE BEAUTY	23156
BbTkRab88y0	20240306	1407	#IUIC || 15 Minutes W/ The Captains || THE TRUTH ABOUT PROM	2271
x3Pf4-sD0so	20240305	5853	#IUIC || CaptainsInTheClassroom || PERDITION'S OF THE UNGODLY ISRAELITES	4131
SUR7yxcOVDg	20240304	1264	#IUIC || 15 Minutes W/ The Captains || WHAT IS YOUR FEAR??	9500
NkZGSN6Cxp4	20240223	965	#IUIC || 15 Minutes W/ The Captains ||  RESTORING OUR LOST CULTURE 2	1239
OwFeR6ZKNlo	20250528	1161	Apologetics Get Dismantled In Galatians 2 || 15 Minutes W/ The Captains	1201
DS-0a0VStXo		1:08:27	Giving The Sense From A to Z: Ezekiel 4	687
kxL9HHSDlAg		1:03:18	Ezekiel 3 Continued	16
WHc14b0lpLA		1:20:58	GIVING THE SENSE FROM A TO Z | EZEKIEL 3:10-	631
hMGczOqKWMs		1:21:13	GIVING THE SENSE FROM A TO Z | EZEKIEL 2 CONTINUED	884
Xmhmn0g1PlE		1:24:52	GIVING THE SENSE FROM A TO Z | EZEKIEL 2	699
RnQ-E_bjBog		1:35:07	GIVING THE SENSE FROM A TO Z | EZEKIEL 1	917
UvhPV2VLBBE		50:17	Giving The Sense From A to Z: 2 Corithians 12:11 -	861
Ow7yVnscltg		1:06:33	GIVING THE SENSE FROM A TO Z | 2 CORINTHIANS 11:28-	584
9bHeRDzYz-c		1:22:48	Giving The Sense A - Z | 2 Cor 11:16 -	600
xzLIo4tk3Zk		1:00:35	Giving The Sense A-Z:  2 Cor 11 cont.	544
xXocgci9zRc		1:04:24	GIVING THE SENSE FROM A TO Z | 2 CORINTHIANS 11:1	586
LpdyIgOVvzk		1:01:06	Giving The Sense From A to Z: 2 Corinthians 10 Continued	954
eLFGm8S0YBo		1:01:01	GIVING THE SENSE FROM A-Z || 2 CORINTHIANS 10	583
8xZVMkVj4So		1:06:50	GIVING THE SENSE FROM A TO Z | 2 CORINTHIANS 9	762
Wk3R6ePt7Q4		56:59	Giving The Sense From A-Z - 2 Cor 8:15	691
74GzHqgu_ts		55:59	Giving The Sense From A-Z : 2 Corinthians 8:10	727
24Ri6zItP2Y		1:06:36	GIVING THE SENSE FROM A TO Z || 2 CORINTHIANS 8:1-	802
tHG7Sg_o8P0		1:24	Accountability Blueprint: Acknowledge, Ponder, Correct (Psalms 51)	33
l7ZRVZ-4jiE		1:03:38	Giving The Sense From A to Z: 2 Corinthians 7:8 -	11
ajiZAMpCVlY		1:27:22	GIVING THE SENSE A-Z || 2 CORINTHIANS 7	929
yvmUMZx83bc		1:01:07	GIVING THE SENSE FROM A-Z | 2 Corinthians Chapter 6	681
yPOg0tXl71Q		1:17:50	Gving The Sense A - Z | 2 Cor 5:6 - 21 📱	263
71-Zcl_ZstI		1:17:51	Gving The Sense A - Z | 2 Cor 5:6 - 21	653
xtGZUY2i26Q		56:13	Giving The Sense From A to Z: 2 Corithians 4-5	655
hVRcXshrCUo		59:13	GIVING THE SENSE FROM A-Z | 2 Corinthians Chapter 4	807
IG_9tm09NHM		1:18:27	Giving The Sense A - Z | 1 Cor 3 📱	308
7xOVBDW6fiQ		1:18:28	Giving The Sense A - Z | 1 Cor 3	591
m_XsubYGszU		1:06:25	Giving The Sense From A to Z | 2 Corinthians 2	1
F2xbCrcvy2M		58:42	Giving the Sense from A to Z || 2 Corinthians 1:12-	549
9wgFwseOePM		1:04:13	GIVING THE SENSE FROM A-Z | 2 Corinthians Chapter 1	932
EtmX4oPoq48		39:28	Giving the Sense from A to Z || 1 Corinthians 16	618
xbu2dczQHpM		1:14:40	GIVING THE SENSE FROM A TO Z | 1 CORINTHIANS 15:45-	806
UdMbCfOIZN8		1:08:21	GIVING THE SENSE FROM A TO Z || 1 CORINTHIANS 15:35-	693
M7d3rAWpECo		52:35	GIving the Sense from A to Z || 1 Corinthians 15:24	788
nbmPCeAjf1A		1:08:56	GIVING THE SENSE A-Z || 1 Corinthians 15:19-	663
hHHwx9bvOFI		1:26:24	Giving The Sense From A-Z: 1 Corinthians 15:5	1
Q80PqNDdmyM		1:00:56	Giving The Sense From A to Z: 1 Corinthians 15	909
T6ODLlBpG6c		1:11:34	Giving The Sense From A to Z: GIVING THE SENSE FROM A TO Z || 1 CORINTHIANS 14:11-	824
TesftQCyhag		1:06:46	Giving The Sense From A To Z || 1st Corinthians 14	13
3rJUx7PrCUM		1:24:28	Giving The Sense From A to Z: 1 Corinthians 13	15
oXToRY7jI94		1:03:53	GIVING THE SENSE FROM A TO Z || 1 CORINTHIANS 12:10-	695
8bjTBsELxFE		1:07:48	Giving The Sense From A to Z 1 Cor 12:3-	751
sG0tTEtGuwI		1:18:23	Giving The Sense A to Z  | 1 Cor 12: 1 - 2	695
VJ9UiaNuvQA		1:11:47	GIVING THE SENSE FROM A TO Z || 1 CORINTHIANS 11:19-	977
jNpIBCLRim8		1:16:26	Giving The Sense From A to Z: 1 Corinthians 11	27
uUDMYUVdSEs		1:24:48	Giving The Sense A - Z | 1 Cor 10	12
hZO8yfeutk4		1:24:47	Giving The Sense A - Z | 1 Cor 10 📱	436
L2d1Lbav9pM		1:56:40	Where Was John 3:16 & Gal. 3:28 || Mic'd Up: The Avengers Podcast	37
oPYGeScbJX8		1:20:50	Giving The Sense From A to Z: 1 Corinthians 9	2
-CBWAr699Z8		1:03:02	Giving the Sense From A to Z || 1 Corinthians 8:1	1
pCQPYM4k_B4		2:05:23	A Nation Without Leaders || Mic'd Up: The Avengers Podcast	32
RbO2eiX7Isc		1:02:29	Giving the Sense from A to Z || 1 Corinthians 7:29-	1
PGz1foFr1DI		1:57:57	Attention Seekers!! || Mic'd Up: The Avengers Podcast	26
MGCps1y5By4		1:06:13	Giving The Sense From A to Z |1 Corinthians  7:21-	987
90aeybkudWk		1:02:24	Giving the Sense from A to Z || 1 Corinthians 7:10-	14
ZspA_MWtqQ4		1:10:28	Giving The Sense From A-Z 1 Corithians 7:1-	835
x8mUEZO4XDk		1:23:48	Giving The Sense A - Z | 1 Cor 6: 12 - 20	11
AnQU6zjBRU4		1:04:00	Giving The Sense From A to Z: 1 Corithians 6:11	831
lJYSM1KMaEk		1:15:01	GIVING THE SENSE FROM A TO Z || 1 CORINTHIANS 6:1-10	18
xIr12sjVlBk		1:29:58	Giving The Sens A - Z | 1 Cor 5	13
mt-4Muzg7_o		1:03:03	Giving The Sense From A to Z: 1 Corinthians 4:9-	16
iDrCjOY7Wak		1:23:15	Giving The Sense From A to Z: 1 Corinthians 3:9-	15
1UYsYybqbLA		1:12:23	Giving The Sense From A to Z: 1 Corinthians 3	19
qOOJj7k1f3M		1:01:02	Giving the Sense from A to Z || 1 Corinthains 4:1-	799
gRrhGCbvUEs		1:01:05	Giving the Sense From A to Z || 1 Corinthians 2:9-	905
FqhCoA0ITn0		1:05:11	GIving the Sense from A to Z || 1 Corinthians 1:29-	776
vLoOravXu3g		1:06:25	Giving The Sense from A to Z 1 Corinthians 1:22-	12
v7XuSjiu9TI		1:07:22	Giving The Sense From A to Z: 1 Corinthians 1:18-	17
QoQKAY3Ahk0		54:52	Giving The Sense From A-Z: 1 Corinthians 1:16	15
m9iqAx0PJkk		1:08:56	Giving The Sense From A to Z | 1 Corinthians 1	21
eKq6HA9tnhc		51:43	Giving the Sense from A to Z || Colossians 4:7-	841
Wgk_z4A1EO4		1:01:53	Giving The Sense From A to Z: Colossians 4	23
aAxAUqCGwCU		1:10:47	GIVING THE SENSE FROM A TO Z || Colossians 3 Finale	13
fZLCKb8_2_k		1:02	GIVING THE SENSE FROM A TO Z || Colossians 3 Finale	266
_aDCv9UsNao		1:13:08	Giving The Sense From A to Z | Colossians 3: Continued	1
AWc6EhWaDOQ		1:03:34	Giving The Sense From A to Z: Colossians 3:5-	32
9dtYJ3HUqtY		1:40:41	Stop Hating On God's Greatness!! || Mic'd Up: The Avengers Podcast	24
PzXZKv_b8us		1:07:37	Giving The Sense From A to Z: Colossians 2:21-	19
LAakVwaV_VQ		53:17	Giving The Sense From A-Z: Colossians Chapter 2:14	12
dieeZCZzYPg		1:04:34	GIving the Sense From A to Z || Colossians 2:9-	1
be5nA8ZewWw		59:11	Giving The Sense From A to Z: Colossians 2 Continued	13
G7lwR5ruYJg		1:16:27	Giving The Sense From A to Z || Colossians 2:1-3	15
A7o1hpug-n0		1:10:21	Giving The Sense A - Z | Colossians 1:17 -	11
KYbklT8JIt8		1:50:05	The Oppression In Black Churches || Mic'd Up: The Avengers Podcast	3
GCqu8FdkKt8		1:02:24	Giving The Sense A to Z: Colossians 1:14-	31
AZ2mJc6PIc0		58:41	Giving The Sense From A to Z: Colossians 1	23
99Jqrk1_irM		1:08:38	Giving The Sense From A to Z: Luke 24:27 -	17
rHvTSjO18X4		1:13:58	Giving The Sense A - Z | Luke 24 -	1
aYxtdhG5mPg		1:35:40	All For The Love of YT Jesus || Mic'd Up: The Avengers Podcast	34
YERICqJxPmw		1:09:32	Giving The Sense From A to Z: Luke 23 Continued	17
_O4s0HaETDM		59:52	Giving The Sense From A to Z || Luke 23	1
Vwj8i-cjur8		59:17	GIving the Sense from A to Z || Luke 22:25-	850
VBLrob9DcMs		50:05	Giving The Sense From A-Z: Luke Chapter 22	1
-aRd6ScFmC4		2:04:22	Christians Are Emotional, Not Biblical || Mic'd Up: The Avengers Podcast	38
zZul-3GonoU		1:19:11	Giving The Sense A - Z | Luke 21:29 -	11
D9_-lHlA25E		58:24	Giving the Sense from A to Z || Luke 21:25-	897
ro0Wrkh6brA		1:03:12	Giving the Sense from A to Z || Luke 21:16-	856
KIzooWjiPcI		2:05:30	2819 Church Is A REAL CULT!! || Mic'd Up: The Avengers Podcast	69
tDBf_MOlc34		1:06:05	Giving The Sense From A to Z: Luke 21	17
5WqUcxXQDoA		1:44:39	GIVING THE SENSE || Luke 21	15
AWfPWwqdlUo		1:03:17	Giving The Sense From A to Z | Luke 20:27-	13
iDnm_FW49uY		1:10:40	Giving The Sense | Luke 20:21 -	14
emb1HsiNYt4		2:07:26	American Chaos Defending Latinos || Mic'd Up: The Avengers Podcast	92
Zjl-QryANzA		1:07:25	Giving The Sense From A to Z: Luke 20:9-	2
G2Wor_9RNzA		42:09	Giving The Sense From A-Z: Luke Chapter 20	14
riw1PzDC_tY		1:01:59	Giving The Sense From A to Z: Luke 19	11
PsPg5BzShFA		59:29	Giving the Sense from A to Z || Luke 18: 15-	846
ZX8h7KOFdLI		15:22	A Prophets Purpose || 15 Minutes W/ The Captains	34
4hHKlVYrNDY		1:04:36	Giving The Sense From A to Z: Luke 18	832
Fsxl4PAufRU		2:04:41	THE WORLD NEEDS THE ISRAELITES || Mic'd Up: The Avengers Podcast	48
BgFf1lJDA2M		23:15	Salvation For Everyone Or Israel?? || 15 Minutes W/ The Captains	89
TwsZpNYMQKk		27:38	What Compares To The Wickedness Of A Woman?? || 15 Minutes W/ The Captains	56
ag7BtoYEgsE		1:11:17	WE ARE NOT A HATE GROUP || CaptainsInTheClassroom	652
HVsnoBYO2Ek		1:27:17	Giving The Sense From A to Z: Luke 17 Continued	19
Ik6iu2dgPxY		1:15:34	Giving The Sense From A-Z: Luke Chapter 16:-17	13
-oQydR-lBP4		2:18:11	“Is IUIC A Hate Group? Prove It!” || Mic'd Up: The Avengers Podcast	66
k19BkXpXL9o		22:04	Apologetics Get Dismantled In Galatians 1 || 15 Minutes W/ The Captains	21
XxjzEXvqQOg		17:11	Perilous Times Afoot || 15 Minutes W/ The Captains	34
GBGkZgQJp9E		18:05	SILENT ADDICTION || 15 Minutes W/ The Captains	95
nBi7sP41j1I		1:31:48	Novice To Noble || CaptainsInTheClassroom	23
0L9ELxS8Bl4		54:51	Giving the Sense from A to Z || Luke 16	18
2SvJG2Qskhg		25:50	The Third Woe || 15 Minutes W/ The Captains	2
tOUFMyIt7mo		2:00:36	Why I Left IUIC and The Israelite Movement || Mic'd Up: The Avengers Podcast Ep. 5	12
jLBLavSsXkg		1:26:25	Giving The Sense From A to Z	26
5z0cRDQC1wQ		17:11	The Undeniable Trauma Of Whoredom || 15 Minutes W/ The Captains	19
qD2mNjI84cU		23:46	Running A Successful Business In The Truth || CaptainsInTheClassroom	43
IAf-MwK-qiU		1:00:56	Giving the Sense from A to Z || Luke 16	811
aXD78Hz40qE		1:24:20	The 4 Appetites Of A Righteous Man || CaptainsInTheClassroom	57
UAvAIkBWCO4		1:15:36	Giving The Sense A - Z | Luke 15:21 -	12
6kO04VDPHI8		22:33	Godly Counsel || 15 Minutes w/ The Captains	38
K4e2b7GQJ7c		1:10:12	Giving The Sense From A to Z || Luke 15: The Prodigal Son	18
-viqu6Z_v64		22:05	Abounding In Christ || 15 Minutes W/ The Captains	56
SAVX_r6r9z4		1:02:30	Giving the Sense from A to Z || Luke 15	981
4J7F0hKtsvM		24:19	Couch Crooks || 15 Minutes W/ The Captains	24
Baf9lYy4vOU		20:22	His Own Received Him Not || 15 Minutes W/ The Captains	20
eJOTHNoanFg		1:02:31	Giving the Sense from A to Z || Luke 14:15-	793
6xG_FWvEDfU		1:01:15	Giving the Sense from A to Z || Luke 14	1
WMSUAmAOkZY		25:34	Are Israelites Today Like The Pharisees Of Old ?? || 15 Minutes W/ The Captains	21
5RfZBF0IU1Q		1:37:48	Racial Loyalty From The Messiah's Prospective Mic'd Up: The Avengers Podcast	66
ivvdl23w5pI		1:03:19	Giving the Sence from A to Z || Luke 13:22-	11
tUvXiUozp6I		20:09	We Are Not Under A School Master || 15 Minutes W/ The Captains || #iuic	16
hMHR0XKqSJ0		19:47	Seek Counsel  || 15 Minutes W/ The Captains	58
9h3eh336JwE		1:05:16	Giving The Sense From A to Z | Luke 13:11-	13
QIUcYl35BdM		2:55:39	Revolutionary Thoughts & Actions || CaptainsInTheClassroom	24
IWVwkDh6Ris		1:18:18	Giving The Sense | Luke 13:1 -	14
lC76Wu-YjxM		19:07	Agree Together || 15 Minutes w/ The Captains	51
cBbCFS1JtCQ		2:00:33	Mic'd Up: The Avengers Podcast - "Cults & Clowns"	38
Hpkru6CQwgU		19:44	Why We Teach in Africa || 15 Minutes W/ The Captains	12
mqOUMu9De7M		35:40	WAR DOGS || 15 Minutes W/ The Captains	59
Thr1ZXt2DLg		1:08:32	Giving The Sense From A to Z | Luke 12:22-	15
BFsBt8q4vX0		1:32:41	Its The Truth, A Fight For Your Life || CaptainsInTheClassroom	3
K1H5-hkEKZI		1:39	Mic’d Up Podcast: Prepare For The End!! #AvengersPodcast	24
W1Df2roFEs8		31:14	Giving The Sense From A to Z | Luke 12:13-	15
5WnhRdpyE28		24:10	The Kingdom Of Heaven || 15 Minutes w/ A Captain	42
dPYz_vEgMsU		1:57:29	Mic'd Up: The Avengers Podcast - "France vs. IUIC"	16
2bEXym-O04Q		1:01:23	Giving The Sense From A to Z: Luke 11:50-	18
WYvAlwmV-tY		21:42	Reconciliation For One Nation || 15 Minutes w/ The Captains	49
cpGuasDagK4		17:50	A MAN WITHOUT FEAR || 15 Minutes W/ The Captains	64
wuvVUyOndKY		59:00	GIVING THE SENSE FROM A TO Z || LUKE 11:33 CONTINUED	986
mEeREWf2bkA		56:53	The Thief, The Enemy, Thine Adversary || CaptainsInTheClassroom	12
jYXIMyN6g5s		1:20:11	Giving The Sense From A To Z: Luke 11:26- (Continued)	19
BtV89tzRRz8		26:14	Virgin Birth? Well Explain These Scriptures... || 15 Minutes W/ The Captains	12
nPBT-JNVgbM		1:07:17	Giving The Sense From A to Z: Luke 11 continued	18
vXkx87JC5BA		1:45:07	Rise From The Ashes Of Failure & Regret || CaptainsInTheClassroom	3
P-O7dOeQECE		33:33	Giving The Sense From A to Z: Luke 11 Continued	16
QBtLUDEcElA		35:05	The Emancipation From Edom || 15 Minutes w/ The Captains	68
ncLGyx3t2wI		18:38	Who Wrote The Bible?? || 15 Minutes W/ The Captains	84
qsPt1CxXZyw		19:08	Faith & Works Go Hand & Hand || 15 Minutes W/ The Captains	51
Ef2-7BKUlH8		2:17:50	Santeria Is Not Latino Culture!!! || CaptainsInTheClassroom	24
d_OsAr39Rtk		1:23:58	Giving The Sense | Luke 11:3 - 4	11
hRIs_9c3kxI		19:02	Be GREAT With God NOT THE WORLD || 15 Minutes W/ The Captains	23
d5jsUAsRKcI		16:31	THE WHOREDOM OF SWEET 16'S || 15 Minutes W/ The Captains	18
sxhcMFZC7G8		1:54:47	SELFISHNESS IS THE SPIRIT OF MURDER || CaptainsInTheClassroom	31
8P6KpyvURpE		31:19	ROMANS 3:23 EXPLAINED || 15 Minutes W/ The Captains	49
18Q2VuVS0zI		1:08:41	Giving The Sense From A To Z: Luke 11	12
fpzc5U3a9ZE		19:34	Wisdom Is In Humility || 15 Minutes W/ The Captains	59
a-kK1WLruM4		19:01	You Left God's Plan For The Hyena Clan || 15 Minutes W/ The Captains	16
jARgZqTihJs		58:54	Giving The Sense From A To Z: Luke 10:3-	14
AfvMVGBXHAY		1:19:24	Giving The Sense | Luke !0:1 -	11
4kpOC1FCtM4		27:33	N.O.W (Need to Operate in Wisdom) || 15 Minutes W/ The Captains	5
ZzgWbcO3c5A		1:11:12	Giving The Sense: Luke 9:25-	2
i01OhUuWi6w		22:34	TRUE FRIENDS || 15 Minutes W/ The Captains	12
JMn5PyahHZk		28:05	She’s For The Streets Bruh || 15 Minutes W/ The Captains	41
7zrFly8UQtc		59:36	Giving The Sense From A-Z: Luke Chapter 9:22-	17
RN0FM7YgHOk		34:03	Giving The Sense From A to Z | Luke Chapter 9 (Continued)	937
iliwwjLXXlM		16:59	Galatians 6 Vs 1 || To Restore & Not Destroy	55
hF7YRhVw8dc		2:56	GIVING THE SENSE FROM A-Z: Luke 8:33-	230
D2K5H4RI09E		47:35	GIVING THE SENSE FROM A-Z: Luke 8:33-	14
QohU8zdfA4w		1:13:19	Giving The Sense A - Z | Luke 8:17 -	13
_c1vWvn8cz0		57:56	Giving The Sense: Luke 7 Continued	24
WhCsaWRXjHI		17:44	Psalm 34: THE LORD IS GOOD || 15 Minutes w/ The Captains	56
1S31d6N4L4k		16:28	The Letter Killeth || 15 Minutes W/ The Captains	34
LoZgrj60eWs		18:06	Mentally Abused Women || 15 Minutes w/ The Captains	4
GpkDwtQdz4g		24:18	Giving The Sense From A-Z: Luke Chapter 7 (Continued)	19
LqpJaUxSD14		30:00	Giving The Sense From A-Z: Luke Chapter 7 (Continued)	13
WqOTgu0SQCk		19:36	Remember Ezekiel’s Wife || 15 Minutes w/ The Captains	18
KORpjp3lWvw		1:11:05	Giving The Sense From A-Z: Luke Chapter 7	17
og7TE2c_KxY		1:25:58	Giving The Sense From A to Z | Luke 6 (Continued)	25
WjyYC-UScd0		13:32	Are You Committed?? || 15 Minutes w/ The Captains	61
ltjL3pGPxP0		25:55	Rooted in Faith || 15 Minutes W/ The Captains	16
uNeQjopOUfk		1:04:29	Giving The Sense From A to Z: Luke Chapter 6	17
PrcmrERY-JI		2:03:54	Is Your Soul For Sale? || CaptainsInTheClassroom	12
jV15lJSvUdY		1:15:22	Giving The Sense A - Z | Luke 5:16 -39	14
cWjmIvfC_EY		24:04	Meekness Is Not Weakness  || 15 Minutes W/ The Captains	37
3imwCqGHTWg		38:07	Is TRUMP The Antichrist?? || 15 Minutes W/ The Captains	30
6mClwetkKCQ		35:14	Latino's F'd Around & Are Finding Out || 15 Minutes W/ The Captains	11
dyhOThF5wxc		1:01:31	Giving the Sense From A to Z | Luke 5	19
VuXP93wYbCM		1:39:32	The Exhaustion Of The Representative || CaptainsInTheClassroom	45
5JoYuHjP0yw		26:43	Alcoholism (Neuropathy, Genetics & A Destroying State) || 15 Minutes W/ The Captains	26
gDqXGeSb_oA		16:12	Beware Of Riches || 15 Minutes w/ The Captains	36
z0Hcg3fO3dw		20:33	Being Merciful || 15 Minutes W/ The Captains	23
70kGKupHbKg		1:03:20	#IUIC | Giving The Sense from A to Z Luke 4	21
9wTMXfGkS3o		1:01:16	Hell Mary || CaptainsInTheClassroom	16
6KV4Iqy8IJI		17:52	You're So Guarded You're Alone || 15 Minutes W/ The Captains	64
RFB7lxkd5BM		37:27	Giving The Sense From A to Z: Luke 3 Continued Pt. 2	23
xrMUyM5gVFg		33:52	Giving The Sense: Luke 3 Continued	23
WDp1IlpZLCw		23:33	Is Your Prayer Being Heard? || 15 Minutes W/ The Captains	71
Er1fVI2da-w		23:12	FAKE FRIENDS || 15 Minutes W/ The Captains	15
Utn1WmdWOMU		57:56	GIVING THE SENSE | LUKE 2...CONTINUED	15
VyopQRK-fbw		1:04:21	Two Wolves: This Is The Battle  || CaptainsInTheClassroom	18
euB-YtGZ8a0		1:11:20	Giving The Sense A - Z | Luke 2:9 -	12
j5iSh66jkWk		18:44	Deborah the Prophetess || 15 Minutes W/ A Captain	95
zjL9F48C_Vg		44:02	Giving The Sense From A to Z | Luke Chapter 2	18
d5qw3nswAJA		14:22	Affliction Brings Salvation || 15 Minutes w/ A Captain	11
3o09BEr20NQ		1:24:16	The Relationship Between Discipline & Potential || CaptainsInTheClassroom	10
qTmpORodCG8		1:06:06	Giving The Sense From A to Z | Luke Chapter 1 Continued	22
YnNAPAbnd2M		1:05:46	Giving The Sense A - Z | Luke Chapter 1	24
lR1phPW6rUE		18:36	Galatians 2 In A Nutshell || 15 Minutes w/ A Captain	47
goIVguWzQMw		1:00:28	Giving The Sense A to Z: Revelation 22 continued	39
tS3lWhlCOlE		18:58	Dealing With Incest || 15 minutes w/ A Captain	42
_JwWJ0gytH4		16:54	The Understanding Of John 1:11 || 15 Minutes w/ A Captain	10
j9lDKjIi6EA		1:44:31	The Savour Of Life & Death ||CaptainsInTheClassroom	18
OcwJJD4VDmE		1:05:11	#IUIC || GIVING THE SENSE FROM A TO Z || Revelation 22 Continued	27
OaPzvTe8G9I		20:58	The Talebearer || 15 Minutes w/ The Captains	28
Fc1YwkZoIp8		1:29:41	GIVING THE SENSE FROM A TO Z || Revelation 22	26
QiREzPS2Xwg		28:49	Terrorist || 15 Min w/ A Captain	18
6NRHO63txKk		1:10:34	Giving The Sense From A to Z: Revelation 21:9	71
DQvF1XG9ehs		19:54	New Year’s Resolution || 15 Minutes w/ A Captain	54
rUen3tkdwzU		58:10	Attributes Of A Disciple || CaptainsInTheClassroom	2
cdVK2plhEKo		21:43	Prophecy Unfolding: The END is Coming!! || 15 Minutes W/ The Captains	26
It45coBiNGY		52:08	Giving The Sense From A to Z: Revelation 20:11-	1
SESxBUyTe_8		22:12	Spiritual Report Card  Analysis and Feedback || 15 Minutes W/ The Captains	37
UiOWWrS_vyE		1:26:23	Fear, Uncertainty, Doubt || CaptainsInTheClassroom	37
2cJAIXuO8RM		1:00:26	Giving The Sense A - Z | Revelation 20:5 -	16
8nZvuvXc_jY		19:47	Turn The Other Cheek Means?? || 15 Minutes W/ The Captains	12
YJul-DF76kw		1:20:49	Giving The Sense From A to Z: Revelation 20	72
oWJ2pI7N90o		16:41	JOHN 3:16 MEANS?? || 15 Minutes W/ The Captains	54
P8qrLqBo5_s		1:10:51	Giving The Sense From A to Z: Revelation 19:11-	58
36hcK9bNKF8		58:11	#IUIC || GIVING THE SENSE FROM A TO Z || Revelation 19	31
NGy-t4RLO00		32:27	SEX || 15 Minutes W/ The Captains	15
jTjmacbhQHg		1:16:46	Giving The Sense From A to Z: Revelation 18 Continued	27
p7yZuN9Sj7U		32:27	DO YOU HAVE A CONSCIENCE?? || 15 Minutes W/ The Captains	14
u0XRasRdXDc		1:08:06	Giving The Sense From A to Z: Revelation 18	16
RbQvIETezDw		1:01:23	The Battle To Overcome Sin || CaptainsInTheClassroom	976
c-eec1fSDfo		1:15:36	|| Giving The Sense  Revelation 17:13 -  || #IUIC	13
TAb8je70Loo		38:51	CHASING ILLUSIONS - WHEN BETTER ISN'T BEST || 15 Minutes W/ The Captains || Captain Joel	19
-JWQAqjc9WE		3:11	Giving The Sense From A to Z: Revelation 17 Continued	501
hjg8potbz1w		1:10:20	#IUIC || GIVING THE SENSE FROM A TO Z || Revelation 17:1-	18
j2RS6OIos20		19:00	TIME TO MAN UP AND STAND UP || 15 Minutes W/ The Captains || Captain Seriyah	13
1QsNDbav2g4		1:10:31	LOOK IN THE MIRROR: Accountability and Blameshifting || CaptainsInTheClassroom	47
Dv4w9zq4zz0		1:11:19	#IUIC || GIVING THE SENSE FROM A TO Z || Revelation 16:13-	31
4irBEjCoSb0		17:41	QUEANS NOT QUEENS CHASTE NOT CHASED|| 15 Minutes W/ The Captains || Captain Matthew	17
9jIjc6dlLhw		41:10	GIVING THE SENSE FROM A TO Z || Revelation 16 continued	11
1Cdko_Y6SKY		50:55	GIVING THE SENSE FROM A TO Z || Revelation 16	18
hPjpzoPN4oA		28:53	PIECES TO THE PUZZLE || W/ CAPTAIN EREL	13
Y8Uli1reSPw		1:11:38	Giving The Sense From A-Z: Revelation 15:5-	16
LFirq94_Zjs		1:11:04	Giving The Sense | Revelation 15:3 - 4	14
pHW5iimf5pU		21:04	THE DARK AGES || W/ CAPTAIN YADAYA	24
x1b8OUYpWwk		1:14:13	Giving The Sense From A to Z: Revelation 15	23
1SMoBSBjrhM		17:59	STRONG BLACK WOMEN || W/ CAPTAIN GAD	1
pXE0D_zqoC0		1:20:27	Giving The Sense From A-Z: Revelation 14:9-20	14
FzQo3uu16d4		59:32	#IUIC || GIVING THE SENSE FROM A TO Z || Revelation 14	43
U5f19UIk210		1:19:35	GIVING THE SENSE FROM A TO Z || Revelation 13 Finale	24
F0ADven-eUI		1:04:28	#IUIC || GIVING THE SENSE FROM A TO Z || Revelation 13:1-	2
7lBVx6-umEM		1:14:46	Giving The Sense A - Z | Revelation 12:11 -	19
4EL124JV1CA		1:39:41	HISTORY IN THE AM | Your Vote Won't Trump Prophecy	34
329Sh8wWoO4		1:06:17	Giving The Sense From A to Z: Revelation 12:8-	26
6RDoAwDl2A4		1:31:14	HISTORY IN THE AM | THE PROPHETS: Moses Pt. 3	19
iNqnmmRzDuo		1:00:53	Giving The Sense From A to Z | Revelation 12	19
7zFgFXU-KNA		1:06:44	Giving The Sense   Revelation 11:4 -	16
X-WkiWgQ2B4		1:06:15	The Giving Sense From A-Z: Revelation 10:8-	22
dATyf_JhhYQ		1:02:49	#IUIC || GIVING THE SENSE FROM A TO Z || REVELATION 10:1-7	22
UR00LvVwyb8		1:10:59	History In The AM : Merchants Of The West	552
v_6kjdh0SAA		1:08:31	Giving The Sense: Revelation 9:15-21	23
Ln09-Hh700U		1:04:23	Giving The Sense From A to Z || Revelation 9: 7-14	17
hc9bTDV6P-I		1:02:35	History in the AM || Acts 9 - The Road to Damascus	12
_usZqM2Fb1E		53:08	GIVING THE SENSE FROM A TO Z | Revelation 10	13
3k6bCfSGTAM		50:15	GIVING THE SENSE FROM A-Z: REVELATION 9:1-8	13
YBqvvrJVpWo		33:57	|| History in the AM || The Persecution & Road to Damascus	926
7UHEx1eDEoE		1:13:32	GIVING THE SENSE FROM A TO Z || Revelation 8	18
EUZzLowMuxM		57:04	GIVING THE SENSE FROM A TO Z | REVELATIONS 7:4-17	16
IjV8Tjbzz9I		2:53	3,000 Pagers Explode #Lebanon | Pope Francis One World Religion | WOTW Ep 111	530
hqkKyF0cMnI		58:09	Giving The Sense: Revelation 6:12 -Revelation 7:4	15
_iHNP-7eZHY		1:18:16	HISTORY IN THE AM | Bring Judah To His People Part 2	769
nFK1PILSAhE		1:38:19	HISTORY IN THE AM | THE PROPHETS: Moses Pt. 2	19
TN27n8BtBGU		59:24	Giving The Sense: Revelation 6:7-11	25
pYXyPw474mk		1:04:24	History in the AM || Acts 8 The Persecution	19
F90z98cfPXU		55:58	Giving The Sense From A to Z:  Revelation 6:1-6	25
Rq0fN8zWJ4Q		2:24:04	HISTORY IN THE AM | THE PROPHETS: Moses Pt. 1	44
umwTR1Ky0sA		1:23:41	History In The AM: Three Waves of Conquest	15
r1oVHe_hCdA		1:06:01	HISTORY IN THE AM!: Bring Judah To His People! Pt.1	796
dB_NBtUIN5U		53:32	Giving The Sense From A TO Z | Revelations 5	12
q48GEpEhPP8		1:00:18	Giving The Sense From A to Z: Revelation 4	35
oIus03dbcUc		57:00	History in the AM || Acts 7: They Hate The Holy Ghost & History	11
__W5uEkW0Tg		1:03:46	Giving The Sense From A to Z || Revelation 3:14-21	17
uC2wK3uZiyI		2:20:02	HISTORY IN THE AM | THE KINGS OF ISRAEL | The Carrying Away Into Babylon Finale: Zedekiah Vs. Jer…	19
DLnAmKSeesM		1:47:42	HISTORY IN THE AM | Lamenting Indians Of The West	650
TaGvotjT7gE		1:03:55	Giving The Sense From A to Z: Revelation 3:10-14	837
Ds2_wDsWKu4		1:15:13	History In The AM! : The Sins of The Land! Pt.3	540
Opx-QI45v6Y		52:09	#IUIC || GIVING THE SENSE FROM A TO Z || Revelation 3:6-9	967
l0MmEnqHn2w		54:49	GIVING THE SENSE FROM A TO Z || Revelation 3:1-5	17
a3mL7Ooe0Lg		1:26:02	GIVING THE SENSE FROM A TO Z || Revelation 2:17-29	26
9DMceTi45Vg		59:26	GIVING THE SENSE FROM A TO Z | Revelation 2:12-17	19
5Yatlu0sezM		59:13	GIVING THE SENSE FROM A TO Z || Revelations 2:6-11	14
e5qCyVD3Ihk		1:03:25	Giving The Sense From A to Z: Revelation 2:1-5	33
VJgWsRV1u-4		1:03:14	Giving The Sense From A to Z: Revelation 1:9-20	34
5s9IUI4qEMM		1:23:31	Giving The Sense From A to Z || Revelation 1:1-9	35
pSP1pVnqfkU		1:17:19	History In The AM: Sins Of The Land/My Cruel Enemies	789
gQE4NQWpTwI		1:34:36	History In The AM! : Sins Of The Land	748
dnFE5Yx5JJk		1:05:50	History in the AM: ACTS 6 and the False Witnesses	36
qaa6UvcWfts		56:19	GIVING THE SENSE: EZRA 2	11
qEg1TPrrxUY		44:33	#IUIC | Giving The Sense From A-Z | John Chapter 1 Continued	18
vo_fmwEnWNM		2:01:00	History In The AM! : The Fall Of Ephraim Pt.3 Violence In The City	783
pdiQbe8G3qk		1:24:11	HISTORY IN THE AM | THE KINGS OF ISRAEL: The Glorious Passover & Infamous Meddling of Josiah	1
RqkP8_YcSAM		59:45	Giving The Sense: Matthew 17	15
-T6rycD21G4		1:07:56	History In The A.M | Baruch Chapter 1 | Baruch's Message to The Captive Israelites	971
flmJF95SfzU		1:00:26	|| Giving the Sense A to Z: Romans 3 Cont. || #IUIC	17
zlu0UmZlqRI		1:19:38	HISTORY IN THE AM | THE KINGS OF ISRAEL: Josiah’s Reform	14
xZnl8obO7Uw		1:06:28	History In The AM: The Dissimulation of Peter	875
gdMySTGsGW8		1:44:33	HISTORY IN THE AM | THE KINGS OF ISRAEL: Wicked Amon & Intro to Josiah	15
UUjWRrRGQaM		1:31:22	History In The AM! : Downfall Of Ephraim Pt.2	732
aqECAqHN3eg		1:06:51	#IUIC | Giving The Sense From A-Z | John Chapter 1	39
PBqexUGldno		46:32	#IUIC || Giving the Sense A to Z: Romans 3 ||	34
z3qngAZU9CU		12:37	#IUIC || Giving the Sense A to Z: Romans 3 ||	895
QCiJu-Jeks4		1:08:44	HISTORY IN THE AM | Persia to Grecia	11
LuG6tke0fTc		1:35:04	HISTORY IN THE AM | Downfall Of Ephraim	942
46A41Dl3BQk		1:02:54	Giving The Sense From A to Z: Colossians 2 Continued	13
I4Gg7NL68aw		1:43:23	History In The Am! Riches Are Not Comely For A Niggard!	844
fAPSu1I4WvM		1:07:15	#IUIC || GIVING THE SENSE FROM A TO Z: 1 John 5	29
cC67Yi6Ff3A		1:44:24	History In The AM! : Amos 1:4, Fire On House Of Hazael	13
TUHfwFxc-YI		1:03:09	Giving The Sense From A-Z: Galatians 5 continued	32
UkG_bZM9nfM		1:44:50	History In The AM: 2 Esdras 13:40-45	2
oyjAB-9-x9A		1:02:57	Giving The Sense From A to Z: Colossians Chapt 2 pt1	16
-eK1oyX1aU8		1:42:27	HIRTORY IN THE AM | THE KINGS OF ISRAEL: Manasseh the Monster	17
tmRazqH9lxk		1:10:38	Giving The Sense From A to Z: Galatians 5	58
ugrwH7VUsjU		47:49	#IUIC || Giving the Sense A to Z: Romans 2 (Cont)	34
ErR3AKYNaPU		2:00:39	HISTORY IN THE AM | Grace: Play At Your Own Risk!	2
A2FZvKf1TFQ		1:10:12	History In The AM: Book of Ruth pt1	21
uh7FUM1lMZA		1:06:04	Giving The Sense From A to Z: Colossians 1 pt 2	11
e8Yh5LE58g0		1:23:59	History in the AM | The Baggage of Bitterness	19
s6kVUzUeYAA		1:42:45	HISTORY IN THE AM | Sinners And The Women Who Support Them	13
MKbub3ew798		1:22:34	History In The AM: The Emancipation Falsification	15
LiVsSmj8s7Q		55:54	HISTORY IN THE AM | The ACTS of False Witnesses & Faith	17
QyAMJ354_io		1:33:22	HISTORY IN THE AM | THE KINGS OF ISRAEL: Hezekiah: Issues From Death	15
ZZyc1Xo26S8		3:48	Daily Bread | Do You Really Trust In God?	305
tPeaGdRTSgo		1:47:47	HISTORY IN THE AM! : Israel! Share Your Mourning With Your Oppressors!	1
IsjUrpearaw		58:11	HISTORY IN THE AM | The ACTS of the Intolerable Gospel	15
U0C325SV5G8		1:03:48	Giving The Sense From A to Z: Colossians 1 pt 1	14
u7XKSIuzs08		55:20	History in the AM | Tobit 14 : A Father's Final Advice	1
ReBYeFsbreg		1:49:23	HISTORY IN THE AM | Persian & Median Captivity Pt. 7	12
WcCD66dGci8		1:05:09	#IUIC || GIVING THE SENSE FROM A TO Z: 1 John 4	27
zS8G9l4Hw6c		57:46	#IUIC || Giving the Sense from A to Z: Romans 2	31
LfpwKtlvpGI		1:00:37	#IUIC || GIVING THE SENSE FROM A TO Z || Hebrews 12	16
ahnZpT1Xu4s		1:30:46	HISTORY IN THE AM | THE KINGS OF ISRAEL: The Army From Heaven Defends Judah	21
MFuH9oZroAg		51:07	HISTORY IN THE AM | THE KINGS OF ISRAEL: The Proverbs Which The Men of Hezekiah Copied Out	13
uyfN4XjOLQ0		1:00:57	GIVING THE SENSE FROM A TO Z || 1 Corinthians 7	26
HJAXY8Zk4H8		1:03:36	History in the AM : Tobit 13 | Pathway to Salvation	17
VipOfW5MgGk		54:40	EZRA 3	12
dKQCqYH09EU		1:46:08	HISTORY IN THE AM | How Ephraim Became Not A People	17
8w_mjwGZH7s		1:02:20	HISTORY IN THE AM | The ACTS of the Intolerable Apostles	23
wsod4pbEAg0		1:05:12	Giving The Sense From A-Z: Sirach 25	45
xBgs6XBWzX4		1:00:05	#IUIC || GIVING THE SENSE FROM A TO Z || Hebrews 11 cont.	13
0SO11DD8QMg		2:09:53	HISTORY IN THE AM | The Lost Sheep Of Suriname	13
TuyICEglmSc		1:08:01	HISTORY IN THE AM | The ACTS of the Apostles Peter & John the Hated	38
3Xr4x--LcFU		1:56:06	HISTORY IN THE AM | THE KINGS OF ISRAEL: Hezekiah, A King of God’s Mercy	28
Zlwzhbz9uok		6:50	Passover 2024 Purge	15
E3yhFm6cIUw		1:42:12	HISTORY IN THE AM | THE KINGS OF ISRAEL: The Fall of Northern Kingdom	18
c3wmUChzook		52:05	#IUIC || GIVING THE SENSE FROM A TO Z || 2 Timothy 4	2
qB4iRwM2Plw		1:01:55	HISTORY IN THE AM ||The ACTS of the Apostles and Prophets!	29
YjoJgYBmPDs		1:11:12	HISTORY IN THE AM | THE KINGS OF ISRAEL: Remaliah's Son Vs. Ahaz Pt. 2	11
KRJ6aPuu75g		1:06:31	Giving The Sense From A-Z: Isaiah 14 cont.	63
7cv0EpaoqEs		1:03:02	Giving The Sense From A to Z: Philemon pt 2	1
QxBQOunXaIo		52:37	HISTORY IN THE AM || The ACTS of the Holy Ghost & The Fire	34
Z0CSWBBQIGU		1:09:11	History in the AM | TOBIT 12: RAPHAEL’S MESSAGE	13
l-0Hck39Iec		51:02	Giving The Sense From A to Z || EZRA 2	13
VbdNKqmrdEQ		49:16	History In The AM: The Khazar Deception	15
0oZ8ctVCmcE		1:59:42	HISTORY IN THE AM! : The w@rs of the Lord “ Prelude to Acts 15 continues “	932
PHdZ2um3EvU		54:18	GIVING THE SENSE FROM A TO Z || Ephesians 6	14
UImH1eNJPmc		56:54	#IUIC || GIVING THE SENSE FROM A TO Z || 2 Timothy 3	18
5sYXW9pDpt4		1:05:00	Giving The Sense From A-Z: Isaiah 14	47
vwXePoL5KO4		1:38:41	HISTORY IN THE AM | Persian & Median Captivity Pt. 6	13
1h0uLwmn5qQ		1:10:52	Giving The Sense From A-Z: Philemon	16
uTFuVBweEO4		51:12	History in the AM || The ACTS of Betrayal and Belief	33
zBMcREGfJi8		1:41:43	HISTORY IN THE AM: W@rs Of The Lord - A Prelude To Acts 15	978
n9e9jYVK2zc		41:42	Giving The Sense From A to Z: Ezra 1	21
qT3IWXLeQ3c		1:37:08	History In The AM: The Good Ship Jesus pt2	17
vKGkc3KO2bk		1:09:45	HISTORY IN THE AM | TOBIT 9-11 : RAPHEAL'S GUIDANCE CONTINUES	16
NvybxI3e9iQ		32:32	#IUIC || GIVING THE SENSE FROM A TO Z || WISDOM OF SOLOMON 1	19
A1lmaXuBL1A		1:44:45	HISTORY IN THE AM: W@rs Of The Lord - The Size Of The God In The Fight	17
HggI-LSDfs0		1:45:52	History In The AM: The Good Ship Jesus pt1	2
pYAGdEJ3J6I		1:01:13	#IUIC || GIVING THE SENSE FROM A TO Z || 2 Timothy 2	27
EUk_Pl4sWrU		58:45	Giving The Sense From A-Z: Isaiah 13 Cont.	18
Nwpxk8WONSo		1:55:27	HISTORY IN THE AM! The W@rs Of The Lord #The Price Of Fear	14
O9YujID_9DE		15:21	#IUIC || 15 Minutes W/ The Captains || RESTORING OUR LOST CULTURE	15
2OosHfU0-88		2:13:22	HISTORY IN THE AM | THE KINGS OF ISRAEL: Remaliah's Son Vs. Ahaz	21
fNvltbo2Ru8		1:01:09	Giving The Sense From A to Z || James Chapter 1	19
SMGHmkMSRrs		1:09:52	History In The AM | Tobit 7&8 Trusting The Process!!	17
5WrrsAfZpw4		1:04:43	InTheClassroom || FOR KINGDOM'S SAKE, STOP BEING MY ENEMY!!	17
tlj1ChPNhBk		59:51	#IUIC || GIVING THE SENSE FROM A TO Z || Hebrews 11	16
yJaQapuImOQ		1:43:22	History In The AM: The Vision of Obadiah	44
3NW__5fm9SY		1:15:16	HISTORY IN THE AM | W@rs Of The Lord: Lords Of The Philistines	11
ti1xeGJR5i4		24:08	#IUIC || 15 Minutes W/ The Captains || FINANCIAL WOES	11
pbbMGTpl-20		1:01:00	Giving the Sense From A to Z: James 1	18
3cBw0jp4hSk		1:03:43	History in the AM || The Character of the 12 Pt. 2	12
eZAO2g2anG4		1:08:56	#IUIC || GIVING THE SENSE FROM A TO Z || 2 Timothy 1	26
UtIO4F-TesY		29:14	#IUIC || 15 Minutes W/ The Captains || MODEST DRAGON	66
oJVRU2S4x9Q		1:50:26	#IUIC || History In The AM || Judges 19-21	2
cSdNxGrofFk		1:05:48	Giving The Sense From A-Z: Isaiah 13/14	39
o-J2qS1CUcU		1:34:38	CaptainsInTheClassroom || THE ADL WANTS TO KILL THE ISRAELITES	46
tqC56bmMLBE		18:24	#IUIC || 15 Minutes W/ The Captains || MALE & FEMALE BIRTH	21
1xvPzgbLbvA		25:27	#IUIC || 15 Minutes W/ The Captains || FORGIVENESS IN MARRIAGE	54
gPRws9uEkUU		1:11:09	Giving The Sense From A To Z: EPHESIANS 5	2
LU0ZD4LiAmo		1:01:48	History in the AM || The Character of the 12	12
lhiggnxeSTg		1:26:22	HISTORY IN THE AM | THE KINGS OF ISRAEL: The Downward Spiral of NK Monarchy	18
W3R0JYGA5pQ		30:26	#IUIC || 15 Minutes W/ The Captains || THE BLOOD OF JESUS	14
EiuA6D5W3vg		57:15	Giving The Sense: Philippians 4	16
QRzuxZCXPNc		1:14:34	HISTORY IN THE AM | THE KINGS OF ISRAEL | Uzziah: Judah Is Strengthened	2
W3mqFGtCHCU		1:42:42	CaptainsInTheClassroom || THE FOOLISHNESS OF PRIDE	44
LTZ1ve3Ea28		59:57	#IUIC || GIVING THE SENSE FROM A TO Z || Hebrews 10	25
yAesD1fZTO8		13:11	#IUIC || 15 Minutes W/ The Captains || THEFT	27
1QGpfaEiSxk		2:16:55	HISTORY IN THE AM | Persian & Median Captivity Pt. 5	32
1L45KsFw9fE		1:37:19	HISTORY IN THE AM	1
NGjCJCGhU6I		20:25	#IUIC || 15 Minutes W/ The Captains || CURSED BE THE MAN THAT TRUSTS IN MAN	24
AX0y60iuTc8		46:15	#IUIC || GIVING THE SENSE FROM A TO Z || 1 Timothy 6	18
3GzILzAInyM		20:31	#IUIC || 15 Minutes W/ The Captains || THERE'S NO SUCH THING AS SECRET SIN	48
maqdNhhizas		1:07:55	History In The AM: Tobit 5&6 Examining the Divine Purpose In Tobit"s Trials	14
2wtjlvzDyck		56:28	CaptainsInTheClassroom || THE MAN OF COUNCIL	13
x6ZBZnJeV68		1:51:30	HISTORY IN THE AM | W@rs Of The Lord Continues: Joshua Served His Course	11
qKs5xo7UbFI		16:12	#IUIC || 15 Minutes W/ The Captains || IT'S NOT BAD TO DO WHAT GOD SAYS TO DO	31
rP_raMlljQ8		1:01:38	#IUIC || History in the AM || Doubting Disciples and Faith in Fear	14
CORsgcDvlp0		23:17	#IUIC || 15 Minutes W/ The Captains || THE PRESSURE OF PERSECUTION	13
bbDImSwdQiU		1:44:31	History In The AM! | W@rs Of The Lord: Wisdom On The Battlefield	14
AJFfOYPJbLI		22:30	#IUIC || 15 Minutes W/ The Captains || RESPECT & DISRESPECT: MARRIAGE	14
0jk47mfnCdA		2:30:12	HISTORY IN THE AM | THE KINGS OF ISRAEL: The Re-Expansion of Jeroboam II	2
I_QBkuvhquA		1:24:26	HISTORY IN THE AM | TOBIT 4: FATHER’S ADVICE	24
QjiQnx1r4cA		1:17:16	#IUIC || CaptainsInTheClassroom || THE DEVICES OF SATAN FOR THE FLESH	18
5dKG_ej0gDM		54:01	Giving The Sense: Philippians 3	19
Ubt-5XlFjOY		15:34	#IUIC || 15 Minutes W/ The Captains || THE FOUR STAGES OF DISLOYALTY	22
vwLnA82m3EM		15:53	#IUIC || 15 Minutes W/ The Captains || FOUR STAGES OF DISLOYALTY ||  PART 1	29
iyQD5tY5Rio		1:00:05	#IUIC || GIVING THE SENSE FROM A TO Z || Hebrews 9 Continued	15
vp2hnCKwjSI		1:56:07	HISTORY IN THE AM | THE KINGS OF ISRAEL: Vengeance & Bitter Beef	3
hW-SFlvH1a8		1:10:21	GIVING THE SENSE FROM A TO Z || Jeremiah 13	19
hKbppeV6c94		22:29	#IUIC || 15 Minutes W/ The Captains || HAVING A WILLING SPIRIT	12
zizA2KoTcXc		1:16:49	#IUIC || CaptainsInTheClassroom || GIVE YOUR LIFE FOR SOMETHING GREAT	24
5N3g5jsJUMA		1:19:14	History in the AM | Tobit 3 : The Affliction of Tobit & Sara	15
dGMnQW3wtVY		1:02:36	Giving The Sense From A-Z: 2 Edras 7 Continued	42
Zx8B3kBX2p0		1:05:45	Giving The Sense From A to Z: Philippians Chapter 2	18
bnz1swQTGJY		1:04:48	HISTORY IN THE AM | Attributes of the Disciples Series: Episode 2	740
Ja3SqynkPEk		1:18:45	HISTORY IN THE AM! | Persian & Median Captivity Pt. 4	1
Z0W8YDW2Trg		34:17	#IUIC || 15 Minutes W/ The Captains || OUR STRENGTH BE THE LAW	32
-oaz1PxmtjU		49:10	Giving The Sense From A To Z: EPHESIANS 4 (continued)	794
iWp3lu-I3nI		47:26	#IUIC || Giving The Sense A - Z  Daniel Chapter 9	21
qR2foO-AytQ		1:31:02	HISTORY IN THE AM | From The River To Jericho Series: W@rs Of The Lord	1
ZxEfdzqld2U		35:29	#IUIC || 15 Minutes W/ The Captains || SO YOU THINK THE EARTH IS FLAT??	46
mOh5pr3RaEQ		44:38	#IUIC || GIVING THE SENSE FROM A TO Z || 1st Timothy 6	2
22t8FkVfqUE		16:47	#IUIC || 15 Minutes W/ The Captains || HYGIENE AND CLEANLINESS	54
pubkhfNfhSk		1:25:43	#IUIC || Giving The Sense From A To Z: Titus 3 (Continued)	2
_SS7dEFBEFA		1:25:08	HISTORY IN THE AM!: W@rs Of The Lord #Joshua "B@ttle Tested" PT.2	13
-4g3pI6c-xc		17:35	#IUIC || 15 Minutes W/ The Captains || RESPECT & DISRESPECT	91
AT9CN2QTStg		1:06:56	History In The AM | Tobit's Compassionate Deeds	13
7jibZRRiAUY		54:47	#IUIC || Giving The Sense From A to Z || Hebrews 9	21
-1WgeQ_DxBQ		25:29	#IUIC || 15 Minutes W/ The Captains || THE DANGER OF BEING SELF WILLED	81
ivRdeqLH3cc		1:36	History In The AM: The Attempted Assassination Of The Maccabee Spirit	523
J8HNtjxIERk		27:18	#IUIC || 15 Minutes W/ The Captains || COUNTDOWN TO MELTDOWN	2
A_T5sJg-l3U		18:54	#IUIC || 15 Minutes W/ The Captains || BEWARE OF MEN	32
YRIdIbGkonw		27:32	#IUIC || 15 Minutes W/ The Captains || YOU WILL ALWAYS REAP WHAT YOU SOW	86
OtskCFb2KTs		58:37	Giving The Sense From A To Z: EPHESIANS 4	18
p3qT8LAx5DE		54:09	Giving The Sense: Thessalonians Chapter 3	14
DSapSO_W2cc		12:15	#IUIC || 15 Minutes W/ The Captains || ANACHRONISTIC BIBLICAL TEXT	13
9h_xgYOp2vE		12:00	#IUIC || Giving The Sense From A to Z || Revelation Chapter 1	11
6XgOk8anNHE		29:13	#IUIC || Giving The Sense From A to Z || Revelation Chapter 1	22
wAQZTi9Pp28		3:34	#IUIC || Giving The Sense From A to Z || Revelation Chapter 1	415
sqpUTWFmog8		15:55	#IUIC || 15 Minutes W/ The Captains || CLUBHOUSE OR GOD'S HOUSE	15
SLf5bhYXvJ4		32:20	#IUIC || 15 Minutes W/ The Captains || AMERICA: THE DECEITFUL DEVIL || PART 2	966
mxnbpj75k6k		25:09	#IUIC || 15 Minutes W/ The Captains || AMERICA IS A DECEITFUL DEVIL	855
vpw_C76Kdtc		25:56	#IUIC || 15 Minutes W/ The Captains || WHAT ARE THE WORKS OF THE LAW REALLY?	38
Kr3gXFAjM1w		12:06	#IUIC || 15 Minutes W/ The Captains || IF MY MOTHER IS WHITE, CAN I STILL GET THE KINGDOM OF HEAVEN?	31
hoOY1zVuC30		28:32	#IUIC || 15 Minutes W/ The Captains || DEALING WITH CIRCUMSION IN THE FLESH	15
BhWGvZxc-98		29:21	#IUIC || 15 Minutes W/ The Captains || My Wife, Doesnt Want To Reconcile Now What?	3
YHDAsIrS7gw		32:38	#IUIC || 15 Minutes W/ The Captains || EYES FULL OF ADULTERY	10
djbYkB03ipg		24:42	#IUIC || 15 Minutes W/ The Captains || THE WICKED SHALL NOT BE UNPUNISHED	2
o-2FyvuqJhg		15:58	#IUIC || 15 Minutes W/ The Captains || HONOR THY FATHER & THY MOTHER	58
e28tmpT0VW8		17:32	#IUIC || 15 Minutes W/ The Captains || IS THE EARTH OVER POPULATED??	19
U6BIe3NuIuU		21:03	#IUIC || 15 Minutes W/ The Captains || IS 501C3 TAX EXEMPTION & GOVERNMENT FUNDING WICKED??	19
QhkXjPD7jhQ		15:36	#IUIC || 15 Minutes W/ The Captains || NOT HAVING FEAR TO TEACH GOD'S WORD!!	17
4QjTR9N2rag		19:25	#IUIC || 15 Minutes W/ The Captains || GOD IS IN THE STORM	47
A3xvojDjf_Y		28:02	#IUIC || 15 Minutes W/ The Captains || WORKOUT YOUR OWN SALVATION!!	12
UA3LThhG_ZI		15:39	#IUIC || 15 Minutes W/ The Captains || IS THE WEEKLY SABBATH STILL REQUIRED??	95
MwwAFASKfnc		16:59	#IUIC || 15 Minutes W/ The Captains || OVERCOMING WHEN OVERWHELMED || PART 2	25
0fWlZKUwrlI		25:22	#IUIC || 15 Minutes W/ The Captains || THE HIDDEN BOOKS OF THE BIBLE (APOCRYPHA)	58
FPKqkfKTt7Q		17:14	#IUIC || 15 Minutes W/ The Captains || OVERCOMING WHEN OVERWHELMED || PART 1	59
IiINXh8YVsc		26:15	#IUIC || 15 Minutes W/ The Captains || PREEMINENCE	47
QljK5cQzl54		14:25	#IUIC || 15 Minutes W/ The Captains || CAKE NOT TURNED!! WHY ARE HISPANICS ALL DIFFERENT COLORS??	16
o7k_6xIEC7w		1:07:24	Giving The Sense Daniel Chapter 3	21
GMY6ShLXjww		1:52:28	HISTORY IN THE AM | THE KINGS OF ISRAEL | Rehoboam & Abijah Vs. Jeroboam	27
D9AKcp6p0Co		28:25	15 Minutes W/ The Captains || CLEANLINESS & ETIQUETTE	10
s9R4Jxpcydk		1:17:51	GIVING THE SENSE FROM A TO Z || Jeremiah 7	25
1jTnkYhP1xM		1:09:31	GIVING THE SENSE FROM A TO Z || Jeremiah 6 (Continued)	15
n21ugUCVaSA		1:31:34	HISTORY IN THE AM! | In Josiahs Reform!	13
NUt5wqrPaL8		30:26	Minutes W/ The Captains || THE BLOOD OF JESUS	23
EON6YK1Xg-Y		22:49	15 Minutes W/ The Captains || COMPARISON IS THE THIEF OF JOY	13
RUOozd8g5Bw		1:17:55	GIVING THE SENSE FROM A TO Z || Jeremiah 6	25
ZDEfR5p7r4Q		1:26:53	History in the AM: History of Ancient Babylon	24
chtqa42Q_I4		1:37:48	GIVING THE SENSE FROM A TO Z || 1ST TIMOTHY CHAPTER 5	29
J_eXEGgp2y4		28:45	15 Minutes W/ The Captains || WERE THE NATIVES SAVAGES??	2
KwulgMKzn7M		2:02:23	HISTORY IN THE AM | THE KINGS OF ISRAEL: Simping Solomon	32
tkzjNEPgT3E		1:54:17	HISTORY IN THE AM! | The Children Of King David	1
7qZIuNfqjYw		1:00:13	GIVING THE SENSE FROM A TO Z || THE BOOK OF JUDE	28
PJAOiwULVAw		1:15:00	GIVING THE SENSE FROM A TO Z || Jeremiah 5	19
O0TyLVB_IbQ		21:34	15 Minutes W/ The Captains || GENTILES, FELLOW HEIRS??	95
u3LynXdIz_c		14:38	15 Minutes W/ The Captains || SUICIDAL THOUGHTS || Part 2	16
ySb0-ctQpbg		1:14:34	GIVING THE SENSE FROM A TO Z || Ephesians 2	41
62I0J6ACyKc		1:27:18	GIVING THE SENSE FROM A TO Z || DANIEL 2	33
WIIR711v-l8		18:40	La Dime - French w/Captain Gideon	399
Hr8AjhpiVig		1:02:38	GIVING THE SENSE FROM A to Z: 1 Thessalonians 2	19
BJXfHIYAv8o		54:42	GIVING THE SENSE FROM A TO Z || Hebrews 4	21
UK4SJxrAEfQ		1:29:46	|| HISTORY IN THE AM || From Manasseh To Babylon	14
Pp1LLB6CSX4		16:05	15 Minutes W/ The Captains || SUICIDAL THOUGHTS || Part 1	24
k5sYlQOPV0g		20:42	15 Minutes W/ The Captains || LET US PRAY!! HOW, WHEN, WHAT & WHERE	21
fP_54s5F35I		57:30	GIVING THE SENSE FROM A TO Z || Ephesians 1 Part 3	18
9WNfkumn_yU		28:52	History in the AM : A History of Edom	19
3ImouqlI7V4		45:32	History in the AM : A History of Edom	18
ntg5H2v6tuk		6:06	History in the AM : A History of Edom	323
TOEMwQ-qtJ4		1:32:04	History in the AM | The Might Maccabees : Judas Maccabeus	21
Rk5UzkuLrzE		1:12:17	GIVING THE SENSE FROM A TO Z || 1ST TIMOTHY CHAPTER 4	29
bhOHhIY3srk		14:12	15 Minutes W/ The Captains || THE AGED WOMAN'S RESPONSIBILITY	32
E3C5OkX1S90		1:18:50	GIVING THE SENSE FROM A-Z || Ephesians 1	31
Ff8-IfD4iFU		1:10:26	GIVING THE SENSE FROM A TO Z || Jeremiah 4	21
3uk06WBLxrE		17:15	15 Minutes W/ The Captains || SO YOU READY FOR A SCHOOL??	28
NhAGeQqokZI		15:19	15 Minutes W/ The Captains || CHRIST KEPT THE COMMANDMENTS || Part 2	22
q5aKQUNIGj0		53:03	GIVING THE SENSE FROM A TO Z || 1st Thessalonians chapter 1	4
mMFvFPhxdYk		1:06:02	GIVING THE SENSE FROM A TO Z || 1st TIMOTHY CHAPTER 3	26
T3M4XBYJhkQ		15:55	15 Minutes W/ The Captains || CHRIST KEPT THE COMMANDMENTS || PART 1	48
gUdT5R22Fhg		2:00:47	HISTORY IN THE AM | The Wonders Of Hezekiah Which The Prophets Did See	14
F7tX6jkrg8k		1:27:22	GIVING THE SENSE FROM A TO Z || DANIEL 1	46
GLd5g2pPgAg		1:04:41	History In The AM | Book of 1 Samuel	36
zyFvqoz_bdU		18:09	Kesyon Ladime creole w/Captain Gideon	412
4VD17gVu8WI		27:18	15 Minutes W/ The Captains || ALMS	38
i1ZHqE0Y9kQ		1:49:32	History In The AM | Micah's Vision Of Redemption! Pt.2	15
jblBZ_FWnbY		1:17:37	Giving the Sense From A to Z || Ephesians 1	37
yLk7jmshpS8		1:30:18	Giving The Sense A-Z: Jeremiah 3	3
YHQDYQBR1-w		21:32	15 Minutes W/ The Captains || THE LORD CHASTENS!!	36
Wp0oZO4gHaw		8:12	GIVING THE SENSE FROM A-Z: 2 PETER CHAPTER 1	13
dhcHd7zgACs		1:10:57	GIVING THE SENSE FROM A-Z: 2 PETER CHAPTER 1	64
XBlFcILkyxU		1:31:28	GIVING THE SENSE FROM A TO Z || Jeremiah 2 Continued	25
ZC31b1eTmtE		19:43	15 Minutes W/ The Captains || HOW TO DEAL WITH BEING OVERWHELMED	45
bin5KpRhD0s		1:52:02	HISTORY IN THE AM | Micah: A Vision of Redemption For Israel Pt. 1	15
okRx1NyJg6k		1:07:47	Giving The Sense From A to Z || 1st Peter Chapter 5	39
Z63Iw096RwY		51:40	History in the AM | History of Stewardship: Joseph Part 2	19
-srNdGiAQUo		20:13	#IUIC || 15 Minutes W/ The Captains || LISTENING TO RIGHTEOUS MUSIC	27
TcaPiUDmEs0		1:49:55	#IUIC || History In The AM || The Mighty Maccabees : Mattathias Part 2	22
_HJaByzLTFE		1:16:47	#IUIC || Giving The Sense From A to Z || Jeremiah 2	32
TnxkcIzmfKE		1:00:37	#IUIC || GIVING THE SENSE FROM A TO Z || 1 Timothy Chapter 2	34
5eKO_-LUGcc		47:47	#IUIC || 15 Minutes W/ The Captains || ENDURE TO THE END!!	52
La3Qa5sciMc		1:01:57	#IUIC || GIVING THE SENSE FROM A TO Z || HEBREWS 3	29
M_LPuZ4sLSE		1:25:29	#IUIC || GIVING THE SENSE FROM A TO Z || The Book Of Mark || Chapter One	43
I3Ld5exlpkE		1:48:39	HISTORY IN THE AM | Ephraim: Cast Down But Not Away	26
QBzkZoVXj_8		34:46	#IUIC || 15 Minutes W/ The Captains || LIBERTY SPOILS THE CHILD!!	9
9-bideDhhlE		23:20	#IUIC || 15 Minutes W/ The Captains || TAKING REBUKE	16
c7BUXT5L2Kc		1:19:16	#IUIC || GIVING THE SENSE FROM A TO Z || 1 PETER CHAPTER 4	56
MHLQOwnhS1k		1:54:32	#IUIC ||  CaptainsInTheClassroom || I Am God I Change Not, Christian Nationalism and Grace	16
WsH5fF78WnQ		1:08:28	Giving The Sense From A To Z || 1st Timothy 1	41
M8O7NLWnBks		1:07:26	History in the A.M.: The Mighty Maccabeans: Mattathias	18
_iSjbWKu-YY		26:00	#IUIC || 15 Minutes W/ The Captains || FEAR DESTROYS POTENTIAL!!	47
VkiBm_JS2c8		1:11:30	Giving The Sense From A To Z: Jeremiah 1	49
eOjNpe0y8zc		1:27:17	#IUIC || GIVING THE SENSE FROM A TO Z || DANIEL CHAPTER 12 CON'T	35
5irqzZRV5ZM		30:29	#IUIC || 15 Minutes W/ The Captains || THE TONGUE, LIFE OR DEATH!!	91
jMHKJunzkMw		22:21	#IUIC || 15 Minutes W/ The Captains || UNBELIEVING CHILDREN!!	58
LeF7VoIFjCA		1:07:01	#IUIC || GIVING THE SENSE FROM A TO Z || DANIEL 12	38
5nfUAyDdmdM		29:36	#IUIC || 15 Minutes W/ The Captains || A WISE WOMAN BUILDETH HER HOUSE	14
8t3w6-azyvk		1:57:19	HISTORY IN THE AM | Injurious Practices In The Kingdom	21
VMtI-QyGMBQ		32:41	#IUIC || 15 Minutes W/ The Captains || THE LAW PREDATES MOSES	12
Lo3V2665XtA		45:36	Giving The Sense From A to Z | HEBREWS CH. 2	29
LNEjG0z3pOI		1:33:09	HISTORY IN THE A.M.: Harsh Hellenization	14
RcvxrjALzVE		16:59	#IUIC || 15 Minutes W/ The Captains || THE TASTE OF DEATH!!	38
lU4SnDrOeVk		20:11	#IUIC || 15 Minutes W/ The Captains || SEX ON THE SABBATH??	10
rjmB86XuEc8		52:16	#IUIC || GIVING THE SENSE FROM A TO Z || 1 PETER CHAPTER 3 CONTINUED	29
U44hQodI3aE		1:15:53	HISTORY IN THE AM: Books of the Maccabees	3
4b60Irm7OJc		1:25:40	HISTORY IN THE AM | The Minor Prophets: Amos Pt. 3/False Comforts	11
5XlXCNXr5y8		16:56	#IUIC || 15 Minutes W/ The Captains || WHAT IS PAUL'S GOSPEL??	82
G-hrdi8PueI		36:53	#IUIC || GIVING THE SENSE FROM A TO Z || Proverbs 1	25
IT3A9Ovy6ZI		22:47	#IUIC || HISTORY IN THE AM || Chapter 3 - The Roman Empire: Shadow of Death	837
M3Kylcqu3Ig		32:20	#IUIC || 15 Minutes W/ The Captains || AMERICA, THE DECEIT DEVIL || 2	12
5YsQrh4vd88		25:09	#IUIC || 15 Minutes W/ The Captains || AMERICA THE DECEITFUL DEVIL || 1	17
Fj6gElSt9us		1:58:12	HISTORY IN THE AM: The Minor Prophets - Amos Pt.2!	16
2_ejxlndTNA		1:42:45	HISTORY IN THE AM | THE KINGS OF ISRAEL: David Arises & So Does Envy	44
HCO9Y7IaG0k		25:14	#IUIC || 15 Minutes W/ The Captains || YOUR WEALTH IS YOUR WISDOM	67
laqh11wt-y8		5:08	#IUIC || Giving the Sense From A to Z || John 8	611
cblfWIIgeXk		34:18	#IUIC || Giving the Sense From A to Z || John 8	2
WFmtuIuGxWY		7:16	#IUIC || Giving the Sense From A to Z || John 8	712
rlXATI3YAhY		1:40:32	HISTORY IN THE AM: The Minor Prophets-AMOS!	32
_QkUALlNHNE		17:53	#IUIC || 15 Minutes W/ The Captains || ISAIAH 19:25	37
ecDQR7dgR9E		31:26	#IUIC || 15 Minutes W/ The Captains || Commandments Of Kings	21
_S1nu4a2wq4		26:02	#IUIC || 15 Minutes W/ a Captain || A HIT DOG GONE HOLLA!!	2
po9aevO5UWk		50:04	#IUIC || Giving The Sense From A To Z || Psalms 51	34
xincW9gY_K8		27:43	#IUIC || 15 Minutes W/ The Captains || LET THEM CURSE!!	43
RToLOulbbPQ		19:45	#IUIC || 15 Minutes W/ The Captains || STRENGTH OF WINE	29
IcEtNWccvGw		1:32:18	HISTORY IN THE AM: Prophets Of Assyrian Captivity	23
p2NPkrzKQBI		17:59	#IUIC || 15 Minutes W/ The Captains || THE THIEF ON THE CROSS	52
Gsxj2D4CnGQ		22:15	#IUIC || 15 Minutes W/ The Captains || DON'T SCROLL YOUR LIFE AWAY	53
hGhOd9sW8q0		33:54	#IUIC || 15 Minutes W/ The Captains || PRAY FOR THE PEACE OF THE CITY	26
QvZ1lHD3DYM		46:39	#IUIC || Giving The Sense From A To Z || Hebrews Chapter 1	51
Yp8veJRtfXw		21:07	#IUIC || 15 Minutes W/ The Captains || HOW TO IDENTIFY A FOOL!!	28
wUTo4fAwDEM		19:09	#IUIC || 15 Minutes W/ The Captains || MLK: THE MIND OF THE OPPRESSOR!!	23
178RsvPxaZE		49:25	#IUIC || GIVING THE SENSE FROM A TO Z || 1 PETER CH 3	10
t4GdXcaBW6I		18:19	#IUIC || 15 Minutes W/ The Captains || BEFORE I DIE	45
GL0ejc4cXno		17:32	#IUIC || 15 Minutes W/ The Captains || GALATIANS 4:10	33
Vl9hLPp1s9U		29:01	#IUIC || 15 Minutes W/ The Captains || HOW TO DEAL WITH CHILDREN WITH DISABILITIES	68
Pc80Hp9LguM		17:40	#IUIC || 15 Minutes W/ The Captains || TITHING	63
pZEm4a47Ry4		40:20	#IUIC || 15 Minutes W/ The Captains || THE NEW PASSOVER!!	18
flet9JxuYHs		48:34	#IUIC || 15 Minutes W/ The Captains || CURIOUS ARTS & THE STRANGE ANGEL	3
GwbIK7MK4BA		24:09	#IUIC || 15 Minutes W/ The Captains || FOR THE LOVE OF MONEY!!	29
PdqN3lVPJ0A		20:53	#IUIC || 15 Minutes W/ The Captains || STRONG IN FAITH!!	12
PwZfQwJHTt4		22:50	#IUIC || 15 Minutes W/ The Captains || LENT Doctrine of Man	18
RidXEuDpIOI		19:50	#IUIC || 15 Minutes W/ The Captains || PRAYING FOR MY HALTING	19
nPxe1Jcr7tw		1:33:06	#IUIC || CaptainsInTheClassroom || THE FEAR THAT KEEPS YOU FIGHTING!!	25
PMKDKxouve4		18:44	#IUIC || 15 Minutes W/ The Captains || Break One Of These Least Comandments	13
qdwHsVcYtd0		15:27	15 Minutes W/ The Captains || WHY AREN'T MY PRAYERS BEING ANSWERED??	39
PNPNxIjfq80		19:14	15 Minutes W/ The Captains || SECURE THE KINGDOM NOT THE BAG!!	74
ZNSU3W3Lbzk		21:47	15 Minutes W/ The Captains || LORD OF THE SABBATH!!	76
XWBs2XO8raE		28:57	#IUIC || 15 Minutes W/ The Captains || THE DANGERS OF SUBTLE REVENGE!!	14
C4H6HNLKWcs		31:01	#IUIC || 15 Minutes W/ The Captains || Suffering Loss & Physical And Emotional Trauma & Moving On	92
jdlVTgbZ8o8		17:34	#IUIC || 15 Minutes W/ The Captains || IN THE SPIRIT OF RECONCILIATION || PART 2	16
6j8zyKDbCvU		2:20:45	#IUIC || CaptainsInTheClassroom || WHEN THE ZEAL IS GONE WHAT'S  NEXT??	81
L1wkoezGU70		21:06	#IUIC || 15 Minutes W/ The Captains || WOMEN'S ISSUE OF BLOOD	72
jyWHX4hREL4		1:47:20	#IUIC || CaptainsInTheClassroom || WHO'S GUIDING YOU??	18
koSeGuP-yZg		12:14	#IUIC || 15 Minutes W/ The Captains || IN THE SPIRIT OF RECONCILIATION || PART 1	24
sN6m9y7_X9Q		19:26	#IUIC || 15 Minutes W/ The Captains || Liar Liar	27
4_LLCxltshE		15:22	#IUIC || 15 Minutes W/ The Captains || Study To Be Quiet ( ASL Edition )	26
k_KJTMQ5gZ4		18:50	#IUIC || 15 Minutes W/ The Captains || BEFORE JUDGMENT!!	33
Y4-J7xgRLT0		38:01	#IUIC || 15 Minutes W/ The Captains || FARMING WHILE BLACK!!	12
IJtXbB_oCew		16:45	#IUIC || 15 Minutes W/ The Captains || YOUR PASTOR || PART 2	31
YTDPelAnwHM		15:44	#IUIC || 15 Minutes W/ The Captains || YOUR PASTOR || PART 1	48
qF9sRojEsLQ		27:48	#IUIC || 15 Minutes W/ The Captains || THE DESTRUCTION OF NICANOR || PART 2	53
4uYjO5ReqbI		21:07	#IUIC || 15 Minutes W/ The Captains || THE DESTRUCTION OF NICANOR || PART 1	12
U8bM7VHvesU		1:57:14	#IUIC || CaptainsInTheClassroom || PURIM	11
g7wZBMYKURo		16:15	#IUIC || 15 Minutes W/ The Captains || WHY WAS ADAM NAKED??	19
xxivI_MVjCw		21:44	#IUIC || 15 Minutes W/ The Captains || EXERCISE PROFITETH LITTLE	24
5SdpHwKc3To		19:23	#IUIC || 15 Minutes W/ The Captains || IS IT SIN TO SPILL SEED?	56
RgvbGmpxEyc		2:04:27	#IUIC || CaptainsInTheClassroom || SPACE FORCE	63
zWn6mZKSIxE		28:40	#IUIC || 15 Minutes W/ The Captains || BREAKING BREAD AND THE BODY OF CHRIST	63
gjXK92qz9mI		2:09:07	#IUIC || CaptainsInTheClassroom || PORN IS MY ADDICTION!!	76
1QGGbjToRfc		17:16	#IUIC || 15 Minutes W/ The Captains || WHO'S CONSIDERED AN ELDER??	16
djrHINBWDiM		15:47	#IUIC || 15 Minutes W/ The Captains || WHAT'S THE CORRECT AGE OF WIDOWHOOD??	14
JyWVBoHTpS0		2:13:41	#IUIC || CaptainsInTheClassroom || LET US RUN IN THE RACE	32
WjPVFyx0jk0		20:00	#IUIC || 15 Minutes W/ The Captains || BE YE THEREFORE PERFECT	6
zdYtx6YPDaY		1:37:50	#IUIC || WHAT CHRISTIANITY NEVER TAUGHT YOU || God Is Love No Matter What	16
0tMiuwF-2P4		18:29	#IUIC || 15 Minutes W/ The Captains || Religion Is A Curse	19
1lbVasTbVlw		27:17	#IUIC || 15 Minutes W/ The Captains || WHY YOU ALWAYS LYING??	96
i2KCatElbio		24:09	#IUIC || 15 Minutes W/ The Captains || The Promise For the Gentiles	31
laGJqxl4MOE		18:30	#IUIC || 15 Minutes W/ The Captains || A Life of Dedication	49
beNEX40cArg		15:59	#IUIC || 15 Minutes W/ The Captains || IN THE BEGINNING	45
aGvAjj8OJhQ		25:43	#IUIC || 15 Minutes W/ The Captains || ISRAELITE RULERSHIP	14
U314acq7GhQ		11:34	#IUIC || 15 Minutes W/ The Captains || Let Your Light Shine (ASL)	21
fY9Ako5ObeE		29:18	#IUIC || 15 Minutes W/ The Captains || JESUS CHRIST MAGNIFIED THE LAW	26
_r7NZkWGnjc		20:01	#IUIC || 15 Minutes W/ The Captains || CHAIN OF COMMAND	29
SfzfAxTrX6k		23:17	#IUIC || 15 Minutes W/ The Captains || THE BIBLE vs EMOTIONS	36
KIEyAsG0m5c		21:03	#IUIC || 15 Minutes W/ The Captains || GRAVEN IMAGES	34
-0p4e440xTU		2:03:42	#IUIC || CaptainsInTheClassroom || THE SPIRIT OF CORRECTION	41
dTGDPk-y1h4		21:22	#IUIC || 15 Minutes W/ The Captains || MEN OF HONOR PT. 2	1
mpAZNLo_1wI		1:06:35	#IUIC || WHAT CHRISTIANITY NEVER TAUGHT YOU || Just Faith No Works	13
Kds10GpTyGg		15:02	#IUIC || 15 Minutes W/ The Captains || GETTING THINGS DONE!!	13
GVCQpfWpzQ0		19:36	#IUIC || 15 Minutes W/ The Captains || OBADIAH'S VISION	51
558th7wwloU		19:34	#IUIC || 15 Minutes W/ The Captains || THE SUFFERING OF THE GODLY	27
N3Iz9TTg-p8		20:25	#IUIC || 15 Minutes W/ The Captains || ASL Edition || WHO ARE THE REAL JEWS??	14
YwahayjJJb4		1:08:14	#IUIC || WHAT CHRISTIANITY NEVER TAUGHT YOU || NO WORKS JUST FAITH	19
ksCS7x7drIc		21:26	#IUIC || 15 Minutes W/ The Captains || UNDERSTANDING JOEL 2:32	24
2uPFi-fvD5M		26:02	#IUIC || 15 Minutes W/ The Captains || DEBTOR TO DO THE WHOLE LAW	84
5LEFPKQTRT8		1:58:03	#IUIC || CaptainsInTheClassroom || LIFE REFLECTIONS	21
G_vhhzF0Iro		33:23	#IUIC || 15 Minutes W/ The Captains || DAY OF ATONEMENT	30
VMGuA9pgkLU		1:20:09	#IUIC || WHAT CHRISTIANITY NEVER TAUGHT YOU || THE SAMARITAN WOMAN	37
MtR1byfkv4A		17:20	#IUIC || 15 Minutes W/ The Captains || THE SPANISH INQUISITION Part 2	2
DHbDgR594aQ		20:26	#IUIC || 15 Minutes W/ The Captains || THE SPANISH INQUISITION Part 1	31
dRgQsAMiLFI		1:43:24	#IUIC || WHAT CHRISTIANITY NEVER TAUGHT YOU || WHO ARE THE REAL GENTILES??	66
adCObmd9B-k		22:49	#IUIC || 15 Minutes W/ The Captains || IN THE WORKS	2
jXwGkv_UVFQ		22:46	#IUIC || 15 Minutes W/ The Captains || YOU CAN'T SAVE YO MAMA!!	43
1s-eO40euks		39:24	#IUIC || 15 Minutes W/ The Captains || I HOPE YOU KILLERS UNDERSTAND ME!!	23
ysHSo1xI8N8		19:02	#IUIC || 15 Minutes W/ The Captains || HOW THEY BECAME US!!	47
TDWHoPgJdbU		12:14	#IUIC || 15 Minutes W/ The Captains || GODLINESS WITH CONTENTMENT	19
r9wUFC6VrgE		24:38	#IUIC || 15 Minutes W/ The Captains || OLIVE COLORED JESUS	15
kz7hIeYgRYY		20:02	#IUIC || 15 Minutes W/ The Captains || RISE OF THE PROPHETS	19
hUMzFMtuuec		17:36	#IUIC || 15 Minutes W/ The Captains || DRUG DEALING	18
q1Nx0t3dcVc		17:08	#IUIC || 15 Minutes W/ The Captains || WATCHERS OVER THE NATION	18
BM7o34_qMSU		14:34	#IUIC || 15 Minutes W/ The Captains || MEPHIBOSHETHS: HAIRCUTS & EDGE UPS	37
kH4Ecf07AE8		25:48	#IUIC || 15 Minutes W/ The Captains || GENDER INEQUALITY || Genesis 3:16	18
CYljjMdMhKg		22:23	#IUIC || 15 Minutes W/ The Captains || CUT OFF THINE HAND PLUCK OUT THINE EYE || Matthew 18:8-9	51
qGPu55-C6AE		32:27	#IUIC || 15 Minutes W/ The Captains || My Spirit Upon all Flesh	33
uZK_XOQZWJ8		18:30	#IUIC || 15 Minutes W/ The Captains || THE VALLEY OF DRY BONES || Ezekiel 37	43
wtggIcz71Ao		50:25	#IUIC || Giving The Sense From A to Z || Isaiah Chapter 53	4
DxP8NTRL8qs		1:49:25	#IUIC || CaptainsInTheClassroom || PRAYER	35
eWP3aNHfpr0		1:30:48	#IUIC || WHAT CHRISTIANITY NEVER TAUGHT YOU || Thanksgiving Is THANKSKILLING!!	12
jn7mRUhQj3s		20:11	#IUIC || 15 Minutes W/ The Captains || SALVATION TO ALL MEN?? || TITUS 2:11	32
SSLKKkKzT0s		16:44	#IUIC || 15 Minutes W/ The Captains || COVETOUSNESS	21
znOO1u4zvIg		1:47:19	#IUIC || CaptainsInTheClassroom || SODOM & DESTRUCTION	18
1gU9rObgi-U		26:06	#IUIC || 15 Minutes W/ The Captains || ASHAMED OF THE GOSPEL	2
Xjgctz5JIaE		1:01:53	#IUIC || WHAT CHRISTIANITY NEVER TAUGHT YOU || Salvation Is Only For ONE PEOPLE Not ALL PEOPLE	24
txMdhO5-G0Q		20:00	#IUIC || 15 Minutes W/ The Captains || The Law Perisheth Not	18
3lL3yxHcrfM		1:57:46	#IUIC || CaptainsInTheClassroom || THE WARNING SIGNS OF DEPRESSION	24
IRr4OxX0cXA		19:41	#IUIC || 15 Minutes W/ The Captains || IS THE TIME COME FOR THE FAMINE OF THE WORD??	2
rSfCUqG0fzk		17:20	#IUIC || 15 Minutes W/ The Captains || ADULTERESS THOUGHTS	41
ERuiQse5lUc		24:36	#IUIC || 15 Minutes W/ The Captains || IDENTIFYING FALSE PROPHETS || MATTHEW 24:4	35
UB-WWFlIHbQ		1:59:32	#IUIC || CaptainsInTheClassroom || ARE YOU PREPPING TO LIVE OR DIE?	22
lqRznTldz4c		17:55	#IUIC || 15 Minutes W/ The Captains || ALL NATIONS OF ONE BLOOD? || ACTS 17:26	10
SS1l88YpKd8		26:45	#IUIC || 15 Minutes W/ The Captains || THE DANGERS OF UNCONTROLLABLE LUST	21
7NyhNpQwAj4		25:53	#IUIC || 15 Minutes W/ The Captains || WHAT CHRISTIANITY NEVER TAUGHT YOU || Beauty Is Vain	3
ZwwEMMguxHY		2:15:59	#IUIC || CaptainsInTheClassroom || DISHONORABLE DISCHARGE	38
QGae7dFNDK8		28:38	#IUIC || 15 Minutes W/ The Captains || THE TWO COMMANDMENTS • Matthew 22:40	5
NTQeSvTWYoM		1:18:35	#IUIC || WHAT CHRISTIANITY NEVER TAUGHT YOU || How To Read And Understand The Bible	23
NG9Rx80_C1Q		33:34	#IUIC || 15 Minutes W/ The Captains || NOT OF WORKS • GALATIANS 2:16	32
EidBt3DFp14		18:00	#IUIC || 15 Minutes W/ The Captains || MEMORIAL OF BLOWING OF TRUMPETS	88
6-eOt-d0cY8		2:01:54	#IUIC || CaptainsInTheClassroom || THE SYSTEMATIC DESTRUCTION OF THE BLACK FAMILY	37
CRNoUs02WKo		16:32	#IUIC || 15 Minutes W/ The Captains || MURDEROUS SPIRIT	27
WKmsABz-W9s		1:04:00	#IUIC || WHAT CHRISTIANITY NEVER TAUGHT YOU || HALLOWEEN IS SATANIC AND CHRISTIAN!! Part 2	3
aTK-TjAE4TE		21:07	#IUIC || 15 Minutes W/ The Captains || BECOMING CHRISTIAN THROUGH SLAVERY	18
KkLaxW99Fbc		11:42	#IUIC || 15 Minutes W/ The Captains || ONCE SAVED ALWAYS SAVED!!	91
IVewfVdDROc		53:47	#IUIC || Giving The Sense From A to Z || 1st Peter Chapter 2	47
c74Foxfs53Y		1:58:45	#IUIC || CaptainsInTheClassroom || IF THOU COME TO SERVE THE LORD	24
KMoFynYI0lQ		17:05	#IUIC || 15 Minutes W/ The Captains || SWEET AND BITTER	46
PiMWomrFw6w		1:04:11	#IUIC || WHAT CHRISTIANITY NEVER TAUGHT YOU || HALLOWEEN IS SATANIC AND CHRISTIAN!!	35
os8PDuE_3lY		31:54	#IUIC || 15 Minutes W/ The Captains || TEAMWORK | #unity #brotherhood	43
c7ZLoyRwNYw		26:27	#IUIC || 15 Minutes W/ The Captains || CONFESS YOUR FAULTS JAMES 5:16	37
0l2R59VRGwc		2:29:10	#IUIC || CaptainsInTheClassroom || THE SIGNS OF THE TIMES	43
TlF9iyLlivQ		25:46	#IUIC || 15 Minutes W/ The Captains || MOTHER'S DAY	10
1VKSaA4dcaA		1:11:49	#IUIC || WHAT CHRISTIANITY NEVER TAUGHT YOU || THE SABBATH AIN'T NEVA BEEN SUNDAY!!	12
aqkZWpyyoJQ		20:39	#IUIC || 15 Minutes W/ The Captains || RECONCILIATION EXPOSED	34
56lEm2Fe3do		24:13	#IUIC || 15 Minutes W/ The Captains || Enpòtans Jou Repo A	572
gx6B57Vcdog		1:34:01	#IUIC || WHAT CHRISTIANITY NEVER TAUGHT YOU || GOD IS A SPIRIT!!	64
NRlpQYQKcBk		31:39	#IUIC || 15 Minutes W/ The Captains || Is Divorce Of Man or God?	53
oCGShYO2U0M		22:25	#IUIC || 15 Minutes W/ The Captains || WHAT IS MY PURPOSE??	11
VOyzR5sLgnA		16:07	#IUIC || 15 Minutes W/ The Captains || SHOULD A SISTER MOVE BEFORE MARRIAGE??	42
G8Tv1PQUWRY		1:20:02	#IUIC || WHAT CHRISTIANITY NEVER TAUGHT YOU || YOU CAN'T PRAY OVER PORK, SHRIMP, CRAB & LOBSTER!!	44
N7QE3lB9pqE		28:17	#IUIC || 15 Minutos con los Capitanes || UNA VIDA DE ORACIÓN || #biblia #jesus #oracion #biblia	904
VAH4YhdrfA8		21:36	#IUIC || 15 Minutes W/ The Captains || Sunday Is Not The Sabbath	49
EKz-V-T2JmE		15:26	#IUIC || 15 Minutes W/ The Captains || THE CHURCH HAS BEGUILED YOU	13
YCPJQSb6wrs		17:56	#IUIC || 15 Minutes W/ The Captains || WHY DO THE HEATHEN RAGE??	38
PksYMZ-QbmA		1:38:09	#IUIC || WHAT CHRISTIANITY NEVER TAUGHT YOU || YOUR DENOMINATION IS WHITE SUPREMACY!!	74
-o0cZgroGcA		30:58	#IUIC || 15 Minutes W/ The Captains || A LIVING SOUL	11
4naZ3i69rlE		19:02	#IUIC || 15 Minutes W/ The Captains || ROMANS 14:5 PART 2	29
2_38suRftAw		1:26:36	#IUIC || WHAT CHRISTIANITY NEVER TAUGHT YOU || COME AS YE ARE AIN'T IN THE BIBLE!!	98
7yPO2ycSphU		18:31	#IUIC || 15 Minutes W/ The Captains || ROMANS 14:5 PART 1	54
YLzD5hi3GuM		22:33	#IUIC || 15 Minutes W/ The Captains ||  LAS CUALIDADES DE UN SACERDOTE	725
ocmNsSyoI-Q		22:54	#IUIC || 15 Minutes W/ The Captains || THE MAMMON OF UNRIGHTEOUSNESS	23
GQCNE1YApKc		50:19	#IUIC | GIVING THE SENSE FROM A TO Z: 1 JOHN 3	3
rD31ICqRYFE		1:23:12	#IUIC || WHAT CHRISTIANITY NEVER TAUGHT YOU || THE LAW IS NOT DONE AWAY WITH!!	13
7ArpKjWyysM		15:57	#IUIC || 15 Minutes W/ The Captains || CAN WE EAT SEA MOSS & SEAWEED?	87
aXnXdrd5htk		19:32	#IUIC || 15 Minutes W/ The Captains || THE CHURCH	59
OpSsYUWMIts		17:27	#IUIC || 15 Minutes W/ The Captains || SERVING GOD BEHIND ENEMY LINES	18
fU-kFEjF_3I		49:52	#IUIC || GIVING THE SENSE FROM A TO Z || 1ST JOHN CH. 2	52
lRW81pEAHyg		19:39	#IUIC || 15 Minutes W/ The Captains || SHOULD I BELIEVE MY WIFE??	22
Zkxpvb-lNOI		23:13	#IUIC || 15 Minutes W/ The Captains || CHRIST IS THE END OF WHAT LAW??	57
ls3mSU9xi-o		37:03	#IUIC || 15 Minutes W/ The Captains || PASTOR GINO JENNINGS HATES BLACK & HISPANIC PEOPLE #church	46
RCnCs_3Mp5w		18:35	#IUIC || 15 Minutes W/ The Captains || KNOW YOUR ENEMY, HATE NOT THY BROTHER PART 1	27
rwBgTLGDwXA		1:25:13	#IUIC || WHAT CHRISTIANITY NEVER TAUGHT YOU || PAGANISM IN CHRISTIANITY!!	24
nbqQAAXWi9s		18:51	#IUIC || 15 Minutes W/ The Captains || El Shaddai: The Great & Terrible God!!	28
2FE3sYG-dAI		24:19	#IUIC || 15 Minutes W/ The Captains || THE MISCARRYING WOMB	38
5XougBco-hI		18:20	#IUIC || 15 Minutes W/ The Captains || WORD IS BOND!!	13
6DciLO6Legg		1:14:48	#IUIC || WHAT CHRISTIANITY NEVER TAUGHT YOU || LOVE THY ENEMIES!!	15
433mpGaDoC4		14:41	#IUIC || 15 Minutes W/ The Captains || WITH WHOM DO YOU COUNCIL??	19
XQS-sW0tVp4		18:27	#IUIC || 15 Minutes W/ The Captains || HOW TO CONTROL YOUR ANGER	31
cgYAUVwBRIQ		14:32	#IUIC || 15 Minutes W/ The Captains || ASL || How To Keep The Sabbath Day Holy	17
WnUTdSvfXTQ		24:39	#IUIC || 15 Minutes W/ The Captains || Christ In The Whole Book	16
kv-EGtwo1i8		1:03:22	#IUIC || WHAT CHRISTIANITY NEVER TAUGHT YOU || NOT MY JESUS!!	27
Wc3CMTl71xQ		20:40	#IUIC || 15 Minutes W/ The Captains || KING JAMES WAS HOMOSEXUAL!!	99
UoEgm73IF9E		24:15	#IUIC || 15 Minutes W/ The Captains || DREAMS & VISIONS	69
4us4hzSYoAo		15:34	#IUIC || 15 Minutes W/ The Captains || HOW TO BUILD CONFIDENCE!!	10
KTjkZqnUiGM		1:19:21	#IUIC || WHAT CHRISTIANITY NEVER TAUGHT YOU || Saved, Sanctified, Filled With The Holy Ghost!!	33
Scpn0Z52sjc		36:04	#IUIC || 15 Minutes W/ The Captains || THE UNHOLY TRINITY!!	89
jxWYHZRWhGU		2:11:21	#IUIC || WHAT CHRISTIANITY NEVER TAUGHT YOU || THE 10 LOST TRIBES OF ISRAEL ARE IN THE AMERICA'S!!	13
I8hCqUx4goQ		18:21	#IUIC || 15 Minutes W/ The Captains || Study SIN Specific!!	21
m2E_yfeotN0		55:08	#IUIC || GIVING THE SENSE FROM A TO Z || 1st JOHN Ch. 1-2	58
-OGbcTUps2U		17:56	#IUIC || 15 Minutes W/ The Captains || THE RANSOM FOR OUR SALVATION!!	13
09y1Z-nnA_M		19:03	#IUIC || 15 Minutes W/ The Captains || I MADE A COVENANT WITH MINE EYES!!	3
doKX7tyRMIA		19:23	#IUIC || 15 Minutes W/ The Captains || YE KNOW NOT WHEN THE TIME IS!!	15
Cltc3WRTRrE		1:05:08	#IUIC || Giving The Sense From A to Z || 1st Peter Chapter 2	53
AX39t7WpYO8		28:49	#IUIC || 15 Minutes W/ The Captains || THE LOVE THAT CHRIST LEFT BEHIND!!	13
eM4ellUKMjk		16:48	#IUIC || 15 Minutes W/ The Captains || TEACH US TO NUMBER OUR DAYS	24
8xd7TDBzGZA		23:59	#IUIC || 15 Minutes W/ The Captains || ABSENTEE PARENTS IN THE HOME!!	27
qnAGVcYACrg		17:50	#IUIC || 15 Minutes W/ The Captains || CAN I SAY THE NAME JESUS CHRIST??	34
BMvQBAsg530		19:04	#IUIC || 15 Minutes W/ The Captains || CHILDREN ARE AN HERITAGE OF THE LORD	26
SSCT7Xpzj2s		22:57	#IUIC || 15 Minutes W/ The Captains || WAITING ON YOUR MINISTRY	35
sxK8_SmBdu4		50:26	#IUIC | Giving The Sense From A to Z || 1st Peter Chapter 2	48
wVFclfNbOCo		1:40:33	#IUIC || WHAT CHRISTIANITY NEVER TAUGHT YOU || The LIE In Your Tithe!!	4
8nllH4sC9cs		18:49	#IUIC || 15 Minutes W/ The Captains || THE GOD OF ISRAEL DON’T CARE ABOUT YOUR FLAGS!!	26
irsyD5FTFss		19:36	#IUIC || 15 Minutes W/ The Captains || Las Caras Lindas De Mi Gente Negra	626
AELNfxMtoEk		20:07	#IUIC || 15 Minutes W/ The Captains || Rich Heritage PART 2	749
8Ep0IOY12-g		1:03:34	#IUIC || WHAT CHRISTIANITY NEVER TAUGHT YOU || Sodom & Gomorrah Were Examples!!	41
1hisMZHGLxw		42:16	#IUIC | GIVING THE SENSE FROM A TO Z: ISAIAH CH. 14	32
CbM-DAScFpw		31:13	#IUIC || 15 Minutes W/ The Captains || Rich Heritage PART 1	1
2YAlkd5tVK4		18:37	#IUIC || 15 Minutes W/ The Captains || SPEAKING IN TONGUES	4
shbr4_HcOe4		27:27	#IUIC || 15 Minutes W/ The Captains || Infinity Stones!!	3
61T1KBoXKTY		23:16	#IUIC || 15 Minutes W/ The Captains || Reverence Is Not Idolatry!!	15
MnivsAv5qO4		24:47	#IUIC || 15 Minutes W/ The Captains || The Sinners Prayer	58
81FQpQEJcy4		15:00	#IUIC || 15 Minutes W/ The Captains || Help, My Husband Has Been Brainwashed!!	17
y-N4ciVkro8		1:02:40	#IUIC | GIVING THE SENSE FROM A TO Z: Acts 10	56
4LpFTunQbuw		18:21	#IUIC || 15 Minutes W/ The Captains || LET'S BE HONEST	18
Z7X_zyrrL_k		20:19	#IUIC || 15 Minutes W/ The Captains || God Ordained The Women Under The Man	33
hTQy78qb8Yc		50:18	#IUIC || 15 Minutes W/ The Captains || THE WAR IN HEAVEN!!	23
ooVbtIaw2OE		52:36	#IUIC || GIVING THE SENSE FROM A TO Z || Galatians 3	83
QYu-u1GNj9c		27:09	#IUIC || 15 Minutes W/ The Captains || The Old And The New Covenant	46
NGvUnhaz3u8		29:37	#IUIC || 15 Minutes W/ The Captains || THE SIMPLICITY IN CHRIST	25
9M4g4Tg27A4		21:01	#IUIC || 15 Minutes W/ The Captains || YOUR UNGODLY CHILDREN!!	26
sBUTGlQxfEs		53:48	#IUIC || Giving The Sense From Ato Z || Wisdom of Solomon Ch 6	25
ij2rWWlYgXo		25:31	#IUIC || 15 Minutes W/ The Captains || THE STEPS OF MARRIAGE	66
PoXFHx3nsZ0		17:14	#IUIC || 15 Minutes W/ The Captains || STRANGERS	26
BRkl0NX3nxk		19:03	#IUIC || 15 Minutes W/ The Captains || LOVE REMOVES FEAR	36
94Rob0EpHx0		24:57	#IUIC || 15 Minutes W/ The Captains || THE SACRIFICIAL COMMITMENT TO CHRIST	21
tB77krdqw20		57:38	#IUIC || Giving The Sense A to Z: 1 Peters 1 Continued	52
wKXM_99Qnp0		19:24	#IUIC || 15 Minutes W/ The Captains || HOW SHOULD WE PRAY??	16
AHbb4kkr2rk		20:45	#IUIC || 15 Minutes W/ The Captains || THE STARS OF DECEPTION!!	2
WydBz_TCjrQ		19:36	#IUIC || 15 Minutes W/ The Captains || H.N.I.C The Spirit Of Preeminence	26
6xouR2-8sSU		27:06	#IUIC || 15 Minutes W/ The Captains || HOW TO PROVE A SPOUSE	12
28hhFwSlK4o		18:46	#IUIC || 15 Minutes W/ The Captains || So You're Coming To Fellowship For The First Time?	22
DNoAQN71_IQ		59:37	#IUIC || Giving The Sense From A to Z || Psalms 81	23
O4Vd9A6eR8o		23:31	#IUIC || 15 Minutes W/ The Captains || MEN OF HONOR	18
cl6cZx0MiC0		15:49	#IUIC || 15 Minutes W/ The Captains || MUST I BE POOR IN THE TRUTH??	23
iUsLF9n0XDc		34:06	#IUIC || 15 Minutes W/ The Captains || RAPE	35
5pKuo9DpxOE		27:16	#IUIC || 15 Minutes W/ The Captains || WHERE NO EDGES ARE THE POSSESSION IS SPOILED!!	34
86_9uRhxBVw		28:37	#IUIC || 15 Minutes W/ The Captains || Chosen Seed, Not Mixed	24
MlEnRfUm_yQ		19:03	#IUIC || 15 Minutes W/ The Captains || The Sin Of Smoking Defiling Gods Temple	32
wN4zGgEfpHQ		15:18	#IUIC || 15 Minutes W/ The Captains || INTOXICATED FROM LIFE'S REALITY || PART 2	15
ImfVn6Yg6YQ		29:02	#IUIC || 15 Minutes W/ The Captains || THE LORD'S PASSOVER	44
lwKNbY_9X8M		23:38	#IUIC || 15 Minutes W/ The Captains || INTOXICATED FROM LIFE'S REALITY || PART 1	23
Zei_0cgSu-w		35:54	#IUIC || 15 Minutes W/ The Captains || ISAIAH 56: SALVATION FOR THE STRANGER	17
ag04wCoijp0		48:40	#IUIC || Giving The Sense From A to Z || Wisdom of Solomon Chapter 5	3
imCUUm3OJGY		28:28	#IUIC || 15 Minutes W/ The Captains || DO WE STILL HAVE TO PAY TITHES??	22
seLoF9NDR-s		17:39	#IUIC || 15 Minutes W/ The Captains || THE DELUSION OF INCLUSION THAT BLACK & BROWN PEOPLE LIVE IN!!	25
42NcV-WezPQ		20:11	#IUIC || 15 Minutes W/ The Captains || DISRESPECTFUL CHILDREN; DIE THE DEATH	12
5pVXTyYTS2M		44:42	#IUIC || Giving The Sense From A to Z || 1st Peter Chapter 1	93
FuuVbYtqhnk		32:31	#IUIC || 15 Minutes W/ The Captains || ÈSKE SE YON PECHE SI NOU GEN IMAJ	461
Cxy_qjfjLZ0		16:35	#IUIC || 15 Minutes W/ The Captains || DISRUPTIVE SPIRITS	12
g6KHOU876h4		30:21	#IUIC || 15 Minutes W/ The Captains || DUE BENEVOLENCE	2
602EQ5OjeGU		52:14	#IUIC || GIVING THE SENSE FROM A TO Z || James Ch. 4	29
VNv9PU4kQvI		24:53	#IUIC || 15 Minutes W/ The Captains || IS THE SHIELD OF DAVID IN THE BIBLE??	27
cCrSmq5gJLo		22:19	#IUIC || 15 Minutes W/ The Captains || PIMP OR PROPHET??	12
ycwLD6QcRWw		56:38	#IUIC | GIVING THE SENSE FROM A TO Z || ISAIAH 47	39
2L5p99nsUcA		18:57	#IUIC || 15 Minutes W/ The Captains || SLOTHFULNESS: HOW LONG WILL THOU SLEEP?	11
zfiXkB8iD_I		20:15	#IUIC || 15 Minutes W/ The Captains || DOES GOD HATE ANYTHING??	35
7_5W72VTf48		12:02	#IUIC || 15 Minutes W/ The Captains || THE ENABLER	27
adeQOtrQz8A		55:00	#IUIC | GIVING THE SENSE FROM A TO Z || ROMANS 4	83
XS_9nkcK7OI		27:42	#IUIC || 15 Minutes W/ The Captains || THE TEENAGE PROBLEM: SOCIAL MEDIA, MENTAL HEALTH, & SEX	88
IY2PVN0VohI		19:48	#IUIC || 15 Minutes W/ The Captains || HOW TO UNDERSTAND THE BIBLE IN THE LAST DAYS	16
Fh10VVeQ9Xc		15:01	#IUIC || 15 Minutes W/ The Captains || IS EVERYDAY HOLY??	19
9WDYyA7gHHg		38:44	#IUIC || GIVING THE SENSE FROM A TO Z || Ecclesiasticus/Sirach 14 Part 2	48
Ad0BVxSPFic		25:18	#IUIC || 15 Minutes W/ The Captains || IS THE NEW TESTAMENT VALID??	56
lPO8GoOqIUY		27:30	#IUIC || 15 Minutes W/ The Captains || FALSE BRETHREN!!	35
tEmDjAeb8n0		28:46	#IUIC || 15 Minutes W/ The Captains || DO YOU HAVE AN ADDICTION??	49
wUTEb-tIky4		42:54	#IUIC || Giving The Sense From A to Z || James Chapter 2	31
L42FOWKMJ_c		22:18	#IUIC || 15 Minutes W/ The Captains || THERE BE SPIRITS	55
_yGYJQ4o3Us		18:13	#IUIC || 15 Minutes W/ The Captains || THE SIN & SINNER ALIKE: HATEFUL TO GOD	23
c2cnsuI4MyE		13:49	#IUIC || 15 Minutes W/ The Captains || El Diezmo	532
bsvFckwCo0U		40:18	#IUIC || Giving The Sense From A to Z || ISAIAH 47	2
G51bkcng_N0		25:19	#IUIC || 15 Minutes W/ The Captains || The Son of Perdition!!	18
8HOhgUPA8Os		22:38	#IUIC || 15 Minutes W/ The Captains || GREED!! When Too Much Is Not Enough	22
eVbudXlq4nc		20:29	#IUIC || 15 Minutes W/ The Captains || SPIRITUAL REPOSSESSION!!	24
N-os_K6B0cg		1:00:19	#IUIC || Giving The Sense From A to Z || Wisdom Of Solomon Ch. 1 || Part 2	35
aPPjCe2xv5A		18:36	#IUIC || 15 Minutes W/ The Captains || WHO HAS 100% TRUTH OF THE BIBLE??	47
5T-IHJDWH5w		24:27	#IUIC || 15 Minutes W/ The Captains || DISAGREEMENTS IN THE TRUTH	91
uYkzW2VwXHI		24:25	#IUIC || 15 Minutes W/ The Captains || JACOB'S TROUBLE!!	85
ioh1F4ZXhPc		51:41	#IUIC | Giving The Sense From A to Z || Ecclesiasticus/Sirach Ch. 14	78
HWuCBNz2_i8		24:40	#IUIC || 15 Minutes W/ The Captains || DEALING WITH DREAMS	12
fUp2MLqv2qQ		19:24	#IUIC || 15 Minutes W/ The Captains || THE VOICE OF GOD	37
5C8QcBvpGak		24:27	#IUIC || 15 Minutes W/ The Captains || MEN OF WAR!!	25
PC1RGdVpse8		53:36	#IUIC || Giving The Sense From A to Z || James Chapter 1	39
EtSUittITRY		18:24	#IUIC || 15 Minutes W/ The Captains || The Way To Eternal Life	27
xYsbFISFmAk		24:27	#IUIC || 15 Minutes W/ The Captains || Beware They Will Play on Your Emotions!!	18
wpF8XBaySRA		20:00	#IUIC || 15 Minutes W/ The Captains || ENDURING ENTER INTO YOUR OWN REST PART 2	15
z15yslEhWIk		46:43	#IUIC || Giving The Sense From A to Z || Wisdom Of Solomon Ch. 1 || Part 1	45
OgCUW-Gylak		22:59	#IUIC || 15 Minutes W/ The Captains || ENDURING: ENTER INTO YOUR OWN REST PART 1	21
M4O6Fg7FwfM		15:01	#IUIC || 15 Minutes W/ The Captains || You're So Vain You Think This Class Is About You!!	22
JdO6dtYhKOA		18:01	#IUIC || 15 Minutes W/ The Captains || WHAT CAN I DO TO HELP THE BODY??	23
MYtQnj9_62M		18:09	#IUIC || 15 Minutes W/ The Captains || IN THE IMAGE & LIKENESS OF GOD	16
BdAm2dGrXm8		34:44	#IUIC || 15 Minutes W/ The Captains || CRITICAL RACE THEORY #CRT	17
Dx4DqkaJNqY		25:22	#IUIC || 15 Minutes W/ The Captains || THE AUTHOR OF THE BIBLE	15
t0rf7pr5hr8		25:53	#IUIC || 15 Minutes W/ The Captains | LA NAVIDAD || #XMAS	883
S9dYVv3Q9S8		27:31	#IUIC || 15 Minutes W/ The Captains || JOLLY OLE SAINT NICK!!	25
HAmoKFq1oz0		19:58	#IUIC || 15 Minutes W/ The Captains || WHAT'S MY NAME??	16
S1PkPBzvyrs		17:12	#IUIC || 15 Minutes W/ The Captains || Does God HATE The Sin Or The Sinner?	16
MDJXf6gV7Ds		16:21	#IUIC || 15 Minutes W/ The Captains || A PERSONAL RELATIONSHIP WITH GOD!!	20
2f0WBsVJH-Q		15:42	#IUIC || 15 Minutes W/ The Captains || TEACH ALL NATIONS!!	28
l4fge80gHls		22:12	#IUIC || 15 Minutes W/ The Captains || OFFENDED IN CHRIST!!	2
c3do8UWRjqo		25:32	#IUIC || 15 Minutes W/ The Captains || BIBLICAL BETRAYERS!!	21
8AuRclcGNPU		33:00	#IUIC || 15 Minutes W/ The Captains ||  LUCIFER, SON OF THE MORNING!!	93
apclSxJH1kQ		21:16	#IUIC || 15 Minutes W/ The Captains || ALL CAMPS MUST COME TOGETHER... NOW!!	31
Ej3LoNTzYdY		29:02	#IUIC || 15 Minutes W/ The Captains || The Whole Armor Of God	87
GeCyahb45GM		21:32	#IUIC || 15 Minutes W/ The Captains || SO YOU WANT TO BE A PROPHET??	29
TNS0cwSirF4		21:12	#IUIC || 15 Minutes W/ The Captains || DENOMINATIONS	11
6VKd4Kx9tSY		20:52	#IUIC || 15 Minutes W/ The Captains || En Español: Mensaje Sincero Para LGBTQ	976
wKMglVwRVSg		15:01	#IUIC || 15 Minutes W/ The Captains || THE WOUNDED KNEE MASSACRE!!	18
5g-fcpdah08		26:29	#IUIC || 15 Minutes W/ The Captains || WHEN THE LUST IS TOO STRONG!!	27
BQKP6U3cQSY		17:03	#IUIC || 15 Minutes W/ The Captains || The Resurrection Of The 12	18
c7jyTOaHgdU		17:37	#IUIC || 15 Minutes W/ The Captains || Work Like Never Before	32
KWpey6Opxts		20:47	#IUIC || 15 Minutes W/ The Captains || THE FAITH OF THE NATIONS	44
b9QJwCCLog8		40:34	#IUIC || 15 Minutes W/ The Captains || Respekte Maryaj Bondye	538
lOOPLxdT-fo		23:26	#IUIC || 15 Minutes W/ The Captains || THE MYSTERY OF INIQUITY	23
vp9Fwm24WM0		24:01	#IUIC || 15 Minutes W/ The Captains || FOOD DESERT	5
EQkpb1BeT3E		28:12	#IUIC || 15 Minutes W/ The Captains || THE RIGHTEOUS WOMAN'S STUDY GUIDE || PART 2	10
NZcyTA19mxA		24:17	#IUIC || 15 Minutes W/ The Captains || THE RIGHTEOUS WOMAN'S STUDY GUIDE || PART 1	19
VMtXSCPmOaQ		32:37	#IUIC || 15 Minutes W/ The Captains || THE GODS OF THE HINDUS ARE IDOLS	17
w_vvCpDcxB0		19:05	#IUIC || 15 Minutes W/ The Captains || THE ALPHA MALE	22
-gZa-LiBBSU		30:12	#IUIC || 15 Minutes W/ The Captains || Jòb pat sòti nan ras Edon	355
A20aDrqYhAM		23:14	#IUIC || 15 Minutes W/ The Captains || WHEN THE RIGHTEOUS FALL SICK	44
Sk1oLHPgHRM		20:58	#IUIC || 15 Minutes W/ The Captains || THE SPIRITUAL HOSPITAL	34
WRs5ouDwZQk		27:11	#IUIC || 15 Minutes W/ The Captains || COVETING RANK & POSITION	47
y4ZDjyGpFH8		14:38	#IUIC || 15 Minutes W/ The Captains || BE NOT WEARY IN WELL DOING	21
fuARqDiBW9k		34:40	#IUIC || 15 Minutes W/ The Captains || PROVING BEFORE MARRIAGE	16
-UgG94jyqs4		21:57	#IUIC || 15 Minutes W/ The Captains || WERE THE PROPHETS AS SOFT AS YOUR PASTOR??	18
DBO6SDXuwo8		20:13	#IUIC || 15 Minutes W/ The Captains || DON'T BE A HYPOCRITE!!	65
H6-mR0sNqwo		15:00	#IUIC || 15 Minutes W/ The Captains || I GIVE TO GOD	13
ugxEIe4tVB4		27:57	#IUIC || 15 Minutes W/ The Captains || I DON'T DO CAMPS!!	46
mDPJhiNjb9I		16:52	#IUIC || 15 Minutes W/ The Captains || HOW TO FACE FAILURE	18
cS3LEF5_4CQ		17:09	#IUIC || 15 Minutes W/ The Captains || Hypocritical Pastors!!	13
C7jgoNiSJP8		16:25	#IUIC || 15 Minutes W/ The Captains || Slaves Obey Your Masters	77
cnjc6B8caJw		19:08	#IUIC || 15 Minutes W/ The Captains || Christ Is The End Of The Law For Righteousness Sake	10
DqXeZ5VLon4		25:19	#IUIC || 15 Minutes W/ The Captains || LORD HAVE MERCY ON WHO??	51
Mkh1v_lqgqg		20:18	#IUIC || 15 Minutes W/ The Captains || Hatred, Blood, and Desolation	1
9K6wow_Ipc4		19:00	#IUIC || 15 Minutes W/ The Captains || A Silent Woman!!	19
Unh78tKqYiY		24:16	#IUIC || 15 Minutes W/ The Captains || NOT MY JESUS!!	71
viVyZlwoeDE		23:21	#IUIC || 15 Minutes W/ The Captains || Death In God's Sight	37
RSPD9-aehcU		17:22	#IUIC || 15 Minutes W/ The Captains ||  Train Up A Child In The Way He Should Go!!	63
w01zYrrRl2Y		21:17	#IUIC || 15 Minutes W/ The Captains || Trouble Not Them Of The Gentiles || Acts 15	62
Zsg3SlgedJA		17:24	#IUIC || 15 Minutes W/ The Captains ||  The Woman Came From Man!!	21
Wc5OCD1v3Js		15:02	#IUIC || 15 Minutes W/ The Captains || Can You Lie To The Other Nations??	77
FUxlyts5pcQ		24:08	#IUIC || 15 Minutes W/ The Captains || The Genius Of Israel Pt. 8 W/ Captain Ezra	11
QEI4LGjZmuU		18:36	#IUIC || 15 Minutes W/ The Captains || We Can Have Images	14
N6u3nvW1P0s		27:51	#IUIC || 15 Minutes W/ The Captains || Love God With All Your Heart (ASL)	12
Yq6S7jSolgw		17:52	#IUIC || 15 Minutes with the Captains || The Genius Of Israel Pt. 7 W/ Captain Ezra	942
j_6o1IEGz-M		12:37	#IUIC || 15 Minutes with the Captains || O' Jerusalem, Jerusalem!!	27
Jvwc_9s3yPM		17:26	#IUIC || 15 Minutes With The Captains || The Genius Of Israel Pt. 6 W/ Captain Ezra	1
ExTHayj3A2s		23:45	#IUIC || 15 Minutes W/ The Captains || Learn Not The Way Of The Heathen W/ Captain Seriyah	34
yFge07iwTQM		25:06	#IUIC | 15 Minutes with the Captains | Monitor Your Children W/ Captain Enoch	22
AR6sUeEAyrg		18:01	#IUIC | 15 Minutes with the Captains | You Are Not Safe With Your Money	21
0nYTdDDtRDM		21:46	#IUIC | 15 Minutes with the Captains | Christ Like Or Cult Like	43
FqVlvlthIBA		26:58	#IUIC | 15 Minutes with the Captains | The Pale Face Meat Market Of The 1800's	15
zIvmh40wqUc		21:46	#IUIC | 15 Minutes with the Captains | Loving Your Neighbor As Yourself	2
RzcoB557dq8		19:04	#IUIC | 15 Minutes with the Captains | For God So Loved The World	71
0eZVuAM6a5g		22:15	#IUIC | 15 Minutes with the Captains | The Big Bang Theory & Carbon Dating	25
jrdr6sMaGAY		21:36	#IUIC | 15 Minutes with the Captains | CRIANDO REVOLUCIONARIOS	369
gemwGVZCMQE		21:11	#IUIC | 15 Minutes with the Captains | How To Fix The World	1
zYUy6poB4lM		21:50	#IUIC | 15 Minutes with the Captains | Dealing With Deep Dummies	14
F_i1BoVD0sA		23:41	#IUIC | 15 Minutes with the Captains | RAISING REVOLUTIONIST	11
mEeu0RuwSGo		23:39	#IUIC | 15 Minutes with the Captains | How To Conduct Yourself On The Job	89
KyzDKpbt-2Y		25:26	#IUIC | 15 Minutes with the Captains | The Murder Of Native Royalty	12
Tw_-u-HBEFQ		18:31	#IUIC | 15 Minutes with the Captains | Care For Your Nation	15
miy_ryVSbNI		19:23	#IUIC | 15 Minutes with the Captains | Do You Have The Holy Spirit?	11
ApeiI_LjtGw		20:18	#IUIC | 15 Minutes with the Captains | A Cheerful Giver	35
puO2l-AIPSw		28:21	#IUIC | 15 Minutes with the Captains | Pray For Vengeance	43
1uHHNOkb1iY		26:02	#IUIC | 15 Minutes with the Captains | ABORTOS en la COMUNIDAD LATINA y NEGRA	356
bB7pUhxXhoM		15:51	#IUIC | 15 Minutes with the Captains | What Are Biblical Times	13
pG13Pge0OxM		22:23	#IUIC | 15 Minutes with the Captains | We Are Not A Hate Group	12
SlMfPulCFsQ		19:32	#IUIC | 15 Minutes with the Captains | Love Your Enemies	64
bhYTwGcYtgo		23:15	#IUIC | 15 Minutes with the Captains | Moun Ki Batay Ak Kris Yo	368
ZtrysRgb9sg		16:38	#IUIC | 15 Minutes with the Captains | Dealing Among The Nations	23
DAmzxg2JJDo		18:29	#IUIC | 15 Minutes with the Captains | Say No to Idols	36
8XtU3ID-5KU		22:29	#IUIC | 15 Minutes with the Captains | Why Won't That One Sin Go Away?	34
bvZIVJ7SN3Y		18:14	#IUIC | 15 Minutes with the Captains | Unify Or Die	17
oA1FMWg7pN4		13:38	#IUIC | 15 Minutes with the Captains | The Company You Keep	17
h7VxjTcrhlE		26:13	#IUIC | 15 Minutes with the Captains | How To Build Your Self Esteem	17
mWlsWDWYaaM		16:47	#IUIC | 15 Minutes with the Captains | Assimilation: Our Story Of Captivity	16
kBP5nvoyvgQ		17:01	#IUIC | 15 Minutes with the Captains | Marrying Your Opressor	18
zp9HwB3tS5A		25:50	#IUIC | 15 Minutes with the Captains | The Sabbath Revisited	57
Fgq815HuXfU		16:15	#IUIC | 15 Minutes with the Captains | A Man That Travels	39
Y1ViC95e6oY		26:46	#IUIC | 15 Minutes with the Captains | Cornelius Is An Israelite	10
L9eOpbEpLO0		19:33	#IUIC | 15 Minutes with the Captains | The Color Purple	29
fzVIh8aosnY		18:50	#IUIC | 15 Minutes with the Captains | How To Overcome Being Anti Social	88
y_xKagIkAA0		15:33	#IUIC | 15 Minutes with the Captains | Can You Be Renewed Again?!	66
l662qFd4C2c		14:36	#IUIC | 15 Minutos con Los Capitanes | Covid-21	847
u6Evb86Y8HA		21:51	#IUIC | 15 Minutes with the Captains | Should I Denounce My Frat or Soror?	27
yDrP72c1R2c		21:05	#IUIC | 15 Minutes with the Captains | Can Sinners Repent?	35
qNMVGvG7EIA		15:34	#IUIC | 15 Minutes with the Captains | No Other God Beside Me	32
XOib61AUVQ0		22:52	#IUIC | 15 Minutes with the Captains | The Genius Of Israel Pt 5	1
eJ0fb8JFKII		22:20	#IUIC | 15 Minutes with the Captains | Control Your Speech	23
IeKqakfK23k		18:57	#IUIC | 15 Minutes with the Captains | Wise to Do Evil On The Sabbath Days	35
Ny-nk7ocVmQ		17:50	#IUIC | 15 Minutes with the Captains | How To Get My Parents To Believe	43
R3x6R4oyKN0		27:39	#IUIC | 15 Minutes with the Captains | Cornelius The Gentile	9
3DSQe_6arYs		19:25	#IUIC | 15 Minutes with the Captains |Holding Camp is Biblical	19
Rn5Z-lFYwm4		19:18	#IUIC | 15 Minutes with the Captains | The Genius Of Israel Pt 4	966
ijmRNJM_C_Q		19:07	#IUIC | 15 Minutes with the Captains | God's Unconditional Love	18
jvxmkdVFSiw		17:15	#IUIC | 15 Minutes with the Captains | Who Is Japheth?	10
V2Aw5g-CVwQ		22:02	#IUIC | 15 Minutes with the Captains | Jewish Fables	72
g64XXbbbG1Q		18:16	#IUIC | 15 Minutes with the Captains | God Doesn't Hear You	45
YdLahygzaDQ		13:28	#IUIC | 15 Minutes with the Captains | WHEN THE RIGHTEOUS FALL	78
wUa6MvaYeJI		16:21	#IUIC | 15 Minutes with the Captains | DISSECTING CHRISTIANITY PT GOD IS LIGHT	14
LRk-g6yWP9o		38:23	#IUIC | 15 Minutes with the Captains | Praise and Worship	26
hF9gwtGVqC8		12:59	#IUIC | 15 Minutes with the Captains | DISSECTING CHRISTIANITY PT 6 ROMANS 8	23
5pTq4baH4pg		20:04	#IUIC | 15 Minutes with the Captains | No Respect for the Prophets	23
b9NhLzmkK9I		41:45	#IUIC | 15 Minutes with the Captains | Recovery From Sin	14
n3HXPe8Hy64		19:16	#IUIC | 15 Minutes with the Captains | Perseverance	47
UnDnkXnqjW8		31:58	#IUIC | 15 Minutes with the Captains |  Egyptology	33
3A0dHCjcKyg		9:40	#IUIC | CONTRADICT THIS |THE RESSURECTIONOF THE DEAD	18
_l-euuK14YU		15:04	#IUIC | 15 Minutes with the Captains | Side Effects To Voting	26
SMcnVwxWxLY		14:56	#IUIC | 15 Minutes with the Captains | THINGS PLEASING TO GOD	84
56X_olJpR7w		18:19	#IUIC | 15 Minutes with the Captains | IMAGEN DE LA BESTIA | Parte 2	662
HamqXBjCjYA		14:15	#IUIC | 15 Minutes with the Captains | DISSECTING CHRISTIANITY PT 1 BEING BORN OF GOD	14
rKPPUaHJIiA		11:13	#IUIC | CONTRADICT THIS |THE PERMANENCE OF EARTH	13
90cX53ilP6E		17:22	#IUIC | 15 Minutes with the Captains | Grafting In The Gentiles Pt. 2	66
Ho_dICEGn84		18:49	#IUIC | 15 Minutes with the Captains | You're Not Safe With Your Money	15
vWB2I_dwGXY		15:00	#IUIC | 15 Minutes with the Captains | It Is Finished	37
s9Wg9cXyWBA		11:29	#IUIC | 15 Minutes with the Captains | 1 JOHN 5 THE CHILDREN OF GOD	25
tSYcXOW7WUY		18:17	#IUIC | 15 Minutes with the Captains | Romans 11| Grafting In The Gentiles Pt. 1	17
tS6Yxp_xbII		15:01	#IUIC | 15 Minutes with the Captains | Is There A School Near Me?	13
PVM5nXuuIC0		16:37	#IUIC | 15 Minutes with the Captains | DISSECTING CHRISTIANITY PT 5 PETER AND THE STRANGERS	2
CA378B_o_Eo		31:14	#IUIC | 15 Minutes with the Captains | Jealousy	65
1Tv5CFWRJ0c		20:24	#IUIC | 15 Minutes with the Captains | IMAGEN DE LA BESTIA | PART 1	937
3L25oDVF5BY		17:19	#IUIC | 15 Minutes with the Captains | DISSECTING CHRISTIANITY PT 4 WHO DID PAUL WRITE TO?	430
3jp3f4v864U		15:01	#IUIC | 15 Minutes with the Captains | Leaders Are Readers	33
w-4XoRwVYtY		20:56	#IUIC | 15 Minutes with the Captains | The Law According To The Gospel	53
Y__C5SI-eYE		18:27	#IUIC | 15 Minutes with the Captains | Come As You Are	27
2EyVKwdA12g		15:13	#IUIC | 15 Minutes with the Captains | Romans 3:7 Breakdown	91
EO3hw_Bct-U		16:23	#IUIC | 15 Minutes with the Captains | What's The True Gospel Of Christ?	94
TkfD1FNQLKQ		26:50	#IUIC | 15 Minutes with the Captains | Exposing The Egotistical Eagle	17
gE0DBGMKv9g		19:40	#IUIC | 15 Minutes with the Captains | We All Fall Short Of The Glory Of God	56
sS-jHe38sEQ		23:13	#IUIC | 15 Minutes with the Captains | Building A Good Name	35
JbI9RRrPHR0		34:22	#IUIC | 15 Minutes with the Captains | I'M NOT BLACK I'M DOMINICAN | PART 2	13
w1irnX2t7Xw		10:54	#IUIC | CONTRADICT THIS | CENTURION CONTRADICTION	3
baHNtmOvxoE		17:25	#IUIC | 15 Minutes with the Captains | Love Thy Enemy	43
ZJ--V1ZUiyg		8:43	#IUIC | CONTRADICT THIS |THE FIGHTING MEN OF ISRAEL	15
SPzi77QM0HE		21:09	#IUIC | 15 Minutes with the Captains | Thou Shalt Not Abhor An Edomite	11
QyilaR2dZhg		21:52	#IUIC | 15 Minutes with the Captains | Israel The Land Of Cannan Was Apart Of Africa (Part 2)	1
4lpQ-VHcdBQ		23:50	#IUIC | 15 Minutes with the Captains | Let No Man Judge You?	79
fNPml_K2iMA		12:05	#IUIC | Contradict This | Circumcision: Confusion Or Contradiction?	49
3qnKznfGsRE		21:03	#IUIC | 15 Minutes with the Captains | I'M NOT BLACK I'M DOMINICAN | PART 1	38
Isu40345R0I		9:05	#IUIC |CONTRADICT THIS: HAS ANYBODY SEEN GOD AN LIVED	31
Nn8k4LqsBU0		19:21	#IUIC | 15 Minutes with the Captains | The Mystery Of Marriage	7
pgSQcRI9-24		12:26	#IUIC | CONTRADICT THIS: DOES GOD TEMPT US TO SIN	29
bAdDFl0U1Kk		20:10	#IUIC | 15 Minutes with the Captains | Israel The Land Of Canaan Was Apart Of Africa (Part 1)	28
8JhXHpGIdYs		7:10	#IUIC | CONTRADICT THIS | DID ABRAHAM HAVE INCEST WITH HIS SISTER?	65
A5QfRXa-Msg		24:19	#IUIC | 15 Minutes with the Captains | Rest For Your Souls	37
nITz4oQBIrk		31:32	#IUIC | 15 Minutes with the Captains | Your Pastor Has No Understanding Of The Bible	43
R5hbGe32Vxg		11:03	#IUIC | 15 Minutes with the Captains | White And Ruddy	68
woMl0ypPGu8		20:04	#IUIC | 15 Minutes with the Captains | Teach Thy Children	48
E39OlZjHFhw		22:42	#IUIC | 15 Minutes with the Captains | Wrongfully Judged?	5
fCOdbRVKMsg		23:39	#IUIC | 15 Minutes with the Captains | 10 Commandments Pt 3	37
iOvCIRfjLs4		24:43	#IUIC | 15 Minutes with the Captains | "White" Looking Israelites	11
Bhdd92lLSnQ		23:09	#IUIC | 15 Minutes with the Captains | The Role Of A Wife	18
i8wZt7cHD7Y		22:34	#IUIC | 15 Minutes with the Captains | The Virgin Mary	22
aa-5aWik9xI		26:48	#IUIC | 15 Minutes with the Captains | Help! There's A God In This House	4
ikcJUaiOigc		22:13	#IUIC | 15 Minutes with the Captains | Redemption	31
SefoJ9glKdo		24:28	#IUIC | 15 Minutes with the Captains | Respect Vs Respect Of Persons	53
-uGbz7rfB2Y		19:51	#IUIC | 15 Minutes with the Captains | Grievous Wolves	3
l1JJsRduQ7M		20:35	#IUIC | 15 Minutes with the Captains | What Does It Mean? Jew First, Than Gentile	14
wQ_GCXINAWo		19:12	#IUIC | 15 Minutes with the Captains | Sin Unto Death	62
CgPa0onuxf4		15:01	#IUIC | 15 Minutes with the Captains | The Portrait Of A Prophet	17
JTvH8gZHqEM		24:15	#IUIC | 15 Minutes with the Captains | Can We Drink?	7
KNXfDC1Y5fI		23:54	#IUIC | 15 Minutes with the Captains | The Assyrian Assault	71
cK1sry1s1Fg		22:25	#IUIC | 15 Minutes with the Captains | Paul's Epistles Were Written To Israelites	10
-t9W3dyGuTI		23:01	#IUIC | 15 Minutes with the Captains | Gods Holidays	98
PfbxwlGlb6U		25:54	#IUIC | 15 Minutes with the Captains | Can't Stop Gossiping	98
NYly3CoEttM		21:25	#IUIC | 15 Minutes with the Captains | I Wonder If Heaven Got A Ghetto	66
KUfoWAi4g0c		32:52	#IUIC | 15 Minutes with the Captains | When Christ Comes Back	38
vURfaC_WtM4		15:01	#IUIC | 15 Minutes with the Captains | Don't Pull The Trigger	3
18RQTTl_MDA		19:06	#IUIC | 15 Minutes with the Captains | Pentecost| Feast Of First Fruits	36
EhBLpNgdlt8		39:08	#IUIC | 15 Minutes with the Captains | Egypt| Born In Captivity	11
t94ZcZ_5C9I		20:24	#IUIC | 15 Minutes with the Captains | How Your Pastor Misuses Malachi 3:8 (Will A Man Rob God?)	14
uX3vP1Hmozs		21:37	#IUIC | 15 Minutes with the Captains | Deborah: The Prophetess	14
LT9VYiDGX_A		19:21	#IUIC | 15 Minutes with the Captains | All Hands On Deck	28
Wh3J8YtsKuI		16:49	#IUIC | 15 Minutes with the Captains | What Is The Biblical Age Of Marriage?	89
xaTbmGyK4ZM		31:53	#IUIC | 15 Minutes with the Captains | Dress Code 101 (ASL Edition)	27
f0LAqJqnOzY		31:53	#IUIC | 15 Minutes with the Captains | Pranm Menm Jan Ou We' La	13
iDFYGvyQ0KA		36:02	#IUIC | 15 Minutes with the Captains | The Big 7: Babylon Destroys Jerusalem	12
1IyfmeBC9E0		15:01	#IUIC | 15 Minutes with the Captains | How To Sleep	94
wDIUiQXb-eA		19:26	#IUIC | 15 Minutes with the Captains | Romans 9	86
nrNj_9krMS8		19:04	#IUIC | 15 Minutes with the Captains | Shawshank Redemption	28
vY2gyfwF4HI		22:10	#IUIC | 15 Minutes with the Captains | How To Train Your Dragon	6
eJeEAJAFdpQ		27:46	#IUIC | 15 Minutes with the Captains | Are You Saved Yet?	20
NAX6bWWTiII		22:38	#IUIC | 15 Minutes with the Captains |Every Creature Of God Is Good	15
CCNyS1GoV6k		17:41	#IUIC | 15 Minutes with the Captains | Samaria: The Woman At The Well	71
FTGuO-GTczk		17:52	#IUIC | 15 Minutes with the Captains | The Genius Of Israel PT. 1	26
TWGHHQZWvog		20:15	#IUIC | 15 Minutes with the Captains | Where Is My God?	41
nGs0VfxQ4VE		24:30	#IUIC | 15 Minutes with the Captains | Moab Is My Washpot	16
43DoFhxOjw8		17:33	#IUIC | 15 Minutes with the Captains | Depression Pt 2	93
mYO7e3-G8VM		28:22	#IUIC | 15 Minutes with the Captains | Life After World War 3	50
3AQLN444K6g		21:59	#IUIC | 15 Minutes with the Captains | A Perilous Time	44
oYukqdBAXgU		18:30	#IUIC | 15 Minutes with the Captains | So You Can't Have Sex On The Sabbath?	81
iNMz3Vf4i5Y		38:54	#IUIC | 15 Minutes with the Captains | Mother Nature Who?	35
hyXwRviHPCM		20:16	#IUIC | 15 Minutes with the Captains | A Way Out Of The Streets	22
EFifKlyc0lQ		21:09	#IUIC | 15 Minutes with the Captains | Rend Your Heart And Not Your Garment	69
BoIg5EDHet4		30:37	#IUIC | 15 Minutes with the Captains | Conspiracy Theories Confounded	15
6M6XiAZdJTA		21:24	#IUIC | 15 Minutes with the Captains | Miscarriages	53
VceTrbdlMV0		33:50	#IUIC | 15 Minutes with the Captains | We Shall Not Be Ashamed As A Nation	29
PUR7zTmGLvk		22:01	#IUIC | 15 Minutes with the Captains | The Great Commission Explained	66
50KKDFVa6C4		29:07	#IUIC | 15 Minutes with the Captains | The Bag	43
7kzumIpmtM4		16:48	#IUIC | 15 Minutes with the Captains | Understanding The Ten Commandments Pt 2	10
hkTO_i5If2U		17:39	#IUIC | 15 Minutes with the Captains | Beware Of White Fragility	11
pnxw5ih0hW0		20:54	#IUIC | 15 Minutes with the Captains | Fringe Check : Stealing	32
ZvhzyGbyT9U		18:10	#IUIC | 15 Minutes with the Captains | Don't Be Defiled With Women	10
g6N89mHEa2k		15:01	#IUIC | 15 Minutes with the Captains | Managing Your Money	87
4nLdNGsb4qQ		17:06	#IUIC | 15 Minutes with the Captains | Christ Magnified The Law	6
Y5MJoJudV88		20:13	#IUIC | 15 Minutes with the Captains | We Are All One In Christ Jesus (Gal 3:26)	24
WMzyNL2qaKo		20:44	#IUIC | 15 Minutes with the Captains | Role As A Husband	14
kU3iX-VPkxg		18:53	#IUIC | 15 Minutes with the Captains | Woe To The Heathen	57
fdmA62pkDS8		37:58	#IUIC | 15 Minutes with the Captains | The Greeks, The Barbarians And The Scythians	73
1kERueIWs50		15:55	#IUIC | 15 Minutes with the Captains | Judge Not Matthew 7	39
a4teu8Ogk-Y		23:12	#IUIC | 15 Minutes with the Captains | Holy Trinity Lies	9
yg0dxWQ8l_8		27:15	#IUIC | 15 Minutes with the Captains | Being New To The Truth	23
Bc3fXTk1a30		25:27	#IUIC | 15 Minutes with the Captains | Superbowl Sunday	49
g23o694D_NQ		17:11	#IUIC | 15 Minutes with the Captains | Romans 8 No Condemnation	77
WzPkWR_JSC8		23:32	#IUIC | 15 Minutes with the Captains | The True Understanding Of Water Baptism (ASL)	28
vcTqmlTPCvk		17:16	#IUIC | 15 Minutes with the Captains | Depression	21
PNLjrHUlSyA		20:33	#IUIC | 15 Minutes with the Captains | Understanding The 10 Commandments Pt.1	20
UyhK6YLU8pE		18:51	#IUIC | 15 Minutes with the Captains | Christ Taught The Old Testament	42
SHhP1IsFXK4		20:49	#IUIC | 15 Minutes with the Captains | Take Your Time With Marriage	54
4MAtGoRg4O4		24:09	#IUIC | 15 Minutes with the Captains | How To Love (God) Pt 1	91
88xq8mOFZYI		30:11	#IUIC | 15 Minutes with the Captains | Social Media Etiquette	48
ltLm4x0htHI		17:50	#IUIC | 15 Minutes with the Captains | Evil Friends Corrupt Faithful Men	45
9G6rvTpOmhU		22:37	#IUIC | 15 Minutes with the Captains | My Bad: I Forgive You	71
e67gb1PlYmg		18:57	#IUIC | 15 Minutes with the Captains | Spiritual Healing	42
NKXYiDp18Dc		27:20	#IUIC | 15 Minutes with the Captains | Be Admonished	19
5u7TtVwEP08		22:32	#IUIC | 15 Minutes with the Captains | The American Religion	33
PXCvrPbbC20		24:05	#IUIC | 15 Minutes with the Captains | Blessed And Highly Favored	36
gEBtrFFOnRE		25:45	#IUIC | 15 Minutes with the Captains | Do We Have To Speak Hebrew?	31
CpmM7hqbfkQ		20:40	#IUIC | 15 Minutes with the Captains | Circumcision Is Nothing	10
oPJof3f8Sxk		27:31	The Year Of Return Exposed || 15 Minutes with the Captains	48
LceKI9aCKnU		19:05	#IUIC | 15 Minutes with the Captains | Fringe Check: Lying	79
uI0q6RVnMmE		24:39	#IUIC | 15 Minutes with the Captains | Pastoras	892
vp4FXDgrKu0		17:13	#IUIC | 15 Minutes with the Captains | Understanding The New Year	17
gTaQmscjQlI		14:56	#IUIC | 15 Minutes with the Captains | Things Pleasing to God	71
A5DJum4Etq8		22:46	#IUIC | 15 Minutes with the Captains | Money: Deliverance Or Destruction?	37
Qynb-pjw_xc		29:15	#IUIC | 15 Minutes with the Captains | Human Trafficking	43
e1lB0WjU0cw		12:16	#IUIC | 15 Minutes with the Captains | Understanding Acts 9:7 & Acts 22:9	4
NPxeQQ2hbaM		15:02	#IUIC | 15 Minutes with the Captains | Repent, Organize, Plan	97
aqzKiDcGy5A		17:13	#IUIC | 15 Minutes with the Captains | Don't Get Comfortable in Your Sins	95
M4VHbm_ZiS4		23:05	#IUIC | 15 Minutes with the Captains | Can I join a Fraternity Or Sorority?	38
f63BEk793Wc		20:27	#IUIC | 15 Minutes with the Captains | Fringe Check: Fornication	52
SWnwBvcDV_A		21:27	#IUIC | 15 Minutes with the Captains | Suicide	11
Pin2sgBUOsQ		20:24	#IUIC | 15 Minutes with the Captains | Respect of Persons, What Does It Mean?	12
4t7XwSClaIs		19:48	#IUIC | 15 Minutos Con Los Capitanes | Dia De Accion De Gracias | #Thanksgiving	11
Zi503kH6-Io		22:19	#IUIC | 15 Minutes with the Captains | Dealing With Godly Friends	8
Viy3FfTB0dM		17:04	#IUIC | 15 Minutes with the Captains |	47
3VgKB4Aiyaw		26:54	#IUIC | 15 Minutes with the Captains | Black Jesus!!	18
9W0EmwraGyI		27:30	#IUIC | 15 Minutes with the Captains | Captain Amaziah Explains Moorish Soverignty	76
n_O5cP7TeAc		20:40	#IUIC | 15 Minutos Con Los Capitanes | Dia De Los Muertos: Halloween	12
alY-h1p53AM		21:02	#IUIC | 15 Minutes with the Captains | Filled With The Holy Ghost	12
9E31ow_k2Mk		29:48	#IUIC | 15 Minutes with the Captains |	74
G8vmxzltLos		20:05	#IUIC | 15 Minutes with the Captains | Slanders & Allegations	32
mZiXnhNPNsA		25:31	#IUIC | 15 Minutes with the Captains | Forgiveness In Marriage PT 2	11
u6ttmn-IUvM		18:11	#IUIC | 15 Minutes with the Captains | There Is No White Jesus In The Bible!	48
JafJktqYY4c		19:38	#IUIC | 15 Minutes with the Captains | Man's Religion VS God's Religion PT 2	79
f8uWIehxUAU		20:33	#IUIC | 15 Minutes with the Captains | Holy Days	47
f6Gdc0pqh7U		17:04	#IUIC | 15 Minutos Con Los Capitanes | Preguntale A Tu Pastor	836
0s6HVpjkLrc		20:48	#IUIC | 15 Minutes with the Captains | Judge Not That Ye Be Not Judged	16
9yBBN9G7yYA		25:03	#IUIC | 15 Minutes with the Captains | World War III	58
PghXm3u9wzk		37:34	#IUIC | 15 Minutes with the Captains | Who Was King James?	45
g16rcE5hjG8		23:14	#IUIC | 15 Minutes with the Captains |	34
Bptx0L0SsvQ		16:50	#IUIC | 15 Minutes with the Captains | Do I Have To Congregate With A Camp?	8
8QAKIoljp7E		25:01	#IUIC | 15 Minutes with the Captains | Forgiveness In marriage	20
yFZyjHEFMSo		17:32	#IUIC | 15 Minutes with the Captains | Can All Nations Fit In The Kingdom?	61
KefhXzt-zpE		19:06	#IUIC | 15 Minutes with the Captains | El Respeto En El Matrimonio	621
cEu5CAastRk		17:50	#IUIC | 15 Minutes with the Captains |	24
uM9L3QB8wXE		16:41	#IUIC | 15 Minutes with the Captains | Clock In You're Hired	34
dzYr7A4sWBE		22:01	#IUIC | 15 Minutes with the Captains | America Is Mystery Babylon	35
dbU3QyNCFm4		22:45	#IUIC | 15 Minutes with the Captains | A Time For War & A Time For Peace	23
CMWjxLyeEco		17:09	#IUIC | 15 Minutes with the Captains | Obey The Powers That Be	19
NaBhsJjhoh0		17:29	#IUIC | 15 Minutes with the Captains | Be Wilderness Ready	16
a-MbCFCANck		20:25	#IUIC | 15 Minutes with the Captains | I Will Bless Them That Bless Thee	82
xf87KW0yA4E		20:54	#IUIC | 15 Minutes with the Captains | Ruth Was An Israelite Destroyed	14
