# Every class outline in the sabbath-classes-images R2 bucket (text/), and the YouTube class it is.
# Written by scripts/r2/match.py, which matches by the outline's scriptures and words against what was
# read and said in each class. status: match | probable | ambiguous | none (no YouTube copy found).
# scripture and words are the two text scores (0-1); twins are other uploads of the same class.
r2_key	status	video	how	rank	teacher	file_date	lang	title	scripture	words	twins	others	original
text/Bishop/Kani/en/Bishop Kani - DOA - Healing the Nation of Israel - 092724.txt	match	5ejyYxeXaog	text	Bishop	Bishop Kani	2024-09-27	en	Bishop Kani - DOA - Healing the Nation of Israel - 092724	0.639	0.399			
text/Bishop/Kani/en/Bishop Kani - FOD - The Maccabean Revolt - 120924.txt	match	Ul1xR9TOUBo	text	Bishop	Bishop Kani	2024-12-09	en	Bishop Kani - FOD - The Maccabean Revolt - 120924	0.334	0.357			
text/Bishop/Kani/en/Bishop Kani-Purge 2024-Passover Opening Class-04.08.2024-.txt	match	e1UVKraC1YU	text	Bishop	Bishop Kani	2024-04-08	en	Bishop Kani	0.629	0.407			
text/Bishop/Kani/en/BishopKani-SabbathAfternoon-FalseBrethren-122824_compressed.txt	match	c0u_qKOB9Z4	text	Bishop	Bishop Kani	2024-12-28	en	BishopKani-SabbathAfternoon-FalseBrethren-122824	0.479	0.352	jIwR5qfhzog		
text/Bishop/Kani/en/BishopKani-SabbathAfternoon-ShesAWhore-090724_compressed.txt	match	Ds-PZDFURiE	text	Bishop	Bishop Kani	2024-09-07	en	BishopKani-SabbathAfternoon-ShesAWhore-090724	0.708	0.54			
text/Bishop/Kani/en/BishopKani_SabbathAfternoon_JesusChristTheWordBecameFlesh_031525.txt	match	3gCB2OjDOv8	text	Bishop	Bishop Kani	2025-03-15	en	BishopKani-SabbathAfternoon-JesusChristTheWordBecameFlesh-031525	0.84	0.271			
text/Bishop/Kani/en/BishopKani_SabbathAfternoon_ThePrayersOfTheSaints_113024_compressed.txt	match	SbA48Kp7drI	text	Bishop	Bishop Kani	2024-11-30	en	BishopKani-SabbathAfternoon-ThePrayersOfTheSaints-113024	0.799	0.67			
text/Bishop/Kani/en/BishopKani_SabbathAfternoon_TheWarBetweenBlacksAndWhites_011125.txt	match	B3IuvcBfCPc	text	Bishop	Bishop Kani	2025-01-11	en	BishopKani-SabbathAfternoon-TheWarBetweenBlacksAndWhites-011125	0.681	0.255			
text/Bishop/Kani/en/BishopKani_UnlearnedWrestleWithCommandments_SabbathAfternoon_051124.txt	match	dPuH7NbE5n4	text	Bishop	Bishop Kani	2024-05-11	en	BishopKani-UnlearnedWrestleWithCommandments-SabbathAfternoon-051124	0.618	0.37			
text/Bishop/Kani/en/Bishop_Kani_Afternoon_Class_Overcoming_Temptation_092323_.txt	match	XQ9zaCTDHrI	text	Bishop	Bishop Kani	2023-09-23	en	Bishop Kani - Afternoon Class - Overcoming Temptation - 092323	0.591	0.069			
text/Bishop/Kani/en/Bishop_Kani_Consider_What_You_Say_Every_Word_Heals_or_Hurts_compressed.txt	match	FDhJVmxbiXg	text	Bishop	Bishop Kani		en	Consider What You Say: Every Word Heals or Hurts	0.789	0.55			
text/Bishop/Kani/en/Bishop_Kani_Evening_Class_The_War_Within_&_Without_The_Battle_on.txt	none		text	Bishop	Bishop Kani		en	Bishop_Kani_Evening_Class_The_War_Within_&_Without_The_Battle_on					
text/Bishop/Kani/en/Bishop_Kani_Evening_Class_We_Must_Be_Hated_To_Be_Heard_10_18_25.txt	match	hl4QPnfexaQ	text	Bishop	Bishop Kani	2025-10-18	en	Bishop Kani - Evening Class - We Must Be Hated To Be Heard - 10/18/25	0.641	0.446			
text/Bishop/Kani/en/Bishop_Kani_SabbathAfternoon_OvercomeTurningSetbacksIntoComebacks2.txt	match	VCZQKNU02n4	text	Bishop	Bishop Kani	2024-02-24	en	Bishop Kani-SabbathAfternoon-OvercomeTurningSetbacksIntoComebacks2-022424	0.711	0.409			
text/Bishop/Kani/en/Bishop_Kani_SabbathAfternoon_Pay_The_Price_Pleasure_Now,_Regret.txt	match	LmS2WNcC-Rk	text	Bishop	Bishop Kani	2026-05-30	en	Bishop Kani - SabbathAfternoon - Pay The Price: Pleasure Now, Regret Late - 05/30/26	0.695	0.718			
text/Bishop/Kani/en/Bishop_Kani_SabbathEvening_FROM_MILK_TO_MEAT_TRAIN_ALL_YOUR_SENSES.txt	match	kw1RCi6Wuzk	text	Bishop	Bishop Kani	2026-09-19	en	Bishop Kani - SabbathEvening - FROM MILK TO MEAT: TRAIN ALL YOUR SENSES - 09/19/26	0.593	0.757			
text/Bishop/Kani/en/Bishop_Kani_SabbathEvening_GOD'S_PEOPLE_NEED_CHARITY,_HEALING,_&.txt	match	RyRdIO615fU	text	Bishop	Bishop Kani	2026-08-22	en	Bishop Kani - SabbathEvening - GOD'S PEOPLE NEED CHARITY, HEALING, & TRUST - 08/22/26	0.555	0.661			
text/Bishop/Kani/en/Bishop_Kani_Sabbath_Afternoon_Filled_With_The_Holy_Ghost_010624.txt	match	DY4DXSQjrto	text	Bishop	Bishop Kani	2024-01-06	en	Bishop Kani - Sabbath Afternoon - Filled With The Holy Ghost - 010624.docx	0.601	0.027			
text/Bishop/Kani/en/Bishop_Kani_Sabbath_Afternoon_It's_Easier_To_Avoid_Temptation_Than.txt	match	TrP2No8Xnlc	text	Bishop	Bishop Kani	2024-03-30	en	Bishop Kani - Sabbath Afternoon - It's Easier To Avoid Temptation Than To Resist The Devil - 033024	0.593	0.462			
text/Bishop/Kani/en/Bishop_Kani_Sabbath_Afternoon_Natural_Born_Killers_072724.txt	none		no text	Bishop	Bishop Kani	2024-07-27	en	Bishop_Kani_Sabbath_Afternoon_Natural_Born_Killers_072724					
text/Bishop/Kani/en/Bishop_Kani_Sabbath_Afternoon_Prepare_The_Chosen_Of_God_Shall_Be.txt	match	xIseAxPXpVk	text	Bishop	Bishop Kani	2024-03-02	en	Bishop Kani - Sabbath Afternoon - Prepare The Chosen Of God Shall Be Hated - 030224.docx	0.633	0.282			
text/Bishop/Kani/en/Bishop_Kani_Sabbath_Afternoon_Sex_Over_Salvation_071324_compressed.txt	match	HixPDa4a3uQ	text	Bishop	Bishop Kani	2024-07-13	en	Bishop Kani - Sabbath Afternoon - Sex Over Salvation - 071324	0.659	0.447			
text/Bishop/Kani/en/Bishop_Kani_Sabbath_Afternoon_The_Making_of_a_Leader_Destroy_and.txt	match	w-vqxlv-V-I	text	Bishop	Bishop Kani	2024-08-10	en	Bishop Kani - Sabbath Afternoon - The Making of a Leader: Destroy and Build - 081024	0.728	0.708			
text/Bishop/Kani/en/Bishop_Kani_Sabbath_Afternoon_YahawahsPowerForgivenessAndVengeance.txt	match	_HfJf3gKno4	text	Bishop	Bishop Kani	2023-11-04	en	Bishop Kani-Sabbath Afternoon-YahawahsPowerForgivenessAndVengeance-110423	0.693	0.436			
text/Bishop/Kani/en/Bishop_Kani_Sabbath_Evening_Class_Kingdom_Economics_Money_vs_Materials.txt	match	rVYNnF8dKMc	text	Bishop	Bishop Kani		en	Bishop_Kani_Sabbath_Evening_Class_Kingdom_Economics_Money_vs_Materials	0.553	0.008			
text/Bishop/Kani/en/Bishop_Kani_Sabbath_Evening_Class_Radicalize_The_Youth_12_06_2025.txt	match	mgZyw88Kvhs	text	Bishop	Bishop Kani	2025-12-06	en	Bishop_Kani_Sabbath_Evening_Class_Radicalize_The_Youth_12_06_2025	0.672	0.622			
text/Bishop/Kani/en/SabbathAfternoon_BishopKani_TheCostOfAdultery_101924_compressed.txt	match	9FHm8t32BpQ	text	Bishop	Bishop Kani	2024-10-19	en	SabbathAfternoon-BishopKani-TheCostOfAdultery-101924	0.719	0.591			
text/Bishop/Kani/en/Sabbath_Afternoon_Class_Bishop_Kani_Overcome_Turning_Setbacks_into.txt	match	bnDJ6f_kUxw	text	Bishop	Bishop Kani		en	Sabbath Afternoon Class: Bishop Kani - Overcome: Turning Setbacks into Comebacks	0.493	0.501			
text/Bishop/Kani/en/Sabbath_Class_Bishop_Kani_The_Red,_The_White,_and_the_Bruised_10112025.txt	match	mucBwf2P-zk	text	Bishop	Bishop Kani	2025-10-11	en	Sabbath Class Bishop Kani The Red, The White, and the Bruised 10112025	0.656	0.547			
text/Bishop/Kani/en/Trinity Destroyed By Bishop Kani.txt	none		no text	Bishop	Bishop Kani		en	Untitled document					
text/Bishop/Nathanyel/en/Bishop Nathanyel - SOT - DON’T Mock The Jews! - 082024.txt	probable	WdoeQeZ6mJg	text	Bishop	Bishop Nathanyel	2024-08-20	en	Bishop Nathanyel - SOT - DON’T Mock The Jews! - 082024	0.429	0.329			
text/Bishop/Nathanyel/en/Bishop Nathanyel - Sabbath Evening -  - 01.18.25_compressed.txt	match	TNspZpF-KlE	text	Bishop	Bishop Nathanyel	2025-01-18	en	Bishop Nathanyel - Sabbath Evening -  - 01.18.25	0.663	0.613			
text/Bishop/Nathanyel/en/Bishop Nathanyel - Sabbath Evening -  -2.txt	match	cnE0e9qU1hc	text	Bishop	Bishop Nathanyel		en	Bishop Nathanyel - Sabbath Evening -	0.621	0.367			
text/Bishop/Nathanyel/en/Bishop Nathanyel America_ Code Name Merodach 10_28_23.txt	match	DUgaKTdxW7w	text	Bishop	Bishop Nathanyel	2023-10-28	en	Bishop Nathanyel America: Code Name Merodach 10/28/23	0.643	0.413			
text/Bishop/Nathanyel/en/Bishop Nathanyel The_Voice_of_Them_That_Escape_Babylon.txt	none		text	Bishop	Bishop Nathanyel		en	Bishop Nathanyel The_Voice_of_Them_That_Escape_Babylon					
text/Bishop/Nathanyel/en/Bishop Nathanyel _ FOT Close _Chastised By God _10.21.23.txt	match	mxrUSmorBPE	text	Bishop	Bishop Nathanyel	2023-10-21	en	Bishop Nathanyel FOT Close Chastised By God 102123	0.59	0.549			
text/Bishop/Nathanyel/en/Bishop Nathanyel-SOT-African Puppets-121724-compressed (2).txt	match	3CkB7gxn-Bo	text	Bishop	Bishop Nathanyel	2024-12-17	en	Bishop Nathanyel-SOT-African Puppets-121724-compressed (2)	0.634	0.486	y7dNSz6XIVk		
text/Bishop/Nathanyel/en/Bishop Nathanyel-SOT-African Puppets-121724-compressed.txt	match	3CkB7gxn-Bo	text	Bishop	Bishop Nathanyel	2024-12-17	en	Bishop Nathanyel-SOT-African Puppets-121724-compressed	0.634	0.486	y7dNSz6XIVk		
text/Bishop/Nathanyel/en/Bishop Nathanyel-SOT-Shame On U.S!-102924-compressed.txt	match	pEeaTi89nQQ	text	Bishop	Bishop Nathanyel	2024-10-29	en	Bishop Nathanyel-SOT-Shame On U.S!-102924	0.632	0.616	b6v4yL-ya2M		
text/Bishop/Nathanyel/en/Shout_Out_Tuesday_The_Arab_History_of_H8_Part_2_Bishop_Nathanyel (2).txt	none		text	Bishop	Bishop Nathanyel	2023-10-10	en	Shout Out Tuesday-The Arab History of H8 Part 2-Bishop Nathanyel-10.10.23					
text/Bishop/Nathanyel/en/Shout_Out_Tuesday_The_Arab_History_of_H8_Part_2_Bishop_Nathanyel.txt	none		text	Bishop	Bishop Nathanyel	2023-10-10	en	Shout Out Tuesday-The Arab History of H8 Part 2-Bishop Nathanyel-10.10.23					
text/Bishop/Nathanyel/es/Bishop_Natahnyel_SOT_Candace_Owens_vs_The_Unholy_Rabbis_120225_compressed.txt	probable	gzDwdZryTDk	text	Bishop	Bishop Nathanyel	2025-12-02	es	Bishop Natahnyel-SOT-Candace Owens vs The Unholy Rabbis-120225	0.459				
text/Bishop/Nathanyel/es/Bishop_Nathanyel_Evening_Class_Does_The_Word_of_God_Offend_You_052425.txt	match	WaIcuHYexGs	text	Bishop	Bishop Nathanyel	2025-05-24	es	Bishop_Nathanyel_Evening_Class_Does_The_Word_of_God_Offend_You_052425	0.66				
text/Bishop/Nathanyel/es/Bishop_Nathanyel_Evening_Class_From_Chaos_To_Commander_In_Chief.txt	match	8vnEFt0HGxc	text	Bishop	Bishop Nathanyel		es	Bishop_Nathanyel_Evening_Class_From_Chaos_To_Commander_In_Chief	0.51				
text/Bishop/Nathanyel/es/Bishop_Nathanyel_Evening_Class_Lamenting_Our_Lost_People_02_03_2024.txt	match	EMjPAB2eZXg	text	Bishop	Bishop Nathanyel	2024-02-03	es	Bishop Nathanyel - Evening Class - Lamenting Our Lost People - 02/03/2024	0.592				
text/Bishop/Nathanyel/es/Bishop_Nathanyel_Evening_Class_Pacific_Rinig_Of_Fire_110825_compressed.txt	none		text	Bishop	Bishop Nathanyel	2025-11-08	es	Bishop_Nathanyel_Evening_Class_Pacific_Rinig_Of_Fire_110825_compressed					
text/Bishop/Nathanyel/es/Bishop_Nathanyel_Evening_Class_Palestine_And_The_Man_Of_Sin_101924.txt	match	0DwfIBNGOP0	text	Bishop	Bishop Nathanyel	2024-10-19	es	Bishop_Nathanyel_Evening_Class_Palestine_And_The_Man_Of_Sin_101924	0.584				
text/Bishop/Nathanyel/es/Bishop_Nathanyel_Evening_Class_Project_Esther_03_15_25_compressed.txt	match	v3tjeiEEpFg	text	Bishop	Bishop Nathanyel	2025-03-15	es	Bishop_Nathanyel_Evening_Class_Project_Esther_03_15_25_compressed	0.636				
text/Bishop/Nathanyel/es/Bishop_Nathanyel_Evening_Class_Religious_Roots_of_Injustice_030125.txt	match	7wFyX3IvcEE	text	Bishop	Bishop Nathanyel	2025-03-01	es	Bishop_Nathanyel_Evening_Class_Religious_Roots_of_Injustice_030125	0.646				
text/Bishop/Nathanyel/es/Bishop_Nathanyel_Evening_Class_THE_LAST_MAN_STANDING_011125_compressed.txt	match	7gYy1m-_ask	text	Bishop	Bishop Nathanyel	2025-01-11	es	Bishop Nathanyel - Evening Class - THE LAST MAN STANDING - 011125	0.693				
text/Bishop/Nathanyel/es/Bishop_Nathanyel_Evening_Class_The_Evil_Behind_Replacement_Theology.txt	match	oI5OTXgJEU8	text	Bishop	Bishop Nathanyel		es	Bishop_Nathanyel_Evening_Class_The_Evil_Behind_Replacement_Theology	0.597				
text/Bishop/Nathanyel/es/Bishop_Nathanyel_Evening_Class_Will_You_Be_Taken_or_Left_Behind.txt	none		text	Bishop	Bishop Nathanyel		es	Bishop_Nathanyel_Evening_Class_Will_You_Be_Taken_or_Left_Behind					
text/Bishop/Nathanyel/es/Bishop_Nathanyel_Evening_Sabbath_Class_Judges_of_the_Earth_051124.txt	match	EAiHhaWqq7I	text	Bishop	Bishop Nathanyel	2024-05-11	es	Bishop_Nathanyel_Evening_Sabbath_Class_Judges_of_the_Earth_051124	0.683				
text/Bishop/Nathanyel/es/Bishop_Nathanyel_Evening_Sabbath_Class_Recon_to_Ephesus_and_Smyrna.txt	match	wvcimtOtuBI	text	Bishop	Bishop Nathanyel	2024-05-25	es	Bishop Nathanyel - Evening Sabbath Class - Recon to Ephesus and Smyrna - 052524	0.625				
text/Bishop/Nathanyel/es/Bishop_Nathanyel_Nazi_Propoganda_is_the_ashke_nazi_agenda_Sabbath.txt	probable	481KBcZqhqI	text	Bishop	Bishop Nathanyel	2023-11-25	es	Bishop Nathanyel - Nazi Propoganda is the ashke-nazi agenda - Sabbath Evening Class - 11/25/2023	0.429				
text/Bishop/Nathanyel/es/Bishop_Nathanyel_SOT_A_Black_Lesbian_Plays_Jesus!_081225_compressed.txt	none		text	Bishop	Bishop Nathanyel	2025-08-12	es	Bishop Nathanyel-SOT-A Black Lesbian Plays Jesus?!-081225					
text/Bishop/Nathanyel/es/Bishop_Nathanyel_SOT_A_Must_Watch_For_Christians_and_Muslims_020425.txt	match	Ff1H0moKfxE	text	Bishop	Bishop Nathanyel	2025-02-04	es	Bishop Nathanyel-SOT-A Must Watch For Christians and Muslims-020425	0.547				
text/Bishop/Nathanyel/es/Bishop_Nathanyel_SOT_Africa's_Struggle_&_Israel's_Awakening_pt2 (2).txt	none		text	Bishop	Bishop Nathanyel	2025-06-03	es	Bishop Nathanyel-SOT-Africa's Struggle & Israel's Awakening pt2-060325					
text/Bishop/Nathanyel/es/Bishop_Nathanyel_SOT_Africa's_Struggle_&_Israel's_Awakening_pt2.txt	none		text	Bishop	Bishop Nathanyel	2025-06-03	es	Bishop Nathanyel-SOT-Africa's Struggle & Israel's Awakening pt2-060325					
text/Bishop/Nathanyel/es/Bishop_Nathanyel_SOT_Ancient_History_Revealed_In_Solomon_Islands.txt	match	p-mhTdGtHzA	text	Bishop	Bishop Nathanyel	2025-02-25	es	Bishop Nathanyel-SOT-Ancient History Revealed In Solomon Islands-022525	0.589				
text/Bishop/Nathanyel/es/Bishop_Nathanyel_SOT_Andrew_Tate_Condemn_The_AshkeNAZIS_121024_compressed.txt	none		text	Bishop	Bishop Nathanyel	2024-12-10	es	Bishop Nathanyel-SOT-Andrew Tate Condemn The AshkeNAZIS-121024					
text/Bishop/Nathanyel/es/Bishop_Nathanyel_SOT_Beware_Of_Lying_Christians_Because_They_Don’t.txt	match	JzyXpYCe0fM	text	Bishop	Bishop Nathanyel		es	Bishop_Nathanyel_SOT_Beware_Of_Lying_Christians_Because_They_Don’t	0.566				
text/Bishop/Nathanyel/es/Bishop_Nathanyel_SOT_Beware_of_Ashke_NAZI_Lies_061824_compressed.txt	none		text	Bishop	Bishop Nathanyel	2024-06-18	es	Bishop Nathanyel-SOT-Beware of Ashke-NAZI Lies-061824					
text/Bishop/Nathanyel/es/Bishop_Nathanyel_SOT_Bisho_Nathanyel_Discusses_Hidden_Topics_In.txt	match	dErUjZtjmBc	text	Bishop	Bishop Nathanyel	2025-01-07	es	Bishop Nathanyel-SOT-Bisho Nathanyel Discusses Hidden Topics In The Solomon Islands-010725	0.666				
text/Bishop/Nathanyel/es/Bishop_Nathanyel_SOT_Bishop_Nathanyel_Uncovers_Ghana's_Biblical.txt	match	nSgJmAAgae4	text	Bishop	Bishop Nathanyel	2025-07-01	es	Bishop Nathanyel-SOT-Bishop Nathanyel Uncovers Ghana's Biblical Roots on GTV #bfs-070125	0.693				
text/Bishop/Nathanyel/es/Bishop_Nathanyel_SOT_Black_Christian_Has_A_Mental_Breakdown_@_YT.txt	match	Q6kEdTCipPc	text	Bishop	Bishop Nathanyel	2024-08-13	es	Bishop Nathanyel-SOT-Black Christian Has A Mental Breakdown @ YT H@te-081324	0.556				
text/Bishop/Nathanyel/es/Bishop_Nathanyel_SOT_Black_Christian_Virgil_Walker_Says_Black_History.txt	none		text	Bishop	Bishop Nathanyel		es	Bishop_Nathanyel_SOT_Black_Christian_Virgil_Walker_Says_Black_History					
text/Bishop/Nathanyel/es/Bishop_Nathanyel_SOT_Black_Christians_Twerking_and_Join_LGBTQ_Community.txt	none		text	Bishop	Bishop Nathanyel	2024-02-06	es	Bishop Nathanyel-SOT-Black Christians Twerking and Join LGBTQ Community-020624					
text/Bishop/Nathanyel/es/Bishop_Nathanyel_SOT_Black_Jews!_False_or_Facts_110425_compressed.txt	none		text	Bishop	Bishop Nathanyel	2025-11-04	es	Bishop Nathanyel-SOT-Black Jews?! False or Facts-110425					
text/Bishop/Nathanyel/es/Bishop_Nathanyel_SOT_Bloody_Bahamas_w_Prime_Minister_Philip_Davis.txt	none		no text	Bishop	Bishop Nathanyel		es	Bishop_Nathanyel_SOT_Bloody_Bahamas_w_Prime_Minister_Philip_Davis					
text/Bishop/Nathanyel/es/Bishop_Nathanyel_SOT_Book_of_Clarence_commentary_013024_compressed.txt	none		text	Bishop	Bishop Nathanyel	2024-01-30	es	Bishop Nathanyel-SOT-Book of Clarence commentary-013024					
text/Bishop/Nathanyel/es/Bishop_Nathanyel_SOT_CNN_Rejects_Black_Media_and_Jim_Crow_Joe_070924.txt	match	M6Eri8idt8g	text	Bishop	Bishop Nathanyel	2024-07-09	es	Bishop_Nathanyel_SOT_CNN_Rejects_Black_Media_and_Jim_Crow_Joe_070924	0.683		XM6lrp79XZQ,kKqUF-lGk2Q		
text/Bishop/Nathanyel/es/Bishop_Nathanyel_SOT_Christianity's_Traditions_Are_Not_Biblical.txt	match	_eJzTWofaIU	text	Bishop	Bishop Nathanyel	2025-01-21	es	Bishop Nathanyel-SOT-Christianity's Traditions Are Not Biblical-012125	0.657		T8bNNqqzWrk		
text/Bishop/Nathanyel/es/Bishop_Nathanyel_SOT_Grooming_Inside_Hollywood_And_The_Black_Church.txt	match	jOv4cW3zm20	text	Bishop	Bishop Nathanyel	2024-05-21	es	Bishop Nathanyel-SOT-Grooming Inside Hollywood And The Black Church-052124	0.714				
text/Bishop/Nathanyel/es/Bishop_Nathanyel_SOT_How_Are_the_Khazars_Allowed_to_Commit_and_Proclaim.txt	match	7-wtbyhXUKY	text	Bishop	Bishop Nathanyel		es	Bishop_Nathanyel_SOT_How_Are_the_Khazars_Allowed_to_Commit_and_Proclaim	0.541				
text/Bishop/Nathanyel/es/Bishop_Nathanyel_SOT_Is_Christianity_Good_for_Black_People_HELL.txt	match	DlLOu45elVQ	text	Bishop	Bishop Nathanyel	2024-05-28	es	Bishop Nathanyel - SOT - Is Christianity Good for Black People? HELL NO! - 052824	0.594		S75zFPYFmwM		
text/Bishop/Nathanyel/es/Bishop_Nathanyel_SOT_Israeli_Secret_Plot_Against_Blacks!_032624.txt	match	epmStAgjDW4	text	Bishop	Bishop Nathanyel	2024-03-26	es	Bishop Nathanyel-SOT-Israeli Secret Plot Against Blacks!-032624	0.537		875DIZCFB_k		
text/Bishop/Nathanyel/es/Bishop_Nathanyel_SOT_Kamala_Harris,_Young_Gifted_and_Black_080624.txt	none		text	Bishop	Bishop Nathanyel	2024-08-06	es	Bishop_Nathanyel_SOT_Kamala_Harris,_Young_Gifted_and_Black_080624					
text/Bishop/Nathanyel/es/Bishop_Nathanyel_SOT_Khazars_underground_tunnels_for_trafficking.txt	none		no text	Bishop	Bishop Nathanyel	2024-01-15	es	Bishop Nathanyel-SOT-Khazars underground tunnels for trafficking-011524					
text/Bishop/Nathanyel/es/Bishop_Nathanyel_SOT_Proof_The_FBI_Has_Infiltrated_Israelite_Congregations.txt	probable	dJg466ooubs	text	Bishop	Bishop Nathanyel	2025-02-18	es	Bishop Nathanyel-SOT-Proof The FBI Has Infiltrated Israelite Congregations-021825	0.4				
text/Bishop/Nathanyel/es/Bishop_Nathanyel_SOT_Should_The_Christian_Church_Pay_Reparations.txt	probable	G_7nU7T9IAk	text	Bishop	Bishop Nathanyel	2024-04-09	es	Bishop Nathanyel-SOT-Should The Christian Church Pay Reparations?-040924	0.488				
text/Bishop/Nathanyel/es/Bishop_Nathanyel_SOT_The_Devil_Gets_Revealed_On_Solomon_Island_021125.txt	match	68zgLdPChhg	text	Bishop	Bishop Nathanyel	2025-02-11	es	Bishop Nathanyel-SOT-The Devil Gets Revealed On Solomon Island-021125	0.662				
text/Bishop/Nathanyel/es/Bishop_Nathanyel_SOT_The_Plot_Against_Ibrahim_Traore_and_Christian.txt	none		text	Bishop	Bishop Nathanyel	2025-06-17	es	Bishop Nathanyel-SOT-The Plot Against Ibrahim Traore and Christian Lies-061725					
text/Bishop/Nathanyel/es/Bishop_Nathanyel_SOT_The_Pope's_Agenda_Is_to_Unite_All_World_Leaders.txt	none		text	Bishop	Bishop Nathanyel		es	Bishop_Nathanyel_SOT_The_Pope's_Agenda_Is_to_Unite_All_World_Leaders					
text/Bishop/Nathanyel/es/Bishop_Nathanyel_SOT_White_Men_Policy_Is_Let_Africans_Die_neverseenbefore.txt	none		text	Bishop	Bishop Nathanyel	2025-03-04	es	Bishop Nathanyel-SOT-White Men Policy Is Let Africans Die #neverseenbefore #newtoyou-030425					
text/Bishop/Nathanyel/es/Bishop_Nathanyel_SOT_Why_The_World_Is_Turning_On_IsraelGaza_War.txt	match	f7E5Kzc4Hgw	text	Bishop	Bishop Nathanyel	2025-10-08	es	Bishop Nathanyel-SOT-Why The World Is Turning On Israel?Gaza War & Palestine Recognition-100825	0.679				
text/Bishop/Nathanyel/es/Bishop_Nathanyel_SabbathEvening_CHRIST_THE_ENEMY_OF_CHRISTIANITY.txt	match	e51lFpTuIds	text	Bishop	Bishop Nathanyel	2026-01-10	es	Bishop Nathanyel - SabbathEvening - CHRIST: THE ENEMY OF CHRISTIANITY - 01/10/26	0.639				
text/Bishop/Nathanyel/es/Bishop_Nathanyel_SabbathEvening_Deceived_By_Enticing_Words_Colossians.txt	match	AP1-gbdhOv8	text	Bishop	Bishop Nathanyel	2026-06-06	es	Bishop Nathanyel - SabbathEvening - Deceived By Enticing Words: Colossians 2 - 6/6/26	0.65				
text/Bishop/Nathanyel/es/Bishop_Nathanyel_SabbathEvening_FROM_BROTHER_TO_BETRAYER_06_13_26.txt	match	Qw2v07pohR4	text	Bishop	Bishop Nathanyel	2026-06-13	es	Bishop Nathanyel - SabbathEvening - FROM BROTHER TO BETRAYER - 06/13/26	0.627				
text/Bishop/Nathanyel/es/Bishop_Nathanyel_SabbathEvening_JOB_SEES_AMERICA'S_250TH_ANNIVERSARY.txt	match	oDJQWLjahKg	text	Bishop	Bishop Nathanyel		es	Bishop_Nathanyel_SabbathEvening_JOB_SEES_AMERICA'S_250TH_ANNIVERSARY	0.671				
text/Bishop/Nathanyel/es/Bishop_Nathanyel_SabbathEvening_PrepareForTheMaccabeesPerils_122323.txt	none		text	Bishop	Bishop Nathanyel	2023-12-23	es	Bishop Nathanyel-SabbathEvening-PrepareForTheMaccabeesPerils-122323					
text/Bishop/Nathanyel/es/Bishop_Nathanyel_SabbathEvening_THE_MADMEN_OF_CHINA_AND_THEIR_HATRED.txt	match	6XyhSewrzz0	text	Bishop	Bishop Nathanyel	2026-06-20	es	Bishop Nathanyel - SabbathEvening - THE MADMEN OF CHINA AND THEIR HATRED FOR BLACK PEOPLE - 06/20/26	0.587				
text/Bishop/Nathanyel/es/Bishop_Nathanyel_SabbathEvening_THE_NEGRO_COMMUNITY_A_WASTE_LAND.txt	match	U39hwR1pDTQ	text	Bishop	Bishop Nathanyel	2026-06-27	es	Bishop Nathanyel - SabbathEvening - THE NEGRO COMMUNITY A WASTE LAND OF TEARS - 06/27/26	0.67				
text/Bishop/Nathanyel/es/Bishop_Nathanyel_SabbathEvening_The_Waters_of_Noah_Will_Be_Fire.txt	match	cnDvZpSxtIk	text	Bishop	Bishop Nathanyel	2026-08-29	es	Bishop Nathanyel - SabbathEvening - The Waters of Noah Will Be Fire - 8/29/26	0.749				
text/Bishop/Nathanyel/es/Bishop_Nathanyel_SabbathEvening_WE_ARE_BORN_IN_BABYLON_08_1_26_compressed.txt	match	FpEHxWGgai8	text	Bishop	Bishop Nathanyel	2026-08-01	es	Bishop Nathanyel - SabbathEvening - WE ARE BORN IN BABYLON - 08/1/26	0.627				
text/Bishop/Nathanyel/es/Bishop_Nathanyel_SabbathEvening_WHEN_CHILDREN_WALK_IN_A_LAND_OF (2).txt	match	prkbCwWAhfs	text	Bishop	Bishop Nathanyel	2026-09-12	es	Bishop Nathanyel - SabbathEvening - WHEN CHILDREN WALK IN A LAND OF SHADOWS, PT. 2 - 09/12/26	0.671				
text/Bishop/Nathanyel/es/Bishop_Nathanyel_SabbathEvening_WHEN_CHILDREN_WALK_IN_A_LAND_OF.txt	match	5Q2rftmZNcg	text	Bishop	Bishop Nathanyel	2026-09-05	es	Bishop Nathanyel - SabbathEvening - WHEN CHILDREN WALK IN A LAND OF SHADOWS - 09/5/26	0.549				
text/Bishop/Nathanyel/es/Bishop_Nathanyel_SabbathEvening_Worldwide_Blitz_5_2_26_compressed.txt	match	93fP6cddXrs	text	Bishop	Bishop Nathanyel	2026-05-02	es	Bishop Nathanyel - SabbathEvening - Worldwide Blitz - 5/2/26	0.606				
text/Bishop/Nathanyel/es/Bishop_Nathanyel_SabbathEvening_ZIONISM_IN_THE_FACE_OF_SYRIA_&_HEZBOLLAH.txt	match	1vtxrpoLjyM	text	Bishop	Bishop Nathanyel	2026-03-28	es	Bishop Nathanyel - SabbathEvening - ZIONISM IN THE FACE OF SYRIA & HEZBOLLAH - 3/28/26	0.713				
text/Bishop/Nathanyel/es/Bishop_Nathanyel_Sabbath_Evening_112225_compressed_1_compressed.txt	match	aSKl5k_IWzo	text	Bishop	Bishop Nathanyel	2025-11-22	es	Bishop_Nathanyel_Sabbath_Evening_112225_compressed_1_compressed	0.737				
text/Bishop/Nathanyel/es/Bishop_Nathanyel_Sabbath_Evening_2025_Men's_Conference_Recap_080925.txt	match	FLLfnFohZyc	text	Bishop	Bishop Nathanyel	2025-08-09	es	Bishop_Nathanyel_Sabbath_Evening_2025_Men's_Conference_Recap_080925	0.635				
text/Bishop/Nathanyel/es/Bishop_Nathanyel_Sabbath_Evening_A_Battle_Against_S_T_Ds_Spiritually.txt	match	zyQd-HkqjwQ	text	Bishop	Bishop Nathanyel	2024-06-15	es	Bishop Nathanyel - Sabbath Evening - A Battle Against S.T.Ds Spiritually Transmitted Demons- 061524	0.6				
text/Bishop/Nathanyel/es/Bishop_Nathanyel_Sabbath_Evening_America's_New_State_of_Hate_Policies.txt	match	xq2_FUAs2XE	text	Bishop	Bishop Nathanyel	2024-07-20	es	Bishop Nathanyel - Sabbath Evening - America's New State of Hate Policies - 072024	0.612				
text/Bishop/Nathanyel/es/Bishop_Nathanyel_Sabbath_Evening_Assata_&_Saddam_A_tale_of_2_Revolutions.txt	match	Dz9y53bdfd4	text	Bishop	Bishop Nathanyel		es	Bishop_Nathanyel_Sabbath_Evening_Assata_&_Saddam_A_tale_of_2_Revolutions	0.63				
text/Bishop/Nathanyel/es/Bishop_Nathanyel_Sabbath_Evening_BLACK_ALLIANCE_WITH_A_SHADOW_GOVERNMENT.txt	match	Et-03cHgfDU	text	Bishop	Bishop Nathanyel		es	Bishop_Nathanyel_Sabbath_Evening_BLACK_ALLIANCE_WITH_A_SHADOW_GOVERNMENT	0.638				
text/Bishop/Nathanyel/es/Bishop_Nathanyel_Sabbath_Evening_Battle_Fatigue_050424_compressed.txt	none		text	Bishop	Bishop Nathanyel	2024-05-04	es	Bishop Nathanyel - Sabbath Evening - Battle Fatigue - 050424					
text/Bishop/Nathanyel/es/Bishop_Nathanyel_Sabbath_Evening_Becoming_The_Bride_Of_Christ_062224.txt	match	_74hyjRBwjM	text	Bishop	Bishop Nathanyel	2024-06-22	es	Bishop_Nathanyel_Sabbath_Evening_Becoming_The_Bride_Of_Christ_062224	0.655				
text/Bishop/Nathanyel/es/Bishop_Nathanyel_Sabbath_Evening_Christian_Dogma_121424_compressed.txt	none		text	Bishop	Bishop Nathanyel	2024-12-14	es	Bishop_Nathanyel_Sabbath_Evening_Christian_Dogma_121424_compressed					
text/Bishop/Nathanyel/es/Bishop_Nathanyel_Sabbath_Evening_Class_Apocalypse_Approaching_100723.txt	match	w4xq3pRsMZM	text	Bishop	Bishop Nathanyel	2023-10-07	es	Bishop Nathanyel - Sabbath Evening Class- Apocalypse Approaching-100723	0.609				
text/Bishop/Nathanyel/es/Bishop_Nathanyel_Sabbath_Evening_Class_Ashke_nazis_Blow_up_Gaza.txt	match	zepOyiAQOWo	text	Bishop	Bishop Nathanyel		es	Bishop Nathanyel	0.652				
text/Bishop/Nathanyel/es/Bishop_Nathanyel_Sabbath_Evening_Class_From_the_River_to_the_Sea.txt	probable	mS6qcYR9lbk	text	Bishop	Bishop Nathanyel	2024-01-13	es	Bishop Nathanyel - Sabbath Evening Class - From the River to the Sea Our People Will Be Free - 01.13.24	0.483				
text/Bishop/Nathanyel/es/Bishop_Nathanyel_Sabbath_Evening_Class_Israel_1948_Where_will_Armageddon.txt	match	mlE59Wr_Cv8	text	Bishop	Bishop Nathanyel	2023-11-04	es	Bishop Nathanyel - Sabbath Evening Class - Israel 1948: Where will Armageddon Take Place? - 11/04/23	0.641				
text/Bishop/Nathanyel/es/Bishop_Nathanyel_Sabbath_Evening_Class_Jubilee_The_Year_To_Be_Set.txt	match	-QJZ04vGiMw	text	Bishop	Bishop Nathanyel		es	Bishop_Nathanyel_Sabbath_Evening_Class_Jubilee_The_Year_To_Be_Set	0.667				
text/Bishop/Nathanyel/es/Bishop_Nathanyel_Sabbath_Evening_Class_Judgment_for_the_Mysteries (2).txt	match	c7ql6idxuKw	text	Bishop	Bishop Nathanyel	2024-02-24	es	Bishop Nathanyel - Sabbath Evening Class - Judgment for the Mysteries of God - 022424	0.681				
text/Bishop/Nathanyel/es/Bishop_Nathanyel_Sabbath_Evening_Class_Judgment_for_the_Mysteries.txt	match	c7ql6idxuKw	text	Bishop	Bishop Nathanyel	2024-02-24	es	Bishop Nathanyel - Sabbath Evening Class - Judgment for the Mysteries of God - 022424	0.645				
text/Bishop/Nathanyel/es/Bishop_Nathanyel_Sabbath_Evening_Class_Learning_to_See_With_Spiritual.txt	none		no text	Bishop	Bishop Nathanyel		es	Sabbath Evening Class					
text/Bishop/Nathanyel/es/Bishop_Nathanyel_Sabbath_Evening_Class_OPERATION_MIDNIGHT_HAMMER.txt	match	5FhMWXGhp-0	text	Bishop	Bishop Nathanyel		es	Bishop_Nathanyel_Sabbath_Evening_Class_OPERATION_MIDNIGHT_HAMMER	0.665				
text/Bishop/Nathanyel/es/Bishop_Nathanyel_Sabbath_Evening_Class_Persecution_&_Stoning_Of.txt	match	_fSDmAf2_mA	text	Bishop	Bishop Nathanyel		es	Bishop_Nathanyel_Sabbath_Evening_Class_Persecution_&_Stoning_Of	0.78				
text/Bishop/Nathanyel/es/Bishop_Nathanyel_Sabbath_Evening_Class_The_Keys_to_Hell_&_Death.txt	match	-K7aqromATQ	text	Bishop	Bishop Nathanyel		es	Bishop Nathanyel	0.64				
text/Bishop/Nathanyel/es/Bishop_Nathanyel_Sabbath_Evening_Class_The_Plot_and_Devastation.txt	probable	wXtq-ETpB38	text	Bishop	Bishop Nathanyel	2023-10-14	es	Bishop Nathanyel - Sabbath Evening Class - The Plot and Devastation of Gaza in the Bible - 101423	0.486		lLnOHLGpDgU		
text/Bishop/Nathanyel/es/Bishop_Nathanyel_Sabbath_Evening_Class_The_Seed_oOf_Good,_The_Seed.txt	none		text	Bishop	Bishop Nathanyel	2024-01-20	es	Bishop Nathanyel - Sabbath Evening Class - The Seed oOf Good, The Seed Of Evil, 01/20/24					
text/Bishop/Nathanyel/es/Bishop_Nathanyel_Sabbath_Evening_Class_The_Song_Of_Moses_&_The_Song.txt	match	iuzfzwu8o0c	text	Bishop	Bishop Nathanyel	2024-04-27	es	Bishop Nathanyel - Sabbath Evening Class - The Song Of Moses & The Song Of The Lamb - 042724	0.619				
text/Bishop/Nathanyel/es/Bishop_Nathanyel_Sabbath_Evening_Class_They_tried_to_Use_the_Bible.txt	match	3TKHbfNf2z4	text	Bishop	Bishop Nathanyel		es	Sabbath Evening Class Bishop Nathanyel They tried to Use the Bible to Destroy us	0.63				
text/Bishop/Nathanyel/es/Bishop_Nathanyel_Sabbath_Evening_Class_Unlocking_The_3_Angels_Prophecies.txt	match	sFGEWZ_icMo	text	Bishop	Bishop Nathanyel	2024-08-03	es	Bishop Nathanyel - Sabbath Evening Class - Unlocking The 3 Angels: Prophecies & More - 08/03/24	0.695				
text/Bishop/Nathanyel/es/Bishop_Nathanyel_Sabbath_Evening_Class_Wickedness_The_Grain_of_Evil.txt	match	Pbm9vgNp3CY	text	Bishop	Bishop Nathanyel	2023-09-30	es	Bishop Nathanyel - Sabbath Evening Class -Wickedness: The Grain of Evil Seed - 093023	0.621				
text/Bishop/Nathanyel/es/Bishop_Nathanyel_Sabbath_Evening_From_Desolation_to_Dominion_090724.txt	match	QiqRjb5boSQ	text	Bishop	Bishop Nathanyel	2024-09-07	es	Bishop Nathanyel - Sabbath Evening - From Desolation to Dominion - 090724	0.685				
text/Bishop/Nathanyel/es/Bishop_Nathanyel_Sabbath_Evening_God_of_War_082325_compressed.txt	match	F_nhaOAeXoQ	text	Bishop	Bishop Nathanyel	2025-08-23	es	Bishop Nathanyel - Sabbath Evening - God of War - 082325	0.777				
text/Bishop/Nathanyel/es/Bishop_Nathanyel_Sabbath_Evening_Identifying_Babylon_The_Great_01.txt	match	kmqWQHTdbSs	text	Bishop	Bishop Nathanyel		es	Bishop_Nathanyel_Sabbath_Evening_Identifying_Babylon_The_Great_01	0.655				
text/Bishop/Nathanyel/es/Bishop_Nathanyel_Sabbath_Evening_Idolatry_America's_Last_Sin_072724.txt	none		no text	Bishop	Bishop Nathanyel	2024-07-27	es	Bishop Nathanyel - Sabbath Evening - Idolatry- America's Last Sin - 072724.docx					
text/Bishop/Nathanyel/es/Bishop_Nathanyel_Sabbath_Evening_Iran_Calls_For_Jihad_In_The_United (2).txt	match	BJKef7CYNe8	text	Bishop	Bishop Nathanyel		es	Bishop_Nathanyel_Sabbath_Evening_Iran_Calls_For_Jihad_In_The_United (2)	0.697				
text/Bishop/Nathanyel/es/Bishop_Nathanyel_Sabbath_Evening_Iran_Calls_For_Jihad_In_The_United (3).txt	none		text	Bishop	Bishop Nathanyel		es	Bishop_Nathanyel_Sabbath_Evening_Iran_Calls_For_Jihad_In_The_United (3)					
text/Bishop/Nathanyel/es/Bishop_Nathanyel_Sabbath_Evening_Iran_Calls_For_Jihad_In_The_United.txt	match	BJKef7CYNe8	text	Bishop	Bishop Nathanyel		es	Bishop_Nathanyel_Sabbath_Evening_Iran_Calls_For_Jihad_In_The_United	0.697				
text/Bishop/Nathanyel/es/Bishop_Nathanyel_Sabbath_Evening_Israel_On_The_Islands_Of_The_Sea.txt	match	wSs_GhzBz7s	text	Bishop	Bishop Nathanyel	2024-08-31	es	Bishop Nathanyel - Sabbath Evening -  Israel On The Islands Of The Sea  - 083124	0.727				
text/Bishop/Nathanyel/es/Bishop_Nathanyel_Sabbath_Evening_Japan_In_The_Bible_030224.txt	none		text	Bishop	Bishop Nathanyel	2024-03-02	es	Bishop_Nathanyel_Sabbath_Evening_Japan_In_The_Bible_030224					
text/Bishop/Nathanyel/es/Bishop_Nathanyel_Sabbath_Evening_Nephilim_And_the_Warnings_of_Jude.txt	match	p07mRoV4BYo	text	Bishop	Bishop Nathanyel	2024-06-29	es	Bishop Nathanyel - Sabbath Evening - Nephilim And the Warnings of Jude - 062924	0.757				
text/Bishop/Nathanyel/es/Bishop_Nathanyel_Sabbath_Evening_Only_A_God_Phenomenon_Can_Change.txt	match	mNXWLP9k-WI	text	Bishop	Bishop Nathanyel		es	Bishop_Nathanyel_Sabbath_Evening_Only_A_God_Phenomenon_Can_Change	0.688				
text/Bishop/Nathanyel/es/Bishop_Nathanyel_Sabbath_Evening_Pharaohs,_Mysteries_&_Prophecies.txt	match	90A-k-1wXhg	text	Bishop	Bishop Nathanyel		es	Bishop_Nathanyel_Sabbath_Evening_Pharaohs,_Mysteries_&_Prophecies	0.691				
text/Bishop/Nathanyel/es/Bishop_Nathanyel_Sabbath_Evening_Prophecy_From_Pain_To_Peace_03.txt	probable	EUL_omVPaWc	text	Bishop	Bishop Nathanyel		es	Bishop_Nathanyel_Sabbath_Evening_Prophecy_From_Pain_To_Peace_03	0.456				
text/Bishop/Nathanyel/es/Bishop_Nathanyel_Sabbath_Evening_Putin_Opens_Russias_Vault_033024.txt	match	YYaP66DcEmk	text	Bishop	Bishop Nathanyel	2024-03-30	es	Bishop Nathanyel - Sabbath Evening - Putin Opens Russia's Vault - 033024	0.574				
text/Bishop/Nathanyel/es/Bishop_Nathanyel_Sabbath_Evening_Quest_8_Searching_&_Seeking_for.txt	match	KsTXzp3-Bto	text	Bishop	Bishop Nathanyel		es	Bishop_Nathanyel_Sabbath_Evening_Quest_8_Searching_&_Seeking_for	0.711				
text/Bishop/Nathanyel/es/Bishop_Nathanyel_Sabbath_Evening_RELIGION_THE_FALSE_PROPHET_04_04.txt	match	JLhHPemmiSk	text	Bishop	Bishop Nathanyel	2026-04-04	es	Bishop Nathanyel - Sabbath Evening - RELIGION: THE FALSE PROPHET -  04.04.2026	0.631				
text/Bishop/Nathanyel/es/Bishop_Nathanyel_Sabbath_Evening_RESISTING_RELIGIOUS_CHAINS_OF_OPPRESSION (2).txt	match	gzOGZVQRDj0	text	Bishop	Bishop Nathanyel		es	Bishop_Nathanyel_Sabbath_Evening_RESISTING_RELIGIOUS_CHAINS_OF_OPPRESSION (2)	0.734				
text/Bishop/Nathanyel/es/Bishop_Nathanyel_Sabbath_Evening_RESISTING_RELIGIOUS_CHAINS_OF_OPPRESSION.txt	match	gzOGZVQRDj0	text	Bishop	Bishop Nathanyel		es	Bishop_Nathanyel_Sabbath_Evening_RESISTING_RELIGIOUS_CHAINS_OF_OPPRESSION	0.734				
text/Bishop/Nathanyel/es/Bishop_Nathanyel_Sabbath_Evening_Resurrection_Of_The_Walking_Dead.txt	match	YwHFtd9su84	text	Bishop	Bishop Nathanyel	2024-03-23	es	Bishop Nathanyel - Sabbath Evening - Resurrection Of The Walking Dead - 032324	0.579		thVEa7-AMIo		
text/Bishop/Nathanyel/es/Bishop_Nathanyel_Sabbath_Evening_THE_CHEMARIMS_&_CATERPILLARS_FOR.txt	match	Ogq8ZVwtDRM	text	Bishop	Bishop Nathanyel	2023-12-30	es	Bishop Nathanyel - Sabbath Evening - THE CHEMARIMS & CATERPILLARS FOR GAZA - 12/30/23	0.611				
text/Bishop/Nathanyel/es/Bishop_Nathanyel_Sabbath_Evening_The_4_Temples_In_Jerusalem_111525.txt	match	fLYuJrzNSgY	text	Bishop	Bishop Nathanyel	2025-11-15	es	Bishop Nathanyel - Sabbath Evening - The 4 Temples In Jerusalem - 111525	0.666				
text/Bishop/Nathanyel/es/Bishop_Nathanyel_Sabbath_Evening_The_Black_BoulÃ©_&_Bourgeoisie.txt	match	mkiExG7y_UA	text	Bishop	Bishop Nathanyel		es	Bishop_Nathanyel_Sabbath_Evening_The_Black_BoulÃ©_&_Bourgeoisie	0.692				
text/Bishop/Nathanyel/es/Bishop_Nathanyel_Sabbath_Evening_The_Black_Winter_Is_Jacob’s_Trouble.txt	none		text	Bishop	Bishop Nathanyel		es	Bishop_Nathanyel_Sabbath_Evening_The_Black_Winter_Is_Jacob’s_Trouble					
text/Bishop/Nathanyel/es/Bishop_Nathanyel_Sabbath_Evening_The_Disturbing_Truth_071324_compressed.txt	match	7eibXgwt3W0	text	Bishop	Bishop Nathanyel	2024-07-13	es	Bishop Nathanyel - Sabbath Evening - The Disturbing Truth - 071324	0.81		msamflsJMAs		
text/Bishop/Nathanyel/es/Bishop_Nathanyel_Sabbath_Evening_The_Gospel_Is_Black_Liberation.txt	match	JDW1q70sbhI	text	Bishop	Bishop Nathanyel		es	Bishop_Nathanyel_Sabbath_Evening_The_Gospel_Is_Black_Liberation	0.657				
text/Bishop/Nathanyel/es/Bishop_Nathanyel_Sabbath_Evening_The_Hidden_Tyranny_Of_Zionism_02.txt	match	VQMwcAjwkDw	text	Bishop	Bishop Nathanyel		es	Bishop_Nathanyel_Sabbath_Evening_The_Hidden_Tyranny_Of_Zionism_02	0.625				
text/Bishop/Nathanyel/es/Bishop_Nathanyel_Sabbath_Evening_The_Negro_Bible_112925_compressed.txt	probable	8F_OivZ9pYg	text	Bishop	Bishop Nathanyel	2025-11-29	es	Bishop_Nathanyel_Sabbath_Evening_The_Negro_Bible_112925_compressed	0.411				
text/Bishop/Nathanyel/es/Bishop_Nathanyel_Sabbath_Evening_The_Prophecy_of_Balaam_070624_compressed.txt	match	uL_FmbE6qKA	text	Bishop	Bishop Nathanyel	2024-07-06	es	Bishop Nathanyel - Sabbath Evening - The Prophecy of Balaam - 070624	0.612				
text/Bishop/Nathanyel/es/Bishop_Nathanyel_Sabbath_Evening_The_Rise_&_Fall_Of_The_Pharisees.txt	match	DyzYPqC3mPs	text	Bishop	Bishop Nathanyel		es	Bishop_Nathanyel_Sabbath_Evening_The_Rise_&_Fall_Of_The_Pharisees	0.659				
text/Bishop/Nathanyel/es/Bishop_Nathanyel_Sabbath_Evening_The_Trials_Of_God's_Servants_041925.txt	match	g604eNCOyGI	text	Bishop	Bishop Nathanyel	2025-04-19	es	Bishop_Nathanyel_Sabbath_Evening_The_Trials_Of_God's_Servants_041925	0.587				
text/Bishop/Nathanyel/es/Bishop_Nathanyel_Sabbath_Evening_Trump_&_The_Epiphanes_Complex_020125.txt	match	Dt0hL9vHpZ8	text	Bishop	Bishop Nathanyel	2025-02-01	es	Bishop_Nathanyel_Sabbath_Evening_Trump_&_The_Epiphanes_Complex_020125	0.576				
text/Bishop/Nathanyel/es/Bishop_Nathanyel_Sabbath_Evening_UFOS_In_America_12_28_24_compressed.txt	match	7m5JjhAo3lM	text	Bishop	Bishop Nathanyel	2024-12-28	es	Bishop Nathanyel - Sabbath Evening - UFOS In America - 12.28.24	0.536				
text/Bishop/Nathanyel/es/Bishop_Nathanyel_Sabbath_Evening_Yes_The_Bible_Offends_Me_05_31.txt	match	7fmmdSKN7hU	text	Bishop	Bishop Nathanyel		es	Bishop_Nathanyel_Sabbath_Evening_Yes_The_Bible_Offends_Me_05_31	0.689				
text/Bishop/Nathanyel/es/Bishop_Nathanyel_Sabbath_Evening_Zechariah's_Leadership_081024.txt	match	uG32K9aIbYw	text	Bishop	Bishop Nathanyel	2024-08-10	es	Bishop Nathanyel - Sabbath Evening - Zechariah's Leadership - 081024	0.648				
text/Bishop/Nathanyel/es/Bishop_Nathanyel_Shout_Out_Tuesday_3_Abrahamic_Houses_081925_compressed.txt	none		text	Bishop	Bishop Nathanyel	2025-08-19	es	Bishop Nathanyel-Shout Out Tuesday-3 Abrahamic Houses-081925					
text/Bishop/Nathanyel/es/Bishop_Nathanyel_Shout_Out_Tuesday_A_Candid_Q&A_with_Kenyan_Media.txt	match	3E_jMEX1XVE	text	Bishop	Bishop Nathanyel	2025-05-13	es	Bishop Nathanyel-Shout Out Tuesday-A Candid Q&A with Kenyan Media-051325	0.507				
text/Bishop/Nathanyel/es/Bishop_Nathanyel_Shout_Out_Tuesday_A_Must_Watch_for_Christians_and.txt	match	Ff1H0moKfxE	text	Bishop	Bishop Nathanyel		es	Bishop_Nathanyel_Shout_Out_Tuesday_A_Must_Watch_for_Christians_and	0.624		Rnbk-lBZ-7A		
text/Bishop/Nathanyel/es/Bishop_Nathanyel_Shout_Out_Tuesday_Africans_Suffer_from_Racial_Idolatry (2).txt	none		text	Bishop	Bishop Nathanyel	2025-06-10	es	Bishop Nathanyel-Shout Out Tuesday-Africans Suffer from Racial Idolatry-061025					
text/Bishop/Nathanyel/es/Bishop_Nathanyel_Shout_Out_Tuesday_Africans_Suffer_from_Racial_Idolatry.txt	none		text	Bishop	Bishop Nathanyel	2025-06-10	es	Bishop Nathanyel-Shout Out Tuesday-Africans Suffer from Racial Idolatry-061025					
text/Bishop/Nathanyel/es/Bishop_Nathanyel_Shout_Out_Tuesday_Africa’s_Struggle_and_Israel’s.txt	match	BTsWzT7lDDs	text	Bishop	Bishop Nathanyel	2025-05-27	es	Bishop Nathanyel-Shout Out Tuesday-Africa’s Struggle and Israel’s Awakening: Bishop Nathanyel on Mumbis TV-052725	0.622				
text/Bishop/Nathanyel/es/Bishop_Nathanyel_Shout_Out_Tuesday_Arab_Muslims_Mock_and_Hate_Black.txt	none		text	Bishop	Bishop Nathanyel	2023-09-26	es	Bishop Nathanyel Shout Out Tuesday Arab Muslims Mock and Hate Black People 092623					
text/Bishop/Nathanyel/es/Bishop_Nathanyel_Shout_Out_Tuesday_Arabs_In_Lebanon_Enslave_Black.txt	none		text	Bishop	Bishop Nathanyel	2023-12-05	es	Bishop Nathanyel- Shout Out Tuesday- Arabs In Lebanon Enslave Black People- 12052023					
text/Bishop/Nathanyel/es/Bishop_Nathanyel_Shout_Out_Tuesday_Bishop_Nathanyel_Talks_Corrupt.txt	none		text	Bishop	Bishop Nathanyel	2025-09-02	es	Bishop Nathanyel-Shout Out Tuesday-Bishop Nathanyel Talks Corrupt African Leaders-090225					
text/Bishop/Nathanyel/es/Bishop_Nathanyel_Shout_Out_Tuesday_Black_Muslims_Confused_Loss_of.txt	none		text	Bishop	Bishop Nathanyel	2023-10-24	es	Bishop Nathanyel shout out Tuesday 10/24/23					
text/Bishop/Nathanyel/es/Bishop_Nathanyel_Shout_Out_Tuesday_CNN_Caucasian_News_Network_Rejects.txt	probable	M6Eri8idt8g	text	Bishop	Bishop Nathanyel	2024-11-26	es	Bishop Nathanyel - Shout Out Tuesday - CNN (Caucasian News Network) Rejects Black Media & Joe Biden (Jim Crow) - 112624	0.474				
text/Bishop/Nathanyel/es/Bishop_Nathanyel_Shout_Out_Tuesday_Candace_Owens_VS_The_unholy_in.txt	none		no text	Bishop	Bishop Nathanyel	2024-04-16	es	Bishop Nathanyel_Shout Out Tuesday _Candace Owens VS The unholy in Rabbis_04/16/24					
text/Bishop/Nathanyel/es/Bishop_Nathanyel_Shout_Out_Tuesday_Charlie_Brown_and_Nick_Pookie.txt	none		text	Bishop	Bishop Nathanyel		es	Bishop_Nathanyel_Shout_Out_Tuesday_Charlie_Brown_and_Nick_Pookie					
text/Bishop/Nathanyel/es/Bishop_Nathanyel_Shout_Out_Tuesday_Christian_Zionists_Rejoice_At.txt	none		text	Bishop	Bishop Nathanyel	2023-11-28	es	Bishop Nathanyel-Shout Out Tuesday-Christian Zionists Rejoice At Palestinian Deaths-11282023					
text/Bishop/Nathanyel/es/Bishop_Nathanyel_Shout_Out_Tuesday_Christians_Worship_the_Devil.txt	match	U9NX7eAP1Ag	text	Bishop	Bishop Nathanyel	2025-08-05	es	Bishop Nathanyel-Shout Out Tuesday-Christians Worship the Devil-080525	0.552				
text/Bishop/Nathanyel/es/Bishop_Nathanyel_Shout_Out_Tuesday_Confused_Christian_Learns_God (2).txt	none		text	Bishop	Bishop Nathanyel	2025-07-08	es	Bishop Nathanyel-Shout Out Tuesday-Confused Christian Learns God Will Destroy Our Enemies-070825					
text/Bishop/Nathanyel/es/Bishop_Nathanyel_Shout_Out_Tuesday_Confused_Christian_Learns_God.txt	none		text	Bishop	Bishop Nathanyel	2025-07-08	es	Bishop Nathanyel-Shout Out Tuesday-Confused Christian Learns God Will Destroy Our Enemies-070825					
text/Bishop/Nathanyel/es/Bishop_Nathanyel_Shout_Out_Tuesday_Israeli_Secret_Plot_Against_Blacks.txt	match	epmStAgjDW4	text	Bishop	Bishop Nathanyel		es	Bishop_Nathanyel_Shout_Out_Tuesday_Israeli_Secret_Plot_Against_Blacks	0.536		875DIZCFB_k		
text/Bishop/Nathanyel/es/Bishop_Nathanyel_Shout_Out_Tuesday_Million_Man_March_111125_compressed.txt	none		text	Bishop	Bishop Nathanyel	2025-11-11	es	Bishop Nathanyel-Shout Out Tuesday-Million Man March-111125					
text/Bishop/Nathanyel/es/Bishop_Nathanyel_Shout_Out_Tuesday_More_AshkeNAZI_Lies_101425_compressed.txt	none		text	Bishop	Bishop Nathanyel	2025-10-14	es	Bishop_Nathanyel_Shout_Out_Tuesday_More_AshkeNAZI_Lies_101425_compressed					
text/Bishop/Nathanyel/es/Bishop_Nathanyel_Shout_Out_Tuesday_Putin_Broke_Code_04_02_24_compressed.txt	none		text	Bishop	Bishop Nathanyel	2024-04-02	es	Bishop Nathanyel_ Shout Out Tuesday _Putin Broke Code_04/02/24					
text/Bishop/Nathanyel/es/Bishop_Nathanyel_Shout_Out_Tuesday_The_Great_Debate_and_Historic.txt	ambiguous	zFnzPzWh7Z8	text	Bishop	Bishop Nathanyel	2026-03-31	es	Bishop Nathanyel-Shout Out Tuesday-The Great Debate and Historic Look at Satan-033126	0.551		0eY8NQ2HMSE	hekYDRsB6lg	
text/Bishop/Nathanyel/es/Bishop_Nathanyel_Shout_Out_Tuesday_The_Real_King_David_010626_compressed.txt	none		text	Bishop	Bishop Nathanyel	2026-01-06	es	Bishop_Nathanyel_Shout_Out_Tuesday_The_Real_King_David_010626_compressed					
text/Bishop/Nathanyel/es/Bishop_Nathanyel_Shout_Out_Tuesday_The_Threat_of_Iran_and_Arabia's.txt	probable	HX2IVJdtP7U	text	Bishop	Bishop Nathanyel	2025-09-30	es	Bishop Nathanyel-Shout Out Tuesday-The Threat of Iran and Arabia's Alliance-093025	0.49				
text/Bishop/Nathanyel/es/Bishop_Nathanyel_Shout_Out_Tuesday_What_about_the_Afro_Palestenians.txt	none		text	Bishop	Bishop Nathanyel	2023-11-07	es	Bishop Nathanyel  Shout Out Tuesday What about the Afro-Palestenians? 110723					
text/Bishop/Nathanyel/es/Bishop_Nathanyel_Shout_Out_Tuesday_cece_winan_and_black_Christian.txt	none		text	Bishop	Bishop Nathanyel	2023-01-23	es	Bishop_ Nathanyel_Shout Out Tuesday_cece winan and black Christian scandals _01/23/23					
text/Bishop/Nathanyel/es/Bishop_Nathanyel_Shout_out_Tuesday_How_are_the_khazarsallowedto.txt	none		no text	Bishop	Bishop Nathanyel		es	Bishop Nathanyel-Shout out Tuesday -How are the khazarsallowedtocommitanproclaimgenocide-					
text/Bishop/Nathanyel/es/Bishop_Nathanyel_The_Minority_Report_Avatar_Fire_&_Ash_Propaganda.txt	match	NXDmcJDyd08	text	Bishop	Bishop Nathanyel		es	Bishop_Nathanyel_The_Minority_Report_Avatar_Fire_&_Ash_Propaganda	0.653				
text/Bishop/Nathanyel/es/Sabbath_Evening_09_23_23_Bishop_Nathanyel_Rise_of_An_Unseen_Government.txt	match	kfUCr2riN-s	text	Bishop	Bishop Nathanyel	2023-09-23	es	Sabbath Evening 09/23/23	0.715				
text/Bishop/Nathanyel/es/Sabbath_Evening_Bishop_Nathanyel_From_Persecution_to_Power_072625.txt	match	hhzgItKmwpU	text	Bishop	Bishop Nathanyel	2025-07-26	es	Sabbath_Evening_Bishop_Nathanyel_From_Persecution_to_Power_072625	0.634				
text/Bishop/Nathanyel/es/Sabbath_Evening_Class_Bishop_Nathanyel_From_Egypt_To_Rome,_From.txt	match	ZKi9VUwFKxI	text	Bishop	Bishop Nathanyel	2024-02-17	es	Sabbath Evening Class - Bishop Nathanyel - From Egypt To Rome, From Sudan To Babylon - 02/17/2024	0.574				
text/Bishop/Nathanyel/es/_Bishop_Nathanyel_Shoutouttuesday_book_of_Clarence_Commentary_02.txt	none		no text	Bishop	Bishop Nathanyel	2024-02-06	es	Copy of Bishop Nathanyel _Shout out Tuesday _The book of clarance commentary _2/06/24					
text/Bishop/Yawasap/en/Afternoon Sabbath Class_Bishop Yawasap_compressed.txt	match	4fML805MO8A	text	Bishop	Bishop Yawasap		en	Afternoon Sabbath Class_Bishop Yawasap	0.734	0.666			
text/Bishop/Yawasap/en/Bishop Yawasap - Evening Sabbath Class - Forges - 060824.txt	match	99VtaaWl8HI	text	Bishop	Bishop Yawasap	2024-06-08	en	Bishop Yawasap - Evening Sabbath Class - Forges - 060824	0.687	0.538	5wudoOLhu3k		
text/Bishop/Yawasap/en/Bishop Yawasap Book Of Our Fathers A Time To Kill 102723.txt	none		text	Bishop	Bishop Yawasap	2023-10-27	en	Bishop Yawasap Book Of Our Fathers A Time To Kill 102723					
text/Bishop/Yawasap/en/BishopYawasap-SabbathAfternoon-TheCurtainsOfControl-020825.txt	match	XkPZ4snAIUs	text	Bishop	Bishop Yawasap	2025-02-08	en	BishopYawasap-SabbathAfternoon-TheCurtainsOfControl-020825	0.577	0.57			
text/Bishop/Yawasap/en/BishopYawasap-SabbathAfternoon-TheTrumpEffect-020125.txt	match	-YNe_kV_2-M	text	Bishop	Bishop Yawasap	2025-02-01	en	BishopYawasap-SabbathAfternoon-TheTrumpEffect-020125	0.589	0.615			
text/Bishop/Yawasap/en/BishopYawasap-SabbathAfternoon-TraumaToTriumph-030125.txt	match	mrIchisjzo4	text	Bishop	Bishop Yawasap	2025-03-01	en	BishopYawasap-SabbathAfternoon-TraumaToTriumph-030125	0.742	0.56			
text/Bishop/Yawasap/en/BishopYawasap_SabbathAfternoon_DedicatedToTheMissionOfTheMinistry.txt	match	kpfVcgj2peE	text	Bishop	Bishop Yawasap	2023-12-23	en	BishopYawasap-SabbathAfternoon-DedicatedToTheMissionOfTheMinistry-122323	0.535	0.639			
text/Bishop/Yawasap/en/BishopYawasap_SabbathAfternoon_OurSanctuary_010425_compressed.txt	none		text	Bishop	Bishop Yawasap	2025-01-04	en	BishopYawasap-SabbathAfternoon-OurSanctuary-010425					
text/Bishop/Yawasap/en/BishopYawasap_SabbathAfternoon_TheVesselsOfRomans9_120724_compressed.txt	match	dl4N1Mf0i2s	text	Bishop	Bishop Yawasap	2024-12-07	en	BishopYawasap-SabbathAfternoon-TheVesselsOfRomans9-120724	0.645	0.68			
text/Bishop/Yawasap/en/Bishop_Yawasap_Afternoon_Class_ThePsychologicalPainAndTerrorOfS.txt	none		text	Bishop	Bishop Yawasap	2023-10-07	en	Bishop Yawasap-Afternoon Class-ThePsychologicalPainAndTerrorOfSlaveryAndWhyWeMustHeal-100723					
text/Bishop/Yawasap/en/Bishop_Yawasap_BBOOF_Absent_&_Broken_Fathers_Part_4_031524.txt	none		text	Bishop	Bishop Yawasap	2024-03-15	en	Bishop Yawasap BBOOF Absent & Broken Fathers Part 4 031524					
text/Bishop/Yawasap/en/Bishop_Yawasap_BBOOF_Deuteronomy_28_Evil_Eyes_at_Each_Other__Part.txt	none		text	Bishop	Bishop Yawasap	2024-05-03	en	Bishop Yawasap BBOOF Deuteronomy 28 Evil Eyes at Each Other: Part 3 050324					
text/Bishop/Yawasap/en/Bishop_Yawasap_BBOOF_Deuteronomy_28_The_Israelites_of_Moses,_Ezekiel.txt	none		text	Bishop	Bishop Yawasap	2024-05-10	en	Bishop Yawasap BBOOF Deuteronomy 28 The Israelites of Moses, Ezekiel and Jesus Part 4 051024					
text/Bishop/Yawasap/en/Bishop_Yawasap_BBOOF_Deuteronomy_28_Until_They_Acknowledge_Their.txt	none		text	Bishop	Bishop Yawasap	2024-04-26	en	Bishop Yawasap BBOOF Deuteronomy 28 Until They Acknowledge Their Offense Part 2 042624					
text/Bishop/Yawasap/en/Bishop_Yawasap_BBOOF_Is_There_Truly_No_Way_Out_of_This_Trap_101824.txt	none		text	Bishop	Bishop Yawasap	2024-10-18	en	Bishop Yawasap-BBOOF-Is There Truly No Way Out of This Trap-101824					
text/Bishop/Yawasap/en/Bishop_Yawasap_BBOOF_Repairing_the_Damage_of_Absent_and_Broken_Fathers.txt	none		text	Bishop	Bishop Yawasap	2024-01-19	en	Bishop Yawasap BBOOF Repairing the Damage of Absent and Broken Fathers (Part 1) 011924					
text/Bishop/Yawasap/en/Bishop_Yawasap_BBOOF_The_Decadent_Absence_of_Discipline_053025_compressed.txt	none		text	Bishop	Bishop Yawasap	2025-05-30	en	Bishop Yawasap BBOOF The Decadent Absence of Discipline 053025					
text/Bishop/Yawasap/en/Bishop_Yawasap_BBOOF_Unity_Brings_Respect_and_Respect_Brings_Fear.txt	none		text	Bishop	Bishop Yawasap	2024-05-24	en	Bishop Yawasap BBOOF Unity Brings Respect and Respect Brings Fear 052424					
text/Bishop/Yawasap/en/Bishop_Yawasap_B_B_O_F_Repairing_the_Damage_of_Absent_&_Broken_Fathers.txt	none		text	Bishop	Bishop Yawasap	2024-01-26	en	Bishop Yawasap_ B.B.O.F._ Repairing the Damage of Absent & Broken Fathers (Pt. 2 Facing Our Reality Soberly)_ 01.26.2024					
text/Bishop/Yawasap/en/Bishop_Yawasap_Evening_Class_The_Curse_of_the_Absence_of_Fathers.txt	match	KvGsyuoJGgw	text	Bishop	Bishop Yawasap		en	Bishop_Yawasap_Evening_Class_The_Curse_of_the_Absence_of_Fathers	0.614	0.561			
text/Bishop/Yawasap/en/Bishop_Yawasap_Evening_Class_Thy_Kingdom_Come_Ready_or_Not_101125.txt	none		text	Bishop	Bishop Yawasap	2025-10-11	en	Bishop Yawasap - Evening Class - Thy Kingdom Come Ready or Not - 101125					
text/Bishop/Yawasap/en/Bishop_Yawasap_SabbathAfternoon_DedicatedToTheMissionOfTheMinistry.txt	none		text	Bishop	Bishop Yawasap	2024-01-27	en	Bishop Yawasap-SabbathAfternoon-DedicatedToTheMissionOfTheMinistry-012724					
text/Bishop/Yawasap/en/Bishop_Yawasap_SabbathAfternoon_TheEnvironmentalPsychologyOfSin.txt	match	xSnbXABlBPE	text	Bishop	Bishop Yawasap	2023-11-25	en	Bishop Yawasap-SabbathAfternoon-TheEnvironmentalPsychologyOfSinAndItsTemptation-112523	0.568	0.654			
text/Bishop/Yawasap/en/Bishop_Yawasap_SabbathEvening_The_Developmental_Psychology_of_Being.txt	match	jsT6wS00jmw	text	Bishop	Bishop Yawasap	2026-05-16	en	Bishop Yawasap - SabbathEvening - The Developmental Psychology of Being Hated - 5/16/26	0.773	0.8			
text/Bishop/Yawasap/en/Bishop_Yawasap_Sabbath_Afternoon_The_Detailed_Curse_of_Disunity.txt	match	rZhB0YsH7NY	text	Bishop	Bishop Yawasap		en	Bishop_Yawasap_Sabbath_Afternoon_The_Detailed_Curse_of_Disunity	0.578	0.009			
text/Bishop/Yawasap/en/Bishop_Yawasap_Sabbath_Afternoon_The_Quest_for_the_Truth_and_the.txt	match	UP_ncEvOsH0	text	Bishop	Bishop Yawasap	2025-05-24	en	Bishop Yawasap Sabbath Afternoon The Quest for the Truth and the Slander of an Enemy 052425	0.48	0.599			
text/Bishop/Yawasap/en/Bishop_Yawasap_Sabbath_Evening_2819_Chruch_&_the_Access_Portal_to.txt	match	wr7L1S3LLl8	text	Bishop	Bishop Yawasap		en	Bishop_Yawasap_Sabbath_Evening_2819_Chruch_&_the_Access_Portal_to	0.812	0.554			
text/Bishop/Yawasap/en/Bishop_Yawasap_Sabbath_Evening_A_Fathers_Vision_Beyond_Sight_112324.txt	none		text	Bishop	Bishop Yawasap	2024-11-23	en	Bishop Yawasap - Sabbath Evening - A Fathers Vision Beyond Sight - 112324					
text/Bishop/Yawasap/en/Bishop_Yawasap_Sabbath_Evening_Change_of_World_After_Change_of_Nation.txt	match	Qh56wzmRBrQ	text	Bishop	Bishop Yawasap	2025-09-06	en	Bishop Yawasap - Sabbath Evening - Change of World After Change of Nation - 090625	0.551	0.504			
text/Bishop/Yawasap/en/Bishop_Yawasap_Sabbath_Evening_Class_Exponential_Growth_Beyond_the.txt	match	Xpe1nX-VFZs	text	Bishop	Bishop Yawasap		en	Bishop_Yawasap_Sabbath_Evening_Class_Exponential_Growth_Beyond_the	0.538	0.641			
text/Bishop/Yawasap/en/Bishop_Yawasap_Sabbath_Evening_Class_The_Incumbent_Duty_and_Mission.txt	none		text	Bishop	Bishop Yawasap	2024-02-10	en	Bishop Yawasap - Sabbath Evening Class - The Incumbent Duty and Mission of a Man - 021024					
text/Bishop/Yawasap/en/Bishop_Yawasap_Sabbath_Evening_Saving_Our_Children_Is_Our_Future.txt	match	zHx0l-HG8h0	text	Bishop	Bishop Yawasap		en	Bishop_Yawasap_Sabbath_Evening_Saving_Our_Children_Is_Our_Future	0.611	0.019			
text/Bishop/Yawasap/en/Bishop_Yawasap_Sabbath_Evening_The_Blessings_&_Benefits_of_Present.txt	match	TF6HBkwSSf4	text	Bishop	Bishop Yawasap	2024-11-09	en	Bishop Yawasap - Sabbath Evening - The Blessings & Benefits of Present Fathers - 110924	0.607	0.559			
text/Bishop/Yawasap/en/Bishop_Yawasap_Sabbath_Evening_The_Times_of_Struggle_and_the_Redemptive.txt	match	vdUwc12_ZHg	text	Bishop	Bishop Yawasap	2024-06-01	en	Bishop Yawasap - Sabbath Evening - The Times of Struggle and the Redemptive Duty of Man - 060124	0.782	0.654			
text/Bishop/Yawasap/en/Bishop_Yawasap_The_Bible_Book_of_Our_Fathers_Revolution_and_the.txt	none		text	Bishop	Bishop Yawasap		en	Bishop_Yawasap_The_Bible_Book_of_Our_Fathers_Revolution_and_the					
text/Bishop/Yawasap/en/Bishop_Yawasap_The_Bible_Books_Of_Our_Fathers_The_Negro_Was_Created.txt	none		text	Bishop	Bishop Yawasap		en	Report					
text/Bishop/Yawasap/en/Bishop_yawasap_Bible_book_of_our_forefathers_Deuteronomy_28_The.txt	none		text	Bishop	Bishop Yawasap	2019-01-04	en	Bishop Yawasap_ Bible book of our father_Deuteronomy 28 the Black Death pt 1_04/19/24					
text/Bishop/Yawasap/en/Sabbath_Afternoon_Class_Bishop_Yawasap_The_Rebirth_of_God’s_Nation.txt	match	mWOeRRMqAyQ	text	Bishop	Bishop Yawasap		en	The Rebirth of God’s Nation on Earth	0.777	0.336			
text/Bishop/Yawasap/en/The_Ubiquity_of_the_Standard_Bishop_Yawasop_2_14_25_compressed.txt	none		text	Bishop	Bishop Yawasap	2025-02-14	en	The Ubiquity of the Standard					
text/Captain/Amaziah/en/Captain Amaziah Sabbath Noon Class_ Unbreakable (1).txt	match	yfAqSow0TWs	text	Captain	Captain Amaziah		en	Captain Amaziah Sabbath Noon Class: Unbreakable	0.596	0.562			
text/Captain/Amaziah/en/Captain Amaziah_Sabbath Morning_01.15.26_compressed.txt	match	sgeJEYu1ZEg	text	Captain	Captain Amaziah	2026-01-15	en	Captain Amaziah_Sabbath Morning_01.15.26	0.815	0.134			
text/Captain/Amaziah/en/Captain_Amaziah_Sabbath_Morining_Class_Who's_winning_your_war_07.txt	match	WVMAHNsWUMI	text	Captain	Captain Amaziah	2023-07-10	en	Captain Amaziah - Sabbath Morining Class - Who's winning your war - 07/10/23	0.606	0.44			
text/Captain/Amaziah/en/Captain_Amaziah_Sabbath_Morning_Class_Sanctuary_Cities,_MAGA,_and.txt	none		text (weak)	Captain	Captain Amaziah	2025-02-08	en	Captain Amaziah-Sabbath Morning Class-Sanctuary Cities, MAGA, and the Israelites-020825					
text/Captain/Amaziah/en/Captain_Amaziah_Sabbath_Morning_Class_The_Least_of_the_Flock_Shall.txt	none		text	Captain	Captain Amaziah		en	Captain Amaziah					
text/Captain/Amaziah/en/Captain_Amaziah_Sabbath_Morning_Class_The_War_Before_the_Woe_113024.txt	match	4PBPKEKlbIk	text	Captain	Captain Amaziah	2024-11-30	en	Captain Amaziah-Sabbath Morning Class-The War Before the Woe-113024	0.522	0.806			
text/Captain/Amaziah/en/Captain_Amaziah_Sabbath_Morning_The_Broken_&_Bashful_7_20_24.txt	match	AQEFVmBsAnM	text	Captain	Captain Amaziah	2024-07-20	en	Captain Amaziah - Sabbath Morning - The Broken & Bashful - 072024	0.621	0.733			
text/Captain/Amaziah/en/Captain_Amaziah_Sabbath_Morning_The_Whore_that_Sits_on_The_Mount.txt	match	sZya8C6c-jk	text	Captain	Captain Amaziah	2024-05-18	en	05.18.2024 SABBATH MORNING CLASS	0.659	0.016			
text/Captain/Amaziah/en/Captain_Amaziah_Sabbath_Noon_Class_Establishing_the_Vision_of_a.txt	match	hj_UpwZP8II	text	Captain	Captain Amaziah		en	Captain_Amaziah_Sabbath_Noon_Class_Establishing_the_Vision_of_a	0.546	0.364			
text/Captain/Amaziah/en/Captain_Amaziah_Sabbath_Noon_Class_The_Bold_and_the_Bashful_051626.txt	match	z55asCbUER8	text	Captain	Captain Amaziah	2026-05-16	en	Captain Amaziah - Sabbath Noon Class - The Bold and the Bashful - 051626	0.849	0.583			
text/Captain/Aryeh/en/Captain Aryeh Sabbath Morning Unwaverable 11-25-23 .txt	match	073Ck9rLJbA	text	Captain	Captain Aryeh	2023-11-25	en	Sabbath Morning 11/25/23	0.466	0.556			
text/Captain/Aryeh/en/Captain_Aryeh_Sabbath_morning_class_Morning_Eleutherophia_the_fear.txt	match	OArV9VzQQ3U	text	Captain	Captain Aryeh		en	Captain Aryeh_Sabbath morning class_ Morning-Eleutherophia the fear of freedom.	0.725	0.725	b-RTjc8Zshw		
text/Captain/Azariyah/en/Captain_Azariah_Sabbath_Morning_Class_State_of_Decay_110125_compressed.txt	match	pBD8P3LGW9k	text	Captain	Captain Azariyah	2025-11-01	en	Captain_Azariah_Sabbath_Morning_Class_State_of_Decay_110125_compressed	0.706	0.664			
text/Captain/Azariyah/en/Captain_Azariyah_Sabbath_Morning_Faith_Cometh_By_Hearing_And_Hearing.txt	match	aIQ-tFXqQTU	text	Captain	Captain Azariyah	2024-03-09	en	Captain Azariyah - Sabbath Morning - Faith Cometh By Hearing And Hearing By The Word Of God - 030924	0.587	0.31			
text/Captain/Banqanayah/en/Captain_Banqanayah_Sabbath_Morning_Fear_God’s_Judgement_Love_Mercy.txt	match	sCmOi9EUiT4	text	Captain	Captain Banqanayah		en	Sabbath Morning	0.551	0.48			
text/Captain/Barnabus/en/Captain_Barnabus_Sabbath_Morning_Class_What_Does_The_Soul_Have_To.txt	match	AFf-98sM5iY	text	Captain	Captain Barnabus	2024-05-11	en	Captain Barnabus Sabbath Morning Class What Does The Soul Have To Do With The Flesh 051124	0.592	0.144			
text/Captain/Barnabus/en/Captain_Barnabus_Sabbath_Morning_Class_You_Want_the_Kingdom_with.txt	match	h8e1TjTkfYk	text	Captain	Captain Barnabus	2023-11-18	en	Captain Barnabus-Sabbath Morning Class-You Want the Kingdom with No Problems-111823	0.361	0.44			
text/Captain/Benzion/en/Captain_Benzion_Sabbath_Morning_Black_Christians_Stuck_in_Delusional.txt	match	r2TgBDuOkyY	text	Captain	Captain Benzion	2025-11-29	en	Captain Benzion-Sabbath Morning-Black Christians Stuck in Delusional Orbiting Cycles of Stupidity-112925	0.925	0.604			
text/Captain/Dekar/en/Captain_Dekar_B_B_O_F_Escaping_The_Shadow_Beyond_The_Borders_Of.txt	none		text	Captain	Captain Dekar	2024-02-09	en	Captain Dekar_B.B.O.F._ Escaping The Shadow Beyond The Borders Of America_02.09.2024					
text/Captain/Dekar/en/Captain_Dekar_The_Bible_Books_Of_Our_Fathers_Haters_&_Detractors.txt	none		text	Captain	Captain Dekar	2023-09-29	en	Captain Dekar_ The Bible Books Of Our Fathers_ Haters & Detractors Will Not Hinder The Greatness Of Israel_ 09.29.2023					
text/Captain/Enoch/en/Captain Enoch_Sabbath Morning Class_10.25.25_compressed.txt	match	__kYmFHDdWg	text	Captain	Captain Enoch	2025-10-25	en	Captain Enoch_Sabbath Morning Class_10.25.25	0.673	0.124			
text/Captain/Enoch/en/Captain_Enoch_Sabbath_Morning_Class_Where_Their_World_Ends,_Ours (2).txt	match	QlnVox6IgeY	text	Captain	Captain Enoch	2025-06-14	en	Captain Enoch-Sabbath Morning Class-Where Their World Ends, Ours Begin-06142025	0.662	0.564	65HdVmezM-E		
text/Captain/Enoch/en/Captain_Enoch_Sabbath_Morning_Class_Where_Their_World_Ends,_Ours.txt	match	QlnVox6IgeY	text	Captain	Captain Enoch	2025-06-14	en	Captain Enoch-Sabbath Morning Class-Where Their World Ends, Ours Begin-06142025	0.662	0.564	65HdVmezM-E		
text/Captain/Enoch/en/Captain_Enoch_WritingOnTheWall_Confederate_nations_impending_famine.txt	none		text	Captain	Captain Enoch	2025-05-15	en	Captain Enoch _ WritingOnTheWall _  Confederate nations/impending famine and the wicked_05/15/25					
text/Captain/Enoch/es/Captain_Enoch_Sabbath_Morning_The_Bride_of_Frankenstein_080925_compressed.txt	match	EjmA-1pnDdI	text	Captain	Captain Enoch	2025-08-09	es	Captain Enoch-Sabbath Morning-The Bride of Frankenstein-080925	0.668				
text/Captain/Ere/en/Sabbath_Morning_Class_Captain_Ere_Battered_Men_And_A_Broken_Spirit.txt	none		text	Captain	Captain Ere	2024-02-17	en	Sabbath Morning Class - Captain Ere - Battered Men And A Broken Spirit - 02/17/2024					
text/Captain/Erel/en/Captain Erel - Sabbath Morning - Friendly Fire - 041324.txt	match	V15SsIfBV5I	text	Captain	Captain Erel	2024-04-13	en	Captain Erel - Sabbath Morning - Friendly Fire - 041324	0.632	0.386			
text/Captain/Erel/es/Captain_Erel_Morning_Sabbath_Class_Forge_By_Fire_06_13_26_compressed.txt	match	cdxo7DlRCrc	text	Captain	Captain Erel	2026-06-13	es	Captain Erel_ Morning Sabbath Class _ Forge By Fire_06/13/26	0.696				
text/Captain/Gad/en/Captain Gad - Sabbath Noon - A Family That Preys - 030125.txt	match	rR3mltltLQ4	text	Captain	Captain Gad	2025-03-01	en	Captain Gad - Sabbath Noon - A Family That Preys - 030125	0.657	0.626			
text/Captain/Gad/en/Captain Gad Sabbath Morning The Depression of Man 12-21-24.txt	match	-M3tKjQTg1k	text	Captain	Captain Gad	2024-12-21	en	Captain Gad Sabbath Morning The Depression of Man	0.773	0.223			
text/Captain/Gad/en/Captain Gad_Sabbath Morning Class_12.06.25_compressed.txt	match	gF8ALt0DzR4	text	Captain	Captain Gad	2025-12-06	en	Captain Gad_Sabbath Morning Class_12.06.25	0.724	0.282			
text/Captain/Gad/en/Captain_Gad_Sabbath_Morning_Class_Flattery_The_Compliments_of_Satan.txt	match	iecqAgeRdHA	text	Captain	Captain Gad	2023-10-14	en	Captain Gad-Sabbath Morning Class- Flattery The Compliments of Satan- 101423	0.556	0.852	DqPBJlCx6kc		
text/Captain/Gad/en/Captain_Gad_Sabbath_Morning_Class_Justification_Is_Satans_Manipulation.txt	match	xJhQJuXhK9U	text	Captain	Captain Gad	2024-06-01	en	Captain Gad- Sabbath Morning Class  - Justification Is Satans Manipulation - 06/01/2024	0.585	0.749			
text/Captain/Gedaliyah/en/Captain_Gedaliah_Sabbath_Morning_Friends_of_God_and_Prophets_062224.txt	match	kiV_a4v3_vo	text	Captain	Captain Gedaliyah	2024-06-22	en	Captain Gedaliah - Sabbath Morning - Friends of God and Prophets - 062224	0.669	0.56			
text/Captain/Gedaliyah/en/Captain_Gedaliah_Sabbath_Morning_When_Satan_Rises_Up_in_Your_Home.txt	match	pq7ZD1uzTAw	text	Captain	Captain Gedaliyah		en	Captain_Gedaliah_Sabbath_Morning_When_Satan_Rises_Up_in_Your_Home	0.612	0.655			
text/Captain/Gedaliyah/en/Captain_Gedaliah_THE_SCAPEGOAT_AND_THE_RETURN_OF_THE_RED_SUMMER.txt	match	D_9BCkvT7H4	text	Captain	Captain Gedaliyah	2026-09-14	en	Escaping the Plantation | 09/14/26           Captain Gedaliah THE SCAPEGOAT AND THE RETURN OF THE RED SUMMER	0.531	0.474			
text/Captain/Gedaliyah/en/Captain_Gedaliyah_Sabbath_Morning_Soul_Searchers_Looking_for_a_Purpose.txt	match	0aM832-ESy0	text	Captain	Captain Gedaliyah		en	Soul searchers	0.589	0.515			
text/Captain/Gedaliyah/en/Sabbath_Morning_Class_Captain_Gedaliah_The_Holy_War_Light_Vs_Darkness.txt	match	WD6tyeDPptY	text	Captain	Captain Gedaliyah		en	Sabbath Morning Class_Captain Gedaliah_The Holy War: Light Vs Darkness	0.793	0.575			
text/Captain/Gideon/en/Captain Gideon _Creole Sabbath class_12.06.2025_compressed.txt	none		text	Captain	Captain Gideon	2025-12-06	en	Captain Gideon _Sabbath class_12.06.2025					
text/Captain/Gideon/en/Captain_Gideon_SABBATH_MORNING_CLASS_Woe_To_Amerikkka_07_04_26_compressed.txt	match	uINOczaGz48	text	Captain	Captain Gideon	2026-07-04	en	Captain Gideon_SABBATH MORNING CLASS _ Woe To Amerikkka_ 07/04/26	0.74	0.594	zdzrw9DGM-E		
text/Captain/Gideon/en/Captain_Gideon_Sabbath_Morning_Law_and_Order_042724_compressed.txt	match	ROHYYGUAHdI	text	Captain	Captain Gideon	2024-04-27	en	04.27.2024 Sabbath Morning Class	0.665	0.0			
text/Captain/Gideon/en/Captain_Gideon_You_Ain’t_No_Friend_Of_Mine_Sabbath_Morning_11_11_23.txt	none		no text	Captain	Captain Gideon	2023-11-11	en	Sabbath Morning 11/11/23					
text/Captain/Hananiah/en/Captain Hananiah_Sabbath Morning Class_11.22.25_compressed.txt	match	glPn1X5IJBg	text	Captain	Captain Hananiah	2025-11-22	en	Captain Hananiah_Sabbath Morning Class_11.22.25	0.824	0.059			
text/Captain/Hananiah/en/Captain_Hananiah_Sabbath_Morning_Class_Awake_&Return_Overcoming.txt	match	kxiMez1I0_U	text	Captain	Captain Hananiah	2026-07-25	en	Captain Hananiah_ Sabbath Morning Class_ Awake &Return Overcoming Babylons Hypnosis _07/25/26	0.79	0.465			
text/Captain/Hananiah/en/Captain_Hananiah_Sabbath_Morning_Lord_Open_Mine_Understanding_052524.txt	match	LCl0ehoaInc	text	Captain	Captain Hananiah	2024-05-25	en	Captain Hananiah - Sabbath Morning - Lord Open Mine Understanding - 052524	0.663	0.422			
text/Captain/Hananiah/en/Captain_Hananiah_Sabbath_Morning_When_Good_Intentions_Lead_to_Bad.txt	match	bx1Ub_OMoZ4	text	Captain	Captain Hananiah		en	Captain_Hananiah_Sabbath_Morning_When_Good_Intentions_Lead_to_Bad	0.774	0.678			
text/Captain/Hananiah/en/Sabbath_Noon_Class_Walk_worthy_of_our_calling_Captain_Hananiah_101423.txt	match	pjSlmQHW340	text	Captain	Captain Hananiah	2023-10-14	en	Sabbath Noon Class_Walk worthy of our calling_Captain Hananiah_101423	0.657	0.367			
text/Captain/Horeb/en/Captain_Horeb_Sabbath_Morning_Class_Faith_From_the_Beginning_True (2).txt	match	uv9c4fzi4F8	text	Captain	Captain Horeb	2025-07-12	en	Captain Horeb-Sabbath Morning Class-Faith From the Beginning: True Seed of Abraham-071225	0.615	0.58			
text/Captain/Horeb/en/Captain_Horeb_Sabbath_Morning_Class_Faith_From_the_Beginning_True.txt	match	uv9c4fzi4F8	text	Captain	Captain Horeb	2025-07-12	en	Captain Horeb-Sabbath Morning Class-Faith From the Beginning: True Seed of Abraham-071225	0.615	0.58			
text/Captain/Horeb/en/Captain_Horeb_Sabbath_Morning_Class_Friend_Or_Foe_092323.txt	match	f1oANJlHQWE	text	Captain	Captain Horeb	2023-09-23	en	Captain Horeb - Sabbath Morning Class - Friend Or Foe - 092323	0.523	0.582			
text/Captain/Horeb/en/Captain_Horeb_Sabbath_Morning_Opposition_Of_Science_070624.txt	match	e_A7VSmukn4	text	Captain	Captain Horeb	2024-07-06	en	Captain Horeb - Sabbath Morning - Opposition Of Science - 070624	0.564	0.536			
text/Captain/Immanuel/en/CaptainImmanuel-ProtectingTheProphetsInTheWomb_compressed.txt	none		text	Captain	Captain Immanuel		en	CaptainImmanuel-ProtectingTheProphetsInTheWomb					
text/Captain/Immanuel/es/Captain_Immanuel_Sabbath_Morning_The_Aspirations_of_a_Prophet_01.txt	none		text	Captain	Captain Immanuel		es	Untitled document					
text/Captain/JOSIAH/en/CAPTAIN_JOSIAH_SABBATH_MORNING_CLASS_Rediscovering_The_Black_Presence.txt	match	en4is-31RgQ	text	Captain	Captain Josiah	2023-07-29	en	CAPTAIN JOSIAH SABBATH MORNING CLASS     Rediscovering The Black Presence In The Bible 07/29/2023	0.822	0.437			
text/Captain/JOSIAH/en/Captain_Josiah_Sabbath_Morning_Class_G_R_O_W_081724_compressed.txt	match	rwKZ7z08kE4	text	Captain	Captain Josiah	2024-08-17	en	Captain_Josiah_Sabbath_Morning_Class_G_R_O_W_081724_compressed	0.641	0.034			
text/Captain/Joel/es/Captain_Joel_400_Man_Up_Mondays_The_Personality_and_Characteristics.txt	none		text	Captain	Captain Joel	2025-06-16	es	Captain Joel (400) | Man Up Mondays | The Personality and Characteristics of Sin | 06-16-2025					
text/Captain/Joel/es/Captain_Joel_MAN_UP_MONDAYS_America's_Drug_Empire_The_Destruction.txt	none		text	Captain	Captain Joel	2026-01-12	es	Captain Joel - MAN UP MONDAYS - America's Drug Empire: The Destruction of Black Communities and Brown Countries - 01122026					
text/Captain/Joel/es/Captain_Joel_Man_Up_Monday_I_Curse_Satan,_I_Curse_Myself_070824.txt	none		text	Captain	Captain Joel	2024-07-08	es	Captain Joel Man Up Monday I Curse Satan, I Curse Myself 070824					
text/Captain/Joel/es/Captain_Joel_Man_Up_Mondays_Did_the_Church_Fathers_Continue_or_Change.txt	none		text	Captain	Captain Joel	2025-12-15	es	Captain Joel | Man Up Mondays | Did the Church Fathers Continue or Change Apostolic Teaching? | 12152025					
text/Captain/Joel/es/Captain_Joel_Man_Up_Mondays_From_School_to_Prison_to_Sceptres_&.txt	none		text	Captain	Captain Joel		es	Captain Joel | Man Up Mondays | From School to Prison to Sceptres & Thrones					
text/Captain/Joel/es/Captain_Joel_Man_Up_Mondays_Sanctifying_The_Congregation_of_Christ.txt	none		text	Captain	Captain Joel	2025-06-02	es	Captain Joel | Man Up Mondays | Sanctifying The Congregation of Christ | 06-02-2025					
text/Captain/Joel/es/Captain_Joel_Man_Up_Mondays_The_Greek_Philosopheres_of_Christianity.txt	none		text	Captain	Captain Joel	2025-12-08	es	Captain Joel | Man Up Mondays | The Greek Philosopheres of Christianity Exposed That Nobody Talks About | 12082025					
text/Captain/Joel/es/Captain_Joel_Man_Up_Mondays_The_Sins_of_America_and_Israel’s_Time.txt	none		text	Captain	Captain Joel	2025-12-29	es	Captain Joel | Man Up Mondays | The Sins of America and Israel’s Time Fulfilled | 12292025					
text/Captain/Joel/es/Captain_Joel_Man_Up_Mondays_The_Sting_of_Death_on_an_Undisciplined.txt	none		text	Captain	Captain Joel	2025-08-25	es	Captain Joel - Man Up Mondays - The Sting of Death on an Undisciplined Nation - 08252025					
text/Captain/Joel/es/Captain_Joel_Man_Up_Mondays_The_Wars_of_Israel_10062025_compressed.txt	none		text	Captain	Captain Joel	2025-10-06	es	Captain Joel - Man Up Mondays - The Wars of Israel - 10062025					
text/Captain/Joel/es/Captain_Joel_Man_Up_Mondays_Trump's_Shadow_Governement_and_the_Deep.txt	none		text	Captain	Captain Joel	2025-09-08	es	Captain Joel | Man Up Mondays | Trump's Shadow Governement and the Deep State | 09/08/2025					
text/Captain/Joel/es/Captain_Joel_Sabbath_Morning_Obtaining_God_Consciousness_in_the.txt	none		text	Captain	Captain Joel		es	Captain_Joel_Sabbath_Morning_Obtaining_God_Consciousness_in_the					
text/Captain/Joel/es/Captain_Joel_Sabbath_Morning_Ship_Full_of_Broken_Souls_03_02_2024.txt	match	QpAgwZt57iU	text	Captain	Captain Joel	2024-03-02	es	Sabbath Morning 03/02/24	0.512				
text/Captain/Joel/es/Escaping The Plantation 2.0_Captain Joel_06.15.26.txt	match	I2t9az3C2EY	text	Captain	Captain Joel	2026-06-15	es	Escaping The Plantation 2.0_Captain Joel_06.15.26	0.758				
text/Captain/Joel/es/Man_Up_Mondays_Captain_Joel_Does_She_Serve_You_or_You_Her_06152026.txt	none		text	Captain	Captain Joel	2026-06-15	es	Man Up Mondays | Captain Joel | Does She Serve You or You Her? | 06152026					
text/Captain/Joel/es/Man_Up_Mondays_Captain_Joel_Governmental_Threat_Will_Black_and_Brown.txt	none		text	Captain	Captain Joel	2026-03-26	es	Man Up Mondays - Captain Joel - Governmental Threat: Will Black and Brown Women Survive? - 03262026					
text/Captain/Joel/es/Man_Up_Mondays_Captain_Joel_How_Intelligence_Agency_Shaped_World.txt	none		text	Captain	Captain Joel	2026-06-01	es	Man Up Mondays | Captain Joel | How Intelligence Agency Shaped World Religion | 06012026					
text/Captain/Kemuel/es/Captain_Kemuel_Sabbath_Morning_Class_Sanctuaries_of_the_Lord_021024.txt	match	X7MoCscece0	text	Captain	Captain Kemuel	2024-02-10	es	02.10.2024 Sabbath Morning Class	0.533				
text/Captain/Kemuel/es/Captain_Kemuel_Sabbath_Morning_The_Precepts_of_Stewardship_Order.txt	none		text	Captain	Captain Kemuel		es	Untitled document					
text/Captain/Lemuel/es/Captain_Lemuel_Sabbath_Morning_DOA_The_Ministry_of_Reconciliation.txt	none		text	Captain	Captain Lemuel	2024-09-28	es	Sabbath Morning (DOA) 09-28-24					
text/Captain/Lemuel/es/Captain_Lemuel_Terrestrial_to_Celestial_A_Time_for_Change_Sabbath.txt	none		text	Captain	Captain Lemuel	2024-06-15	es	Captain Lemuel - Terrestrial to Celestial: A Time for Change - Sabbath Morning - 061524					
text/Captain/Mattathias/en/6_18_26_Captain_Matathias_Mississippi_1_Year_Old_Killed_by_Police.txt	none		text	Captain	Captain Mattathias	2026-06-18	en	6/18/26_Captain Matathias_Mississippi 1 Year Old Killed by Police_Deadly Texas Plane Crash_WOTW EP 185					
text/Captain/Mattathias/en/7_17_25_WOTW_War_Between_the_Realms_Captain_Matathias_compressed.txt	none		text	Captain	Captain Mattathias	2025-07-17	en	7.17.25_WOTW-War-Between-the-Realms_Captain-Matathias_					
text/Captain/Mattathias/en/A_Nation_Divided_WOTW_8_7_25_Captain Mattathias_compressed.txt	none		text	Captain	Captain Mattathias	2025-08-07	en	A_Nation_Divided_WOTW_8/7/25_Captain Mattathias					
text/Captain/Mattathias/en/Captain Mattathias 08272026 WOTW_compressed.txt	none		text	Captain	Captain Mattathias	2026-08-27	en	WOTW					
text/Captain/Mattathias/en/Captain_Mattahias_Writing_on_the_wall_over_100,000_Evacuated_in.txt	none		text	Captain	Captain Mattathias	2025-01-09	en	Copy of Captain Mattathias_Writing on the wall _ over 100,000 evacuated in California wildfires / us plan to attack Iran_01/09/25					
text/Captain/Mattathias/en/Captain_Mattathias_Olympus_Has_Fallen_Opening_Act_01_08_26_compressed (2).txt	none		text	Captain	Captain Mattathias	2026-01-08	en	Captain Mattathias _Olympus Has Fallen Opening Act_01/08/26					
text/Captain/Mattathias/en/Captain_Mattathias_Olympus_Has_Fallen_Opening_Act_01_08_26_compressed.txt	none		text	Captain	Captain Mattathias	2026-01-08	en	Captain Mattathias _Olympus Has Fallen Opening Act_01/08/26					
text/Captain/Mattathias/en/Captain_Mattathias_Sabbath_Morning_Class_11_08_25_compressed_1.txt	match	UsS-UgGTh8w	text	Captain	Captain Mattathias	2025-11-08	en	Captain Mattathias_Sabbath Morning Class_11.08.25	0.818	0.391			
text/Captain/Mattathias/en/Captain_Mattathias_Writing_OnThe_Wall_white_Supremacy_Gaslighting.txt	none		text	Captain	Captain Mattathias	2026-05-28	en	Captain Mattathias _Writing OnThe Wall_white Supremacy Gaslighting_05/28/26					
text/Captain/Mattathias/en/Captain_Mattathias_Writing_On_The_Wall_DoomsDay_A_Theif_in_the_night.txt	none		text	Captain	Captain Mattathias	2026-01-29	en	Captain Mattathias _Writing On The Wall_DoomsDay A Theif in the night_01/29/26					
text/Captain/Mattathias/en/Captain_Mattathias_Writing_on_The_Wall_Amerikkkan_Hypocrisy&_Karmelo.txt	none		text	Captain	Captain Mattathias	2026-06-11	en	Captain Mattathias _ Writing on The Wall _Amerikkkan Hypocrisy& Karmelo Anthony_06/11/26					
text/Captain/Mattathias/en/Captain_Mattathias_Writing_on_the_wall_Irans_9_11_03_06_26_compressed.txt	none		text	Captain	Captain Mattathias		en	Captain Mattathias _Writing on the wall_Irans 9/11_03/06/26					
text/Captain/Mattathias/en/Captain_Mattathias_Writting_on_the_wall_Christian_nationalism_&the.txt	none		text	Captain	Captain Mattathias	2025-10-16	en	Captain Mattathias _Writting on the wall_ Christian nationalism &the 7Mountain Mandate_10/16/25					
text/Captain/Mattathias/en/Captain_Matthathias_Sabbath_Morning_Marriage,_Fasting_and_Prophecy.txt	match	TGrOayic1WE	text	Captain	Captain Mattathias	2025-02-22	en	Captain Matthathias-Sabbath Morning-Marriage, Fasting and Prophecy-02222025	0.569	0.594			
text/Captain/Mattathias/en/Captain_Matthias_WritingOnTheWall_Race_Lies_&_Ceasefires_01_16_25.txt	none		text	Captain	Captain Mattathias	2025-01-16	en	Captain Matthias _ WritingOnTheWall_RaceLies & Ceasefire!_01/16/25					
text/Captain/Mattathias/en/Captain_Matthias_WritingOnTheWall_Trump_to_send_Migrants_to_Guantanamo.txt	none		text	Captain	Captain Mattathias	2025-01-30	en	Captain Matthias _ WritingOnTheWall _ Trump to send Migrants to Guantanamo bay/ doomsday clock is close to disaster _01/30/25					
text/Captain/Mattathias/en/Captain_Matthias_writing_on_the_wall_2025_is_off_to_a_crazy_start.txt	none		text	Captain	Captain Mattathias	2025-01-23	en	Captain Matthias _Writing on the Wall_ 2025 Is off to A Crazy start special report_ 01/23/25					
text/Captain/Mattathias/en/IUIC vs the WORLD-Captain Mattathias_11.6.25.txt	none		text	Captain	Captain Mattathias	2025-11-06	en	IUIC vs the WORLD-Captain Mattathias_11.6.25					
text/Captain/Mattathias/en/WOTH_Trumphet_In_Babylon_Captain_Mattathias_08_21_25_compressed.txt	none		text	Captain	Captain Mattathias	2025-08-21	en	WOTH_Trumphet_In_Babylon_Captain Mattathias_08.21.25					
text/Captain/Mattathias/en/WOTW Content Creators vs IUIC_11_20_25_Captain Mattathias.txt	none		text	Captain	Captain Mattathias	2025-11-20	en	Content Creators vs IUIC_11/20/25_Captain Mattathias					
text/Captain/Mattathias/en/WOTW_04_17_25_Captain_Mattathias_US_Navy_Spots_UFO_Trump_Wants_To.txt	none		text	Captain	Captain Mattathias	2025-04-17	en	WOTW | 04.17.25_Captain Mattathias_US Navy Spots UFO|Trump Wants To Deport US Citizens| #Iran Ep 135					
text/Captain/Mattathias/en/WOTW_05.29.25_Captain Mattathias.txt	none		text	Captain	Captain Mattathias	2025-05-29	en	WOTW|05.29.25|Captain Mattathias					
text/Captain/Mattathias/en/WOTW_7_2_26_250_Years_Closer_to_America’s_Fall_Captain_Mattathias.txt	none		text	Captain	Captain Mattathias	2026-07-02	en	WOTW_7/2/26_250_Years_Closer_to_America’s_Fall_Captain_Mattathias					
text/Captain/Mattathias/en/WOTW_Captain_Mattathias_1_22_26_Isolationism_America_First_&_The.txt	none		text	Captain	Captain Mattathias	2026-01-22	en	WOTW_Captain Mattathias_1/22/26_Isolationism America First & The Board of Peace					
text/Captain/Mattathias/en/WOTW_Ep157_Trump_Threatens_Use_of_Insurrection_Act_Captain_Mattathias.txt	none		text	Captain	Captain Mattathias		en	WOTW Ep157_Trump Threatens Use of Insurrection Act_Captain Mattathias					
text/Captain/Mattathias/en/WOTW_Iran_Reveals_Great_Satan_To_the_World_Captain_Mattathias_3 (2).txt	none		text	Captain	Captain Mattathias	2026-03-05	en	WOTW-Iran Reveals Great Satan To the World_Captain Mattathias-3/5/26-					
text/Captain/Mattathias/en/WOTW_Iran_Reveals_Great_Satan_To_the_World_Captain_Mattathias_3.txt	none		text	Captain	Captain Mattathias	2026-03-05	en	WOTW-Iran Reveals Great Satan To the World_Captain Mattathias-3/5/26-					
text/Captain/Mattathias/en/Wotw_7_30_2026_Captain_Mattathias_War_Expert_Worried_Iran_Will_Attack.txt	none		text	Captain	Captain Mattathias	2026-07-30	en	Wotw-7/30/2026-Captain Mattathias- War Expert Worried Iran Will Attack US Soil					
text/Captain/Matthew/en/Captain Matthew - Truth Be Told - What’s the Beef - 082526.txt	none		text	Captain	Captain Matthew	2026-08-25	en	Captain Matthew - Truth Be Told - What’s the Beef - 082526					
text/Captain/Matthew/en/Captain Matthew_Truth Be Told_12.16.25_compressed.txt	none		text	Captain	Captain Matthew	2025-12-16	en	Captain Matthew_Truth Be Told_12.16.25					
text/Captain/Matthew/en/Truth Be Told _ 05.12.26_ Captain Matthew_compressed.txt	none		text	Captain	Captain Matthew	2026-05-12	en	Truth Be Told | 05.12.26| Captain Matthew					
text/Captain/Matthew/en/Truth Be Told_Captain Matthew_08.26.25.txt	none		text	Captain	Captain Matthew	2025-08-26	en	Truth Be Told_Captain Matthew_08.26.25					
text/Captain/Matthew/en/Truth Be Told_Captain Matthew_11.18.25.txt	none		text	Captain	Captain Matthew	2025-11-18	en	Truth Be Told_Captain Matthew_11.18.25					
text/Captain/Naam/en/Captain_Naam_Sabbath_Morning_Trauma_In_Domestic_Violence_042024.txt	none		text	Captain	Captain Naam	2024-04-20	en	Sabbath Morning 04-20-24					
text/Captain/Nahshon/en/Captain Nahshon BBOOF No New Thing Under The Sun 062824.txt	none		text	Captain	Captain Nahshon	2024-06-28	en	Captain Nahshon BBOOF No New Thing Under The Sun 062824					
text/Captain/Nahshon/en/Captain_Nahshon_BBOOF_By_thy_traffic_have_thou_gotten_thee_riches.txt	none		text	Captain	Captain Nahshon	2024-04-12	en	Captain Nahshon BBOOF By thy traffic have thou gotten thee riches 041224					
text/Captain/Nahshon/en/Captain_Nahshon_BBOOF_Islands_of_the_Sea_Revolt_from_Slavery,_Tyranny.txt	none		text	Captain	Captain Nahshon	2025-02-07	en	Captain Nahshon BBOOF Islands of the Sea Revolt from Slavery, Tyranny, and Oppression 020725					
text/Captain/Osee/en/Captain Osee Sabbath Morning 2023 A Recap 123023.txt	none		text	Captain	Captain Osee	2023-12-30	en	Captain Osee Sabbath Morning 2023 A Recap 123023					
text/Captain/Osee/en/Captain Osee_1.3.26_Sabbath Morning Class_compressed.txt	match	l-1Rp_fFl7U	text	Captain	Captain Osee	2026-01-03	en	Captain Osee_1.3.26_Sabbath Morning Class	0.597	0.326	-Rp2aGlsK5g		
text/Captain/Osee/en/Captain_Osee_BBOOF_The_Christian_Church_and_its_Children_010524.txt	none		text	Captain	Captain Osee	2024-01-05	en	Captain Osee BBOOF The Christian Church and its Children 010524					
text/Captain/Osee/en/Captain_Osee_Sabbath_Morning_The_Evolution_of_Persecution_111525.txt	match	aqfyQICjjUY	text	Captain	Captain Osee	2025-11-15	en	Captain_Osee_Sabbath_Morning_The_Evolution_of_Persecution_111525	0.863	0.742			
text/Captain/Osee/en/Sabbath_Morning_Class_Captain_Osee_Unity_The_Sweet_Savor_of_Salvation.txt	match	qTVrCZZKzes	text	Captain	Captain Osee		en	Sabbath Morning Class:	0.888	0.543			
text/Captain/Pallu/en/Captain_Pallu_Sabbath_Morning_Class_A_Hate_We_Can't_Shake_122323.txt	match	2cEkDqNS51E	text	Captain	Captain Pallu	2023-12-23	en	12.23.2023 Sabbath Morning Class	0.654	0.506			
text/Captain/Pallu/en/Captain_Pallu_Sabbath_Morning_Class_Crisis_Intervention_of_Abnormal.txt	none		text	Captain	Captain Pallu	2024-01-20	en	Captain Pallu - Crisis Intervention of Abnormal Behavior - Sabbath Morning - 012024.docx					
text/Captain/Pallu/en/Captain_Pallu_Sabbath_Morning_Psychosis_A_Delusion_Unchecked_101924.txt	none		text	Captain	Captain Pallu	2024-10-19	en	Captain Pallu-Sabbath Morning-Psychosis A Delusion Unchecked-101924					
text/Captain/Select/en/Captain_Select_Micah_TBT_Moab_The_Chinese_Connection_061626.txt	none		text	Captain	Captain Select	2026-06-16	en	Captain (Select) Micah - TBT - Moab: The Chinese Connection - 061626					
text/Captain/Select/en/Captain_Select_Micah_Truth_Be_Told_Are_Latinos_Black_Too_090826.txt	none		text	Captain	Captain Select	2026-09-08	en	Captain (Select) Micah - Truth Be Told - Are Latinos Black Too - 090826					
text/Captain/Seriyah/en/Captain Seriyah BBOOF Someone Must Speak Up Lev 5_1 021624.txt	none		text	Captain	Captain Seriyah	2024-02-16	en	Captain Seriyah BBOOF Someone Must Speak Up Lev 5:1 021624					
text/Captain/Seriyah/en/Captain Seriyah BBOOF The Love of Many Shall Wax Cold 100623.txt	none		text	Captain	Captain Seriyah	2023-10-06	en	Captain Seriyah BBOOF The Love of Many Shall Wax Cold 100623					
text/Captain/Seriyah/en/Captain Seriyah BBOOF Will A Pastor Rob God 020224.txt	none		text	Captain	Captain Seriyah	2024-02-02	en	Captain Seriyah BBOOF Will A Pastor Rob God 020224					
text/Captain/Seriyah/en/Captain Seriyah Book of Our Fathers Still in Slavery 111023.txt	none		text	Captain	Captain Seriyah	2023-11-10	en	Captain Seriyah Book of Our Fathers Still in Slavery 111023					
text/Captain/Seriyah/en/Captain_Seriyah_BBOOF_A_Perverse_and_Crooked_Generation_Deut_32_5.txt	none		text	Captain	Captain Seriyah	2024-03-01	en	Captain Seriyah BBOOF A Perverse and Crooked Generation Deut 32:5 030124					
text/Captain/Seriyah/en/Captain_Seriyah_BBOOF_Feast_of_Dedication__Keep_The_Commandments.txt	none		text	Captain	Captain Seriyah	2023-12-29	en	Captain Seriyah BBOOF Feast of Dedication: Keep The Commandments and Live Part 2 122923					
text/Captain/Seriyah/en/Captain_Seriyah_BBOOF_Hallelujah!_No_More_Are_We_Israelites_Cut.txt	none		text	Captain	Captain Seriyah	2024-03-29	en	Captain Seriyah BBOOF Hallelujah! No More Are We (Israelites) Cut Off! 032924					
text/Captain/Seriyah/en/Captain_Seriyah_BBOOF_More_Vengeance_Soon_To_Come_Hangings_and_Hurricanes.txt	none		text	Captain	Captain Seriyah	2025-01-10	en	Captain Seriyah BBOOF More Vengeance Soon To Come Hangings and Hurricanes 011025					
text/Captain/Seriyah/en/Captain_Seriyah_BBOOF_When_Are_You_Sinners_Going_To_Wake_Up_061325 (2).txt	none		text	Captain	Captain Seriyah	2025-06-13	en	Captain Seriyah BBOOF When Are You (Sinners) Going To Wake Up 061325					
text/Captain/Seriyah/en/Captain_Seriyah_BBOOF_When_Are_You_Sinners_Going_To_Wake_Up_061325.txt	none		text	Captain	Captain Seriyah	2025-06-13	en	Captain Seriyah BBOOF When Are You (Sinners) Going To Wake Up 061325					
text/Captain/Seriyah/en/Captain_Seriyah_B_B_O_F_The_Abominable_States_Of_America_Who_Raised.txt	none		text	Captain	Captain Seriyah		en	Captain Seriyah_					
text/Captain/Seriyah/en/Captain_Seriyah_Sabbath_Morning_Consider_the_Ant_and_Only_be_Thou.txt	match	bYU0P9xIw44	text	Captain	Captain Seriyah	2025-09-06	en	Captain Seriyah-Sabbath Morning-Consider the Ant and Only be Thou Strong-090625	0.662	0.425			
text/Captain/Seriyah/en/Captain_Seriyah_Sabbath_Morning_LORD_of_Vengeance,_Covenant_for.txt	none		text	Captain	Captain Seriyah	2024-09-21	en	Sabbath Morning 09/21/24					
text/Captain/Severus/en/Captain_Severus_Sabbath_Morning_They_Want_Us_to_Denounce_Christ.txt	none		text	Captain	Captain Severus	2024-08-03	en	Captain Severus-Sabbath Morning-They Want Us to Denounce Christ-080324					
text/Captain/Severus/en/IUIC_Haiti_Sabbath_Class_Captain_Severus_12_13_2025_compressed.txt	none		text	Captain	Captain Severus	2025-12-13	en	IUIC Haiti_Sabbath Class_Captain Severus_12.13.2025					
text/Captain/Shem/en/Captain_Shem_Sabbath_Morning_Before_Bombs_Burst_Remember_Re_examine.txt	match	6yXSTod_UEI	text	Captain	Captain Shem		en	Untitled document	0.437	0.73			
text/Captain/Shem/en/Captain_Shem_Sabbath_Morning_The_Day_Of_The_Glutton_Is_Gone_Boy.txt	match	sS6tIE_GMpA	text	Captain	Captain Shem		en	Sabbath Morning	0.333	0.676			
text/Captain/Shem/en/Captain_Shem_The_High_way_of_the_upright_sabbath_morning_class_01.txt	match	vV5sPkqhVi4	text	Captain	Captain Shem	2026-01-10	en	Captain Shem_ The High way of the upright_ sabbath morning class_01/10/26	0.734	0.729			
text/Captain/Shem/en/Precept Upon Precept_06.15.26_ Captain Shem_compressed.txt	none		text	Captain	Captain Shem	2026-06-15	en	Precept Upon Precept_06.15.26_ Captain Shem					
text/Captain/Shemaiah/en/Captain Shemaiah - Sabbath Noon - War of the Gods - 011726.txt	match	UBcXHIgpVok	text	Captain	Captain Shemaiah	2026-01-17	en	Captain Shemaiah - Sabbath Noon - War of the Gods - 011726	0.674	0.674			
text/Captain/Shemaiah/en/Captain Shemaiah Sabbath Morning The Price of Gold 01-18-25.txt	match	B17IISPLBqc	text	Captain	Captain Shemaiah	2025-01-18	en	Captain Shemaiah Sabbath Morning The Price of Gold 01-18-24	0.346	0.75			
text/Captain/Shemaiah/en/Captain_Shemaiah_SabbathAfternoon_TheHiddenEnemy_111823_compressed.txt	match	0h8U1T4Vc64	text	Captain	Captain Shemaiah	2023-11-18	en	Captain Shemaiah-SabbathAfternoon-TheHiddenEnemy-111823	0.645	0.483			
text/Captain/Shemaiah/en/Captain_Shemaiah_Sabbath_Morning_Class_Spiritual_Warfare_Carnal.txt	match	Ur986d84nt4	text	Captain	Captain Shemaiah		en	Captain_Shemaiah_Sabbath_Morning_Class_Spiritual_Warfare_Carnal	0.65	0.016			
text/Captain/Shemaiah/en/Captain_Shemaiah_Sabbath_Noon_Class_The_Building_Blocks_of_Bitterness.txt	match	d9CXnvRB7es	text	Captain	Captain Shemaiah	2026-08-29	en	Captain Shemaiah-Sabbath Noon Class-The Building Blocks of Bitterness-August 29, 2026	0.688	0.823			
text/Captain/Shemaiah/en/Captain_Shemaiah_Sabbath_Noon_Silencing_the_Lambs_07_22_24.txt	none		no text	Captain	Captain Shemaiah	2024-07-22	en	Captain_Shemaiah_Sabbath_Noon_Silencing_the_Lambs_07_22_24					
text/Captain/Shemaiah/en/Pain_Produces_Power_Captain_Shemaiah_Sabbath_Morning_01_13_2024.txt	match	oaBguk6C9jI	text	Captain	Captain Shemaiah	2024-01-13	en	Sabbath Morning 01/13/24	0.639	0.252			
text/Captain/Tazayawan/en/Captain_Tazayawan_Sabbath_Morning_Curse_Breakers_Restoration_Of.txt	probable	J94Z74jO8SE	text	Captain	Captain Tazayawan		en	Untitled document	0.292	0.519	bMyNFhLJVEU		
text/Captain/Tobias/en/Captain_Tobias_Sabbath_Morning_Class_Separated_From_the_Flock_101825.txt	none		text	Captain	Captain Tobias	2025-10-18	en	Captain_Tobias_Sabbath_Morning_Class_Separated_From_the_Flock_101825					
text/Captain/Tobias/en/Captain_Tobias_Sabbath_Morning_Marry_Thy_DaughterWeighty_Matter.txt	match	FEzDfBCBxRI	text	Captain	Captain Tobias	2024-09-07	en	Sabbath Morning 09/07/24	0.505	0.674			
text/Captain/Yadaya/en/Captain Yadaya_Sabbath Morning Class_09_13_25.txt	match	Zx-J-KCkXh8	text	Captain	Captain Yadaya	2025-09-13	en	Captain Yadaya_Sabbath Morning Class_09|13|25	0.586	0.272			
text/Captain/Yadaya/en/Captain_Yadaya_Sabbath_Morning_Vice_and_Virtues_of_a_Leader_030825.txt	match	2Z7OQB_Re4U	text	Captain	Captain Yadaya	2025-03-08	en	Captain Yadaya-Sabbath Morning-Vice and Virtues of a Leader-030825	0.429	0.76			
text/Captain/Yadin/en/Captain_Yadin_Sabbath_Morning_Class_This_Woman’s_Work_05_02_26_compressed.txt	match	PT0-nh5g0VA	text	Captain	Captain Yadin	2026-05-02	en	Captain Yadin_ Sabbath Morning Class_This Woman’s Work _ 05/02/26	0.783	0.701			
text/Captain/Yadin/es/Captain_Yadin_Sabbath_Noon_Divide_And_Conquer_Satan_In_My_Ear_040624.txt	match	5ddle5YVJck	text	Captain	Captain Yadin	2024-04-06	es	Captain Yadin - Sabbath Noon - Divide And Conquer: Satan In My Ear - 040624	0.617				
text/Captain/Yadon/en/Captain_Yadon_Sabbath_Morning_The_Blueprint_of_A_Nation_10_12_2024.txt	match	naBUmGX7T1Y	text	Captain	Captain Yadon	2024-10-12	en	The Blueprint of A Nation	0.491	0.763			
text/Captain/Yadon/en/Captain_Yadon_Sabbath_Morning_The_Fight_for_the_Souls_of_the_Saints.txt	none		text	Captain	Captain Yadon	2023-12-16	en	Captain Yadon - Sabbath Morning - The Fight for the Souls of the Saints - 121623					
text/Captain/Yadon/en/Captain_Yadon_Sabbath_Noon_Love_Thy_Neighbor_as_Thyself_080324.txt	match	mCmhtA6UwlA	text	Captain	Captain Yadon	2024-08-03	en	Captain_Yadon_Sabbath_Noon_Love_Thy_Neighbor_as_Thyself_080324	0.567	0.467			
text/Captain/Yahn/en/Captain Yahn - Sabbath Noon - The Art of War - 121424.txt	none		text	Captain	Captain Yahn	2024-12-14	en	Captain Yahn - Sabbath Noon - The Art of War - 121424					
text/Captain/Yahn/en/Captain_Yahn_&_Captain_Zephaniah_Sabbath_Morning_Sex,_Addiction.txt	match	nOR10bINMAk	text	Captain	Captain Yahn	2024-06-08	en	Sabbath Morning 06/08/24	0.558	0.687			
text/Captain/Yahn/en/Captain_Yahn_Sabbath_Morning_Class_Black_Problems_are_because_of.txt	none		text	Captain	Captain Yahn	2024-01-27	en	Captain Yahn Sabbath Morning Class Black Problems are because of Jewish People 012724					
text/Captain/Yahn/en/Captain_Yahn_Sabbath_Morning_Class_The_United_States_is_Falling.txt	match	UzqDReW3E4A	name	Captain	Captain Yahn	2023-09-30	en	Captain Yahn-Sabbath Morning Class-The United States is Falling-093023	0.0	0.004			
text/Captain/Yahn/en/Captain_Yahn_Sabbath_Morning_Class_The_War_Between_Blacks_&_Whites.txt	match	mffmDVtiY0Q	text	Captain	Captain Yahn		en	Captain_Yahn_Sabbath_Morning_Class_The_War_Between_Blacks_&_Whites	0.427	0.536			
text/Captain/Yahn/en/Captain_Yahn_Sabbath_Morning_Marry_This_Type_of_Woman_02_01_25_.txt	none		text	Captain	Captain Yahn	2025-02-01	en	Marry This Type of Woman					
text/Captain/Yahn/en/Captain_Yahn_Sabbath_Morning_Sodom_and_Gomorrah_America_in_the_Past.txt	match	nPK8ZSkVutA	text	Captain	Captain Yahn	2024-07-13	en	Captain Yahn - Sabbath Morning - Sodom and Gomorrah: America in the Past and Present - 071324	0.633	0.617			
text/Captain/Yahn/en/Captain_Yahn_and_Captain_Zephaniah_Sabbath_Noon_Donald_Trump,_America.txt	match	NzKbITFZkys	text	Captain	Captain Yahn	2024-06-01	en	Captain Yahn and Captain Zephaniah - Sabbath Noon - Donald Trump, America and the Black Hebrew Israelites - 060124	0.584	0.691			
text/Captain/Yawanathan/en/Captain_Yawanathan_Sabbath_Morning_What_Manner_Ought_Ye_to_Be_121424.txt	match	GCAs12N5NgU	text	Captain	Captain Yawanathan	2024-12-14	en	Captain Yawanathan-Sabbath Morning-What Manner Ought Ye to Be-121424	0.371	0.501			
text/Captain/Zaccai/en/07_15_2023_SABBATH_MORNING_CLASS_NEEDFUL_THINGS_CAPTAIN_ZACCAI_.txt	match	fzkozN74lNM	text	Captain	Captain Zaccai	2023-07-15	en	07.15.2023 SABBATH MORNING CLASS NEEDFUL THINGS  CAPTAIN ZACCAI	0.681	0.32			
text/Captain/Zaccai/en/Captain_Zaccai_Sabbath_Morning_Class_Child_Support__A_Continuing.txt	match	S3LbNh6gA5M	text	Captain	Captain Zaccai	2023-10-28	en	Captain Zaccai Sabbath Morning Class Child Support: A Continuing Criminal Enterprise 102823	0.452	0.506			
text/Captain/Zaccai/en/Captain_Zaccai_Sabbath_Morning_Class_Vengeance_Is_Mine_Sayeth_The.txt	match	cLQCgvg5qXs	text	Captain	Captain Zaccai	2024-06-04	en	Captain Zaccai - Sabbath Morning Class - Vengeance Is Mine Sayeth The Lord  - 06/04/2024	0.536	0.356			
text/Captain/Zakar/en/CAPTAIN_ZAKAR_Sabbath_Noon_Class_Lord_Remember_Me_12_09_2023_compressed.txt	match	ILcT5gXCCPA	text	Captain	Captain Zakar	2023-12-09	en	Lord Remember Me	0.663	0.469			
text/Captain/Zakar/en/Captain Zakar Sabbath Morning The Demons We Feed 02-15-2025.txt	match	rq0Q1p13UOI	text	Captain	Captain Zakar	2025-02-15	en	Captain Zakar Sabbath Morning The Demons We Feed 02-15-2025	0.591	0.714			
text/Captain/Zakar/en/Captain Zakar Sabbath Morning The Overcoming 110423.txt	match	OEkPNZrhPSo	text	Captain	Captain Zakar	2023-11-04	en	Captain Zakar Sabbath Morning The Overcoming 110423	0.582	0.6			
text/Captain/Zakar/en/CaptainZakar_SabbathNoon_TheWisdomOfAPreacher_083025_compressed.txt	match	P2UoMWRH0Oo	text	Captain	Captain Zakar	2025-08-30	en	CaptainZakar-SabbathNoon-TheWisdomOfAPreacher-083025	0.609	0.551			
text/Captain/Zakar/en/Captain_Zakar_Sabbath_Morning_Class_The_Stench_of_Willie_Lynch_072625.txt	match	xhFjupwa5wY	text	Captain	Captain Zakar	2025-07-26	en	Captain_Zakar_Sabbath_Morning_Class_The_Stench_of_Willie_Lynch_072625	0.805	0.868			
text/Captain/Zakar/en/Captain_Zakar_Sabbath_Morning_I’m_New,_What_To_Do_08_24_24.txt	match	ydkQz8A_DRQ	text	Captain	Captain Zakar	2024-08-24	en	Sabbath Morning	0.716	0.768			
text/Captain/Zakar/en/Captain_Zakar_Sabbath_Morning_The_Saints_Encourage_Themselves_072724.txt	match	5HE_b5-Wj8Y	text	Captain	Captain Zakar	2024-07-27	en	Captain Zakar - Sabbath Morning - The Saints Encourage Themselves - 072724	0.564	0.482			
text/Captain/Zakar/en/Captain_Zakar_Sabbath_Morning_The_Vicissitudes_of_Life_110224_compressed.txt	match	BWqCcXeGkaA	text	Captain	Captain Zakar	2024-11-02	en	Captain_Zakar_Sabbath_Morning_The_Vicissitudes_of_Life_110224_compressed	0.624	0.706			
text/Captain/Zakar/en/Captain_Zakar_The_Fear_of_Purple_Sabbath_Morning_Class_03_23_24_ (2).txt	match	c-6ujRQ6yqA	text	Captain	Captain Zakar	2024-03-23	en	Captain Zakar	0.667	0.65			
text/Captain/Zakar/en/Captain_Zakar_The_Fear_of_Purple_Sabbath_Morning_Class_03_23_24_.txt	match	c-6ujRQ6yqA	text	Captain	Captain Zakar	2024-03-23	en	Captain Zakar	0.667	0.615			
text/Captain/Zakar/en/Sabbath Morning Class_Captain Zakaar_09.12.26_compressed.txt	none		text	Captain	Captain Zakar	2026-09-12	en	Sabbath Morning Class_Captain Zakaar_09.12.26					
text/Captain/Zakar/en/The_Sabbath_Morning_Class_08_16_25_Captain_Zakar_GENERATION_Z_THE.txt	match	7PNqDmHX76o	text	Captain	Captain Zakar	2025-08-16	en	The Sabbath Morning Class | 08.16.25  Captain Zakar GENERATION Z: THE GENERATION OF ZOMBIES	0.688	0.7			
text/Captain/Zakar/es/Captain_Zakar_Sabbath_Noon_The_Pride_of_Thine_Heart_013126.txt	match	_zOB4Ip0MNk	text	Captain	Captain Zakar	2026-01-31	es	Captain Zakar - Sabbath Noon - The Pride of Thine Heart - 013126	0.928				
text/Captain/Zaphaniah/en/Captain_Zaphaniah_Sabbath_Morning_Class_Latinos_for_trump,_Alien.txt	match	uXeqc75txGk	text	Captain	Captain Zaphaniah	2026-01-24	en	Captain Zaphaniah_ Sabbath Morning Class_Latinos for trump, Alien vs Predator _ 01/24/26	0.719	0.57			
text/Captain/Zephaniah/en/Captain Zephaniah_Sabbath Morning Class_10.11.25_compressed.txt	match	48F5J8cEL2I	text	Captain	Captain Zephaniah	2025-10-11	en	Captain Zephaniah_Sabbath Morning Class_10.11.25	0.895	0.318			
text/Captain/Zephaniah/en/Captain_Zephaniah_Sabbath_Noon_Class_Follow_the_Prophets_Lead_Have.txt	match	DdB43cxQo4k	text	Captain	Captain Zephaniah		en	Captain_Zephaniah_Sabbath_Noon_Class_Follow_the_Prophets_Lead_Have	0.571	0.277			
text/Captain/Zephaniah/en/Captain_Zephaniah_Sabbath_Noon_Hip_Hop_From_Revolution_To_Devolution.txt	none		text	Captain	Captain Zephaniah	2024-12-21	en	Captain Zephaniah - Sabbath Noon - Hip Hop From Revolution To Devolution - 122124					
text/Captain/Zephaniah/en/Captain_Zephaniah_Sabbath_Noon_Puerto_Rico_Flame_of_Resistance_042526.txt	match	YVvCyl2ZZUQ	text	Captain	Captain Zephaniah	2026-04-25	en	Captain Zephaniah-Sabbath Noon-Puerto Rico Flame of Resistance-042526	0.699	0.632			
text/Deacon/ABBAYAEL/en/AFTERNOON_SABBATH_CLASS_Why_Do_Fools_Fall_In_Love_DEACON_ABBAYAEL.txt	match	GEZnJtTw5Bs	text	Deacon	Deacon Abbayael	2026-03-28	en	AFTERNOON SABBATH CLASS_Why Do Fools Fall In Love_DEACON ABBAYAEL_03282026	0.733	0.779			
text/Deacon/ABBAYAEL/es/Afternoon_Sabbath_Class_MembersInTheBody_DeaconAbbayael_06062026.txt	match	MYjE1-GE1kg	text	Deacon	Deacon Abbayael	2026-06-06	es	Afternoon Sabbath Class_MembersInTheBody_DeaconAbbayael_06062026	0.682				
text/Deacon/ABBAYAEL/es/Afternoon_Sabbath_Class_Members_In_the_Body_Pt2_DeaconAbbayael_06132026 (2).txt	match	bvqCl9KmDt4	text	Deacon	Deacon Abbayael	2026-06-13	es	Afternoon Sabbath Class_Members In the Body Pt2_DeaconAbbayael_06132026	0.717				
text/Deacon/ABBAYAEL/es/Afternoon_Sabbath_Class_Members_In_the_Body_Pt2_DeaconAbbayael_06132026.txt	match	bvqCl9KmDt4	text	Deacon	Deacon Abbayael	2026-06-13	es	Afternoon Sabbath Class_Members In the Body Pt2_DeaconAbbayael_06132026	0.636				
text/Deacon/ABBAYAEL/es/DeaconAbbayael_SabbathAfternoon_ABookOfOurFathers_030825_compressed.txt	none		text (weak)	Deacon	Deacon Abbayael	2025-03-08	es	DeaconAbbayael-SabbathAfternoon-ABookOfOurFathers-030825					
text/Deacon/ABBAYAEL/es/DeaconAbbayael_SabbathAfternoon_APathofRuin_101224_compressed.txt	match	nfnq6Y2Jb9I	text	Deacon	Deacon Abbayael	2024-10-12	es	DeaconAbbayael-SabbathAfternoon-APathofRuin-101224	0.857				
text/Deacon/ABBAYAEL/es/DeaconAbbayael_SabbathAfternoon_FaithUnfeigned_110924_compressed.txt	match	VVAFwmfLt68	text	Deacon	Deacon Abbayael	2024-11-09	es	DeaconAbbayael-SabbathAfternoon-FaithUnfeigned-110924	0.508				
text/Deacon/ABBAYAEL/es/DeaconAbbayael_SabbathAfternoon_FruitsOfAPoisonousTreeFornication.txt	match	Uf-y9XSFzLI	text	Deacon	Deacon Abbayael	2024-03-23	es	DeaconAbbayael-SabbathAfternoon-FruitsOfAPoisonousTreeFornication-032324	0.774				
text/Deacon/ABBAYAEL/es/DeaconAbbayael_SabbathAfternoon_HeavyIsTheHead_091424_compressed.txt	none		text	Deacon	Deacon Abbayael	2024-09-14	es	DeaconAbbayael-SabbathAfternoon-HeavyIsTheHead-091424					
text/Deacon/ABBAYAEL/es/DeaconAbbayael_SabbathAfternoon_Leviticus18InRealTime_112324_compressed.txt	match	g5whItMBiNQ	text	Deacon	Deacon Abbayael	2024-11-23	es	DeaconAbbayael-SabbathAfternoon-Leviticus18InRealTime-112324	0.741				
text/Deacon/ABBAYAEL/es/DeaconAbbayael_SabbathAfternoon_WhispersAndWolves_011324_compressed.txt	match	Vdsd6-5azgc	text	Deacon	Deacon Abbayael	2024-01-13	es	DeaconAbbayael-SabbathAfternoon-WhispersAndWolves-011324	0.625				
text/Deacon/ABBAYAEL/es/Deacon_Abbayael_SabbathAfternoon_HeIsWorthyOurReasonableService.txt	match	Sq2RBBQ_CJg	text	Deacon	Deacon Abbayael	2023-12-30	es	Deacon Abbayael-SabbathAfternoon-HeIsWorthyOurReasonableService-123023	0.624				
text/Deacon/ABBAYAEL/es/Deacon_Abbayael_Sabbath_Afternoon_A_Slow_Death_Spiritually_Decaying.txt	match	zH5AC3mkqdw	text	Deacon	Deacon Abbayael	2024-08-17	es	Deacon Abbayael - Sabbath Afternoon - A Slow Death: Spiritually Decaying Before All - 081724	0.769				
text/Deacon/ABBAYAEL/es/Deacon_Abbayael_Sabbath_Afternoon_Be_Not_Conformed_But_Be_Ye_Transformed.txt	match	SPwzrfeFC98	text	Deacon	Deacon Abbayael	2024-02-03	es	Deacon Abbayael - Sabbath Afternoon - Be Not Conformed: But Be Ye Transformed - 020324	0.525				
text/Deacon/ABBAYAEL/es/Deacon_Abbayael_Sabbath_Afternoon_Good_Is_Set_Against_Evil_062224.txt	match	_UsGaLb2Aa4	text	Deacon	Deacon Abbayael	2024-06-22	es	Deacon Abbayael - Sabbath Afternoon - Good Is Set Against Evil - 062224	0.748				
text/Deacon/ABBAYAEL/es/Deacon_Abbayael_Sabbath_Afternoon_Good_is_set_against_evil_the_elected.txt	match	n6lulav-m0I	text	Deacon	Deacon Abbayael	2024-06-29	es	Deacon Abbayael - Sabbath Afternoon - Good is set against evil: the elected and rejected pt 2 - 062924	0.541				
text/Deacon/ABBAYAEL/es/Deacon_Abbayael_Sabbath_Afternoon_Shut_Your_Big_Black_Mouth_082424.txt	match	YsPnDB-Y4h8	text	Deacon	Deacon Abbayael	2024-08-24	es	Deacon Abbayael - Sabbath Afternoon - Shut Your Big Black Mouth - 082424	0.696				
text/Deacon/Abbayeal/en/Afternoon Sabbath Class_DeaconAbbayeal_05022026.txt	match	8naOiSKAyVg	text	Deacon	Deacon Abbayeal	2026-05-02	en	Afternoon Sabbath Class_DeaconAbbayeal_05022026	0.619	0.66			
text/Deacon/Asaph/en/Deacon_Asaph_SabbathEvening_Are_You_An_Independent_Woman_4_25_26.txt	match	tsdO9OrUI54	text	Deacon	Deacon Asaph	2026-04-25	en	Deacon Asaph - SabbathEvening - Are You An Independent Woman? - 4/25/26	0.595	0.747			
text/Deacon/Asaph/en/SabbathAfternoon_DeaconAsaph_WhatMannerOfPersonsOughtYeToBe_040624.txt	match	VeDO06f-1_g	text	Deacon	Deacon Asaph	2024-04-06	en	SabbathAfternoon-DeaconAsaph-WhatMannerOfPersonsOughtYeToBe-040624	0.556	0.475			
text/Deacon/Eythan/en/Deacon Eythan - Sabbath Noon - Dear Father - 082424.txt	none		text	Deacon	Deacon Eythan	2024-08-24	en	Deacon Eythan - Sabbath Noon - Dear Father - 082424					
text/Deacon/Eythan/en/Deacon Eythan - Sabbath Noon - Gods Among Us - 110224.txt	match	6C495CkHZIo	text	Deacon	Deacon Eythan	2024-11-02	en	Deacon Eythan - Sabbath Noon - Gods Among Us - 110224	0.55	0.507			
text/Deacon/Eythan/en/Deacon Eythan - Sabbath Noon - Reasoning Vs. Debate - 080925.txt	match	a8J3Oy0QNlQ	text	Deacon	Deacon Eythan	2025-08-09	en	Deacon Eythan - Sabbath Noon - Reasoning Vs. Debate - 080925	0.616	0.638			
text/Deacon/Eythan/en/Deacon Eythan - Sabbath Noon - The God of Free Will - 092824.txt	match	lOMe4I6o6fU	text	Deacon	Deacon Eythan	2024-09-28	en	Deacon Eythan - Sabbath Noon - The God of Free Will - 092824	0.568	0.53			
text/Deacon/Eythan/en/Deacon Eythan - Sabbath Noon - Times of Temptation - 020825.txt	match	_XGxodGsXG4	text	Deacon	Deacon Eythan	2025-02-08	en	Deacon Eythan - Sabbath Noon - Times of Temptation - 020825	0.464	0.645			
text/Deacon/Eythan/en/Deacon_Eythan_Day_of_Simon_DAY_OF_SIMON_HISTORY_IS_PROPHECY_FULFILLED.txt	none		text	Deacon	Deacon Eythan	2024-05-15	en	Deacon Eythan - Day of Simon - DAY OF SIMON: HISTORY IS PROPHECY FULFILLED - 051524					
text/Deacon/Eythan/en/Deacon_Eythan_Escape_New_Years_Armageddon_Chain_Of_Events_123124.txt	match	lM9ftpXIPo0	text	Deacon	Deacon Eythan	2024-12-31	en	Deacon Eythan - Escape New Years - Armageddon: Chain Of Events - 123124	0.515	0.563			
text/Deacon/Eythan/en/Deacon_Eythan_FOT_Close_Freedom_and_Mercy_of_the_New_Covenant_101024.txt	match	Lj4IshVQWIs	text	Deacon	Deacon Eythan	2024-10-10	en	Deacon Eythan - FOT Close - Freedom and Mercy of the New Covenant - 101024	0.534	0.445			
text/Deacon/Eythan/en/Deacon_Eythan_Memorial_Day_Getaway_10_Horns_10_Toes_2_Feathers.txt	match	n9UGbR4gEh4	text	Deacon	Deacon Eythan		en	Deacon Eythan Memorial Day Getaway 10 Horns 10 Toes 2 Feathers	0.594	0.639			
text/Deacon/Eythan/en/Deacon_Eythan_New_Moon_Born_in_Fire_&_Water_100725_compressed.txt	match	w2HVHMfPm5M	text	Deacon	Deacon Eythan	2025-10-07	en	Deacon Eythan - New Moon - Born in Fire & Water - 100725	0.763	0.752			
text/Deacon/Eythan/en/Deacon_Eythan_New_Moon_Racial_and_Financial_Idolatry_061125_compressed (2).txt	match	F3FUJ_VPcqc	text	Deacon	Deacon Eythan	2025-06-11	en	Deacon Eythan - New Moon - Racial and Financial Idolatry - 061125	0.707	0.476			
text/Deacon/Eythan/en/Deacon_Eythan_New_Moon_Racial_and_Financial_Idolatry_061125_compressed.txt	match	F3FUJ_VPcqc	text	Deacon	Deacon Eythan	2025-06-11	en	Deacon Eythan - New Moon - Racial and Financial Idolatry - 061125	0.707	0.476			
text/Deacon/Eythan/en/Deacon_Eythan_OHH_Slave_Ship_Destinations_pt_5_122924_Google_Docs.txt	ambiguous	2ip9YpKoOkU	text	Deacon	Deacon Eythan	2024-12-29	en	Deacon_Eythan_OHH_Slave_Ship_Destinations_pt_5_122924_Google_Docs	0.0	1.0		kmqWQHTdbSs	
text/Deacon/Eythan/en/Deacon_Eythan_OHH_The_Big_Three_Islam’s_Dark_Secrets_Part_5_081824.txt	match	7Z-D8UvO1pg	text	Deacon	Deacon Eythan	2024-08-18	en	Deacon_Eythan_OHH_The_Big_Three_Islam’s_Dark_Secrets_Part_5_081824	0.584	0.506			
text/Deacon/Eythan/en/Deacon_Eythan_OHH_The_Robbers_Of_Lands_and_People_011925_compressed.txt	match	CJqT4kRiRtw	text	Deacon	Deacon Eythan	2025-01-19	en	Deacon Eythan-OHH-The Robbers Of Lands and People-011925	0.493	0.52			
text/Deacon/Eythan/en/Deacon_Eythan_Our_hidden_history_The_beginning_stages_of_the_dark.txt	match	xAUWuI3rm6Q	text	Deacon	Deacon Eythan	2016-02-03	en	Deacon Eythan _ Our hidden history _The beginning stages of the dark ages travel and settlement pt2_03/16/25	0.536	0.382			
text/Deacon/Eythan/en/Deacon_Eythan_Purim_Closing_Purim_Part_2_Amaleks_End_Is_To_Perish.txt	match	bjQRdMCGuDo	text	Deacon	Deacon Eythan	2025-02-26	en	Deacon Eythan - Purim Closing - Purim Part 2 Amalek's End Is To Perish Forever - 022625	0.721	0.356			
text/Deacon/Eythan/en/Deacon_Eythan_Purim_Opening_Purim_Amalek's_End_Is_To_Perish_Forever.txt	match	JQYkMUBERF8	text	Deacon	Deacon Eythan	2025-02-25	en	Deacon Eythan - Purim Opening - Purim: Amalek's End Is To Perish Forever - 022525	0.391	0.405			
text/Deacon/Eythan/en/Deacon_Eythan_Sabbath_Evening_The_Dividing_Hatred_Cornelius_The.txt	match	zdkkMC_4xfg	text	Deacon	Deacon Eythan		en	Deacon_Eythan_Sabbath_Evening_The_Dividing_Hatred_Cornelius_The	0.595	0.454			
text/Deacon/Eythan/en/Deacon_Eythan_Sabbath_Evening_The_Dividing_Hatred_The_Grafted_In.txt	match	g3Yh2GSq8E4	text	Deacon	Deacon Eythan		en	Deacon_Eythan_Sabbath_Evening_The_Dividing_Hatred_The_Grafted_In	0.684	0.529			
text/Deacon/Eythan/en/Deacon_Eythan_Sabbath_Noon_A_Just_Mans_Fall,_Rise_and_Resolve_101924.txt	match	PZ0hBzYEx5c	text	Deacon	Deacon Eythan	2024-10-19	en	Deacon Eythan - Sabbath Noon - A Just Mans Fall, Rise and Resolve - 101924	0.543	0.625			
text/Deacon/Eythan/en/Deacon_Eythan_Sabbath_Noon_All_Skinfolk_Ain't_Kinfolk_Children_Of.txt	match	v7JMsDMvuXw	text	Deacon	Deacon Eythan	2026-01-03	en	Deacon Eythan - Sabbath Noon - All  Skinfolk Ain't Kinfolk: Children Of Darkness - 010326	0.84	0.62			
text/Deacon/Eythan/en/Deacon_Eythan_Sabbath_Noon_Black_and_Hispanic_Disunity_022225.txt	match	FpK837BWozk	text	Deacon	Deacon Eythan	2025-02-22	en	Deacon Eythan - Sabbath Noon - Black and Hispanic Disunity - 022225	0.649	0.383			
text/Deacon/Eythan/en/Deacon_Eythan_Sabbath_Noon_CHRISTMAS_ICONS,_IDOLATRY,_WHITE_SUPREMACY.txt	match	jUTjrFS8YGQ	text	Deacon	Deacon Eythan	2025-12-20	en	Deacon Eythan - Sabbath Noon - CHRISTMAS/ ICONS, IDOLATRY, WHITE SUPREMACY !!REVEALED!! - 122025	0.585	0.723			
text/Deacon/Eythan/en/Deacon_Eythan_Sabbath_Noon_Class_Blasphemers_and_Traitors_062726.txt	match	SxDuvLQEkHI	text	Deacon	Deacon Eythan	2026-06-27	en	Deacon Eythan - Sabbath Noon Class - Blasphemers and Traitors - 062726	0.907	0.555			
text/Deacon/Eythan/en/Deacon_Eythan_Sabbath_Noon_Class_Foundational_Babylonian_Advocates.txt	match	a5Dzjsx02qA	text	Deacon	Deacon Eythan	2026-08-22	en	Deacon Eythan - Sabbath Noon Class - Foundational Babylonian Advocates:  Division Among the Dispersion - 082226	0.789	0.739			
text/Deacon/Eythan/en/Deacon_Eythan_Sabbath_Noon_Class_The_Mercy_and_Humility_of_King.txt	match	5tWDINEq3UI	text	Deacon	Deacon Eythan	2026-04-04	en	Deacon Eythan-Sabbath Noon Class-The Mercy and Humility of King Manasseh-040426	0.748	0.83			
text/Deacon/Eythan/en/Deacon_Eythan_Sabbath_Noon_Class_Traitors_and_their_Exquisite_Subtlety.txt	match	j2FoUSpuWIs	text	Deacon	Deacon Eythan	2026-06-20	en	Deacon Eythan-Sabbath Noon Class-Traitors and their Exquisite Subtlety: The Judas Iscariot Effect-062026	0.787	0.8			
text/Deacon/Eythan/en/Deacon_Eythan_Sabbath_Noon_Delivered_to_Satan_Spiritual_Solitary.txt	match	PaeMIk1l7Lc	text	Deacon	Deacon Eythan	2024-04-27	en	Deacon Eythan - Sabbath Noon - Delivered to Satan: Spiritual Solitary Confinement - 042724	0.451	0.424			
text/Deacon/Eythan/en/Deacon_Eythan_Sabbath_Noon_Doth_Nature_Itself_Teach_You_090724.txt	match	UAOmCrSXU5Q	text	Deacon	Deacon Eythan	2024-09-07	en	Deacon Eythan - Sabbath Noon - Doth Nature Itself Teach You? - 090724	0.724	0.562			
text/Deacon/Eythan/en/Deacon_Eythan_Sabbath_Noon_Easter_Ishtar_Madness_041925_compressed.txt	match	Z3HDO-S3al8	text	Deacon	Deacon Eythan	2025-04-19	en	Deacon Eythan - Sabbath Noon - Easter Ishtar Madness - 041925	0.658	0.605			
text/Deacon/Eythan/en/Deacon_Eythan_Sabbath_Noon_Gentiles_Northern_Kingdom_In_the_New.txt	match	_6tfSfvYe5o	text	Deacon	Deacon Eythan	2025-01-18	en	Deacon Eythan - Sabbath Noon - Gentiles: Northern Kingdom In the New Testament - 011825	0.582	0.345			
text/Deacon/Eythan/en/Deacon_Eythan_Sabbath_Noon_Gentiles_What_Happened_to_Northern_Kingdom.txt	match	Xpxyy14ht5E	text	Deacon	Deacon Eythan	2024-12-28	en	Deacon Eythan - Sabbath Noon - Gentiles: What Happened to Northern Kingdom - 122824	0.533	0.448			
text/Deacon/Eythan/en/Deacon_Eythan_Sabbath_Noon_God_So_Loved_The_World_091325_compressed.txt	match	DI2kjlcL19g	text	Deacon	Deacon Eythan	2025-09-13	en	Deacon Eythan - Sabbath Noon - God So Loved The World - 091325	0.674	0.536			
text/Deacon/Eythan/en/Deacon_Eythan_Sabbath_Noon_Have_Faith_In_Your_Fate_110125_compressed.txt	none		text	Deacon	Deacon Eythan	2025-11-01	en	Deacon Eythan - Sabbath Noon - Have Faith In Your Fate - 110125					
text/Deacon/Eythan/en/Deacon_Eythan_Sabbath_Noon_Nolan_Wells_The_Perpetual_Hatred_We_Never.txt	match	fJ_pW-RImxU	text	Deacon	Deacon Eythan	2026-08-01	en	Copy of Deacon Eythan-Sabbath Noon-Nolan Wells: The Perpetual Hatred We Never Learn-080126	0.802	0.723			
text/Deacon/Eythan/en/Deacon_Eythan_Sabbath_Noon_Parental_Guidance_Suggested_111624.txt	match	wXqhuFCk3ek	text	Deacon	Deacon Eythan	2024-11-16	en	Deacon Eythan - Sabbath Noon - Parental Guidance Suggested - 111624	0.541	0.634			
text/Deacon/Eythan/en/Deacon_Eythan_Sabbath_Noon_Paul_The_Prophet_And_Idol_Worship_110825.txt	match	sHhY3vLTrj8	text	Deacon	Deacon Eythan	2025-11-08	en	Deacon Eythan - Sabbath Noon - Paul The Prophet And Idol Worship  - 110825	0.626	0.599			
text/Deacon/Eythan/en/Deacon_Eythan_Sabbath_Noon_She_Cried_And_There_Was_None_To_Save (2).txt	match	lKq_TrkMf6w	text	Deacon	Deacon Eythan	2024-07-27	en	Deacon Eythan - Sabbath Noon - She Cried And There Was None To Save Her 2 - 072724	0.592	0.634			
text/Deacon/Eythan/en/Deacon_Eythan_Sabbath_Noon_She_Cried_And_There_Was_None_To_Save.txt	match	IFmsImKd-gM	text	Deacon	Deacon Eythan	2024-07-13	en	Deacon Eythan - Sabbath Noon - She Cried And There Was None To Save Her - 071324	0.618	0.555			
text/Deacon/Eythan/en/Deacon_Eythan_Sabbath_Noon_The_Art_of_a_Dynamic_Teacher_101825_compressed.txt	match	ADQRNmPfDCs	text	Deacon	Deacon Eythan	2025-10-18	en	Deacon Eythan - Sabbath Noon - The Art of a Dynamic Teacher - 101825	0.903	0.564			
text/Deacon/Eythan/en/Deacon_Eythan_Sabbath_Noon_The_Fashion_Of_Our_Forefathers_&_Mothers.txt	match	TduU9lBNa2U	text	Deacon	Deacon Eythan	2025-07-05	en	Deacon Eythan - Sabbath Noon - The Fashion Of Our Forefathers & Mothers - 070525	0.682	0.685			
text/Deacon/Eythan/en/Deacon_Eythan_Sabbath_Noon_The_Flesh_O_Wretched_Man_That_I_Am_041324.txt	match	znynrXyay6Y	text	Deacon	Deacon Eythan	2024-04-13	en	Deacon_Eythan_Sabbath_Noon_The_Flesh_O_Wretched_Man_That_I_Am_041324	0.549	0.373			
text/Deacon/Eythan/en/Deacon_Eythan_Sabbath_Noon_The_Novice's_Insufficient_Gain_Going.txt	none		text	Deacon	Deacon Eythan	2024-06-22	en	Deacon Eythan - Sabbath Noon - The Novice's Insufficient Gain Going Against Zion - 062224					
text/Deacon/Eythan/en/Deacon_Eythan_Sabbath_Noon_Threshing_and_the_Wine_Press_072625.txt	match	RaOaf4BQ1Xk	text	Deacon	Deacon Eythan	2025-07-26	en	Deacon Eythan - Sabbath Noon - Threshing and the Wine Press - 072625	0.58	0.559			
text/Deacon/Eythan/en/Deacon_Eythan_Sabbath_Noon_Wondrous_Things_Out_Of_Thy_Law_051824.txt	match	XG1J6lr9WOI	text	Deacon	Deacon Eythan	2024-05-18	en	Deacon Eythan - Sabbath Noon - Wondrous Things Out Of Thy Law - 051824	0.735	0.485			
text/Deacon/Eythan/en/Deacon_Eythan_Sabbath_Noon_Wondrous_Things_Out_Of_Thy_Law_Part_2.txt	match	uxXducJDJ4w	text	Deacon	Deacon Eythan	2025-03-15	en	Deacon Eythan - Sabbath Noon - Times of Temptation - 031525	0.521	0.545			
text/Deacon/Eythan/en/Our_Hidden_History_08_10_25_Deacon_Eythan_Dark_Ages_The_Council.txt	match	Kk1QK2A4g5g	text	Deacon	Deacon Eythan	2025-08-10	en	Our Hidden History | 08.10.25  Deacon Eythan   Dark Ages: The Council Of Nicaea/ The Vault Opened	0.624	0.585	P4lsDPsHtFs,C_ewms94VGI		
text/Deacon/Eythan/es/_Deacon_Eythan_OHH_THE_BIG_THREE_Ishmael_042824_docx_compressed (2).txt	match	JSRX-pGCSvo	text	Deacon	Deacon Eythan	2024-04-28	es	Deacon Eythan_OHH THE BIG THREE:Ishmael_042824.docx	0.578				
text/Deacon/Eythan/es/_Deacon_Eythan_OHH_THE_BIG_THREE_Ishmael_042824_docx_compressed.txt	match	JSRX-pGCSvo	text	Deacon	Deacon Eythan	2024-04-28	es	Deacon Eythan_OHH THE BIG THREE:Ishmael_042824.docx	0.578				
text/Deacon/Isaac/en/Deacon Isaac-SabbathAfternoon-CircleOfLife-080324_compressed.txt	match	bNXq-mhkMBY	text	Deacon	Deacon Isaac	2024-08-03	en	Deacon Isaac-SabbathAfternoon-CircleOfLife-080324	0.727	0.414			
text/Deacon/Isaac/en/DeaconIsaac_SabbathAfternoon_AdversityAndPersecution_041925_compressed.txt	none		text	Deacon	Deacon Isaac	2025-04-19	en	DeaconIsaac-SabbathAfternoon-AdversityAndPersecution-041925					
text/Deacon/Isaac/en/DeaconIsaac_SabbathAfternoon_Jacob&Sons_012525_compressed.txt	match	rSamhAY3wio	text	Deacon	Deacon Isaac	2025-01-25	en	DeaconIsaac-SabbathAfternoon-Jacob&Sons-012525	0.669	0.606			
text/Deacon/Isaac/en/Deacon_Isaac_SabbathAfternoon_MoreThanServantsButFriendsDeathBeforeDishonor.txt	match	jlp3rzyD0CI	text	Deacon	Deacon Isaac	2023-12-09	en	Deacon Isaac-SabbathAfternoon-MoreThanServantsButFriendsDeathBeforeDishonor-120923	0.653	0.583			
text/Deacon/Isaac/en/Deacon_Isaac_Sabbath_Afternoon_Class_Wisdom_of_Solomon_the_Lesser.txt	match	xail6EiM8N4	text	Deacon	Deacon Isaac	2023-12-16	en	Deacon Isaac Sabbath Afternoon Class Wisdom of Solomon the Lesser & the Greater 121623	0.446	0.583			
text/Deacon/Isaac/en/Deacon_Issac_Christmas_Escape_Escape_Hell_Day_That_Great_Whore_Christmas.txt	match	bfS8kXSfpJQ	text	Deacon	Deacon Isaac		en	Deacon Issac	0.628	0.532			
text/Deacon/Isaac/en/Sabbath AfternoonClassDeaconIssacAug. 9, 2025_compressed.txt	match	ylG0mPWcFCA	text	Deacon	Deacon Isaac	2025-08-09	en	Judgement of a Whore	0.837	0.516			
text/Deacon/Isaac/es/Deacon_Isaac_Sabbath_Noon_Christ_Is_King,_and_Israel_Is_His_Government.txt	match	y9OB53JrkDA	text	Deacon	Deacon Isaac	2024-09-14	es	Deacon Isaac - Sabbath Noon - Christ Is King, and Israel Is His Government - 091424	0.688				
text/Deacon/Labachaa/en/Deacon Labachaa - Sabbath Noon - 1 John 2.19 - 021525.txt	match	EpfLs3aBQUQ	text	Deacon	Deacon Labachaa	2025-02-15	en	Deacon Labachaa - Sabbath Noon - 1 John 2.19 - 021525	0.644	0.23			
text/Deacon/Labachaa/en/Deacon Labachaa - Sabbath Noon - Faith Declare War - 030825.txt	match	INmZ5ZqhX9o	text	Deacon	Deacon Labachaa	2025-03-08	en	Deacon Labachaa - Sabbath Noon - Faith Declare War - 030825	0.619	0.201			
text/Deacon/Labachaa/en/Deacon Labachaa - Sabbath Noon - Good and Evil - 112324.txt	none		text	Deacon	Deacon Labachaa	2024-11-23	en	Deacon Labachaa - Sabbath Noon - Good and Evil - 112324					
text/Deacon/Labachaa/en/Deacon Labachaa - Sabbath Noon - Prisoners of Hope - 010425.txt	none		text	Deacon	Deacon Labachaa	2025-01-04	en	Deacon Labachaa - Sabbath Noon - Prisoners of Hope - 010425					
text/Deacon/Labachaa/en/Deacon Labachaa - Sabbath Noon - The Battle Is On - 081724.txt	match	CIVzIyeudAA	text	Deacon	Deacon Labachaa	2024-08-17	en	Deacon Labachaa - Sabbath Noon - The Battle Is On - 081724	0.723	0.34			
text/Deacon/Labachaa/en/Deacon Labachaa - Sabbath Noon - The Power of Hope - 012525.txt	match	3bV6Af2KDCQ	text	Deacon	Deacon Labachaa	2025-01-25	en	Deacon Labachaa - Sabbath Noon - The Power of Hope - 012525	0.647	0.294			
text/Deacon/Labachaa/en/Deacon Labachaa - Sabbath Noon - Trust In the Lord - 110924.txt	match	1KzfRehOV2g	text	Deacon	Deacon Labachaa	2024-11-09	en	Deacon Labachaa - Sabbath Noon - Trust In the Lord - 110924	0.63	0.199			
text/Deacon/Labachaa/en/Deacon Labachaa - Sabbath Noon - War of the Gods - 012426.txt	match	Em7tSG9kYMg	text	Deacon	Deacon Labachaa	2026-01-24	en	Deacon Labachaa - Sabbath Noon - War of the Gods - 012426	0.931	0.307			
text/Deacon/Labachaa/en/Deacon Labachaa-Sabbath Noon Class-Accept The War-05.25.24--.txt	match	AoVbL3x7CSo	text	Deacon	Deacon Labachaa	2024-05-25	en	Deacon Labachaa	0.616	0.278			
text/Deacon/Labachaa/en/Deacon_Labachaa_Sabbath_Noon_Class_Mortal_to_Immortal_03_23_2024.txt	match	xgOX_y5IihQ	name	Deacon	Deacon Labachaa	2024-03-23	en	Deacon Labachaa - Sabbath Noon Class - Mortal to Immortal - 03/23/2024	0.0	0.0			
text/Deacon/Labachaa/en/Deacon_Labachaa_Sabbath_Noon_Class_Perilous_Times_Shall_Come_123023.txt	match	KbdZXKl-6Fk	text	Deacon	Deacon Labachaa	2023-12-30	en	Deacon_Labachaa_Sabbath_Noon_Class_Perilous_Times_Shall_Come_123023	0.57	0.243			
text/Deacon/Labachaa/en/Deacon_Labachaa_Sabbath_Noon_Class_Perilous_Times_Shall_Come_Part.txt	match	2fPkHjF8ndo	text	Deacon	Deacon Labachaa		en	Deacon_Labachaa_Sabbath_Noon_Class_Perilous_Times_Shall_Come_Part	0.593	0.366			
text/Deacon/Labachaa/en/Deacon_Labachaa_Sabbath_Noon_Class_Rejoicing_in_Hope_012024.txt	none		text	Deacon	Deacon Labachaa	2024-01-20	en	Deacon_Labachaa_Sabbath_Noon_Class_Rejoicing_in_Hope_012024					
text/Deacon/Labachaa/en/Deacon_Labachaa_Sabbath_Noon_Class_Return_of_the_Saints_091623.txt	match	_gGArCENCR8	text	Deacon	Deacon Labachaa	2023-09-16	en	Deacon Labachaa - Sabbath Noon Class - Return of the Saints - 091623	0.655	0.272			
text/Deacon/Labachaa/en/Deacon_Labachaa_Sabbath_Noon_Class_The_Door_of_Salvation_112523.txt	match	604Buk8BO6E	text	Deacon	Deacon Labachaa	2023-11-25	en	Deacon_Labachaa_Sabbath_Noon_Class_The_Door_of_Salvation_112523	0.621	0.14			
text/Deacon/Labachaa/en/Deacon_Labachaa_Sabbath_Noon_Class_The_Fight_Within_05_10_24.txt	none		no text	Deacon	Deacon Labachaa	2024-05-10	en	Deacon Labachaa-  Sabbath Noon Class - The Fight Within - 05/10/2024					
text/Deacon/Labachaa/en/Deacon_Labachaa_Sabbath_Noon_Class_The_Imagination_of_Mankind_100723.txt	match	lv3c6Uw_S10	text	Deacon	Deacon Labachaa	2023-10-07	en	Deacon_Labachaa_Sabbath_Noon_Class_The_Imagination_of_Mankind_100723	0.707	0.121			
text/Deacon/Labachaa/en/Deacon_Labachaa_Sabbath_Noon_Class_The_Power_of_the_Unknown_110423.txt	none		text	Deacon	Deacon Labachaa	2023-11-04	en	Deacon_Labachaa_Sabbath_Noon_Class_The_Power_of_the_Unknown_110423					
text/Deacon/Labachaa/en/Deacon_Labachaa_Sabbath_Noon_Class_War_and_Rumors_of_Wars_020324.txt	match	mv92jSiL7tc	text	Deacon	Deacon Labachaa	2024-02-03	en	Deacon_Labachaa_Sabbath_Noon_Class_War_and_Rumors_of_Wars_020324	0.716	0.186			
text/Deacon/Labachaa/en/Deacon_Labachaa_Sabbath_Noon_Deceit_By_The_Nations_062125_compressed.txt	match	DW6Nfl88dFc	text	Deacon	Deacon Labachaa	2025-06-21	en	Deacon Labachaa -  Sabbath Noon - Deceit By The Nations - 062125	0.695	0.277			
text/Deacon/Labachaa/en/Deacon_Labachaa_Sabbath_Noon_Envy_Not_Your_Oppressor_083124.txt	none		text	Deacon	Deacon Labachaa	2024-08-31	en	Deacon_Labachaa_Sabbath_Noon_Envy_Not_Your_Oppressor_083124					
text/Deacon/Labachaa/en/Deacon_Labachaa_Sabbath_Noon_Giving_Instructions_to_the_Wise_041225.txt	match	kbga-R4vGGg	text	Deacon	Deacon Labachaa	2025-04-12	en	Deacon Labachaa - Sabbath Noon - Giving Instructions to the Wise - 041225	0.73	0.386			
text/Deacon/Labachaa/en/Deacon_Labachaa_Sabbath_Noon_Kicking_Against_The_Pricks_030924.txt	match	ume12BJP6uI	text	Deacon	Deacon Labachaa	2024-03-09	en	Deacon_Labachaa_Sabbath_Noon_Kicking_Against_The_Pricks_030924	0.711	0.308			
text/Deacon/Labachaa/en/Deacon_Labachaa_Sabbath_Noon_Knowledge_Is_The_Key_071925_compressed.txt	match	yQ9imRtRTyw	text	Deacon	Deacon Labachaa	2025-07-19	en	Deacon Labachaa - Sabbath Noon - Knowledge Is The Key - 071925	0.794	0.358			
text/Deacon/Labachaa/en/Deacon_Labachaa_Sabbath_Noon_Re_Instruct_Your_Mind_082325_compressed.txt	match	85VexRXsWUI	text	Deacon	Deacon Labachaa	2025-08-23	en	Deacon Labachaa - Sabbath Noon - Re-Instruct Your Mind - 082325	0.74	0.375			
text/Deacon/Labachaa/en/Deacon_Labachaa_Sabbath_Noon_The_Main_Weapons_of_the_Enemy_061524.txt	match	oQ4V3co-VEw	text	Deacon	Deacon Labachaa	2024-06-15	en	Deacon_Labachaa_Sabbath_Noon_The_Main_Weapons_of_the_Enemy_061524	0.611	0.005			
text/Deacon/Labachaa/en/Deacon_Labachaa_Sabbath_Noon_The_Return_of_the_Temple_101224.txt	match	Cn0to-m7zKI	text	Deacon	Deacon Labachaa	2024-10-12	en	Deacon Labachaa - Sabbath Noon - The Return of the Temple - 101224	0.464	0.189			
text/Deacon/Labachaa/en/Deacon_Labachaa_Sabbath_Noon_The_Souls_That_Multiply_Offenses_053125.txt	match	tXioH3K3zYQ	text	Deacon	Deacon Labachaa	2025-05-31	en	Deacon Labachaa - Sabbath Noon - The Souls That Multiply Offenses - 053125	0.693	0.19			
text/Deacon/Labachaa/en/Deacon_Labachaa_Sabbath_Noon_War_And_Rumors_Of_War_2_021024_compressed.txt	match	zDV_WOf1LjU	text	Deacon	Deacon Labachaa	2024-02-10	en	Deacon Labachaa - Sabbath Noon - War And Rumors Of War 2 -  021024	0.603	0.389			
text/Deacon/Labachaa/en/Deacon_Labbacha_Sabbath_Noon_Class_The_Beloved_04_20_24.txt	match	q4UorwlTdjs	name	Deacon	Deacon Labachaa	2024-04-20	en	Deacon Labbacha -  Sabbath Noon Class - The Beloved - 04/20/24	0.0	0.007			
text/Deacon/Malachi/en/Deacon Malachi - New Moon Class - Untitled - 012524.txt	none		text	Deacon	Deacon Malachi	2024-01-25	en	Deacon Malachi - New Moon Class - Untitled - 012524					
text/Deacon/Malachi/en/DeaconMalachi-SabbathAfternoon-TheIdeologyOfDemocracy-021525.txt	match	CTA8up0tnjs	text	Deacon	Deacon Malachi	2025-02-15	en	DeaconMalachi-SabbathAfternoon-TheIdeologyOfDemocracy-021525	0.595	0.523			
text/Deacon/Malachi/en/DeaconMalachi_SabbathAfternoon_WhoIsModernDayEsther_030924_compressed.txt	match	x3dwnvl_2HQ	text	Deacon	Deacon Malachi	2024-03-09	en	DeaconMalachi-SabbathAfternoon-WhoIsModernDayEsther-030924	0.631	0.287			
text/Deacon/Malachi/en/DeaconMalachi_SabbathNoon_Depression&Anxiety_RisingAboveYourSadness.txt	match	ajHeO9b2Mp8	text	Deacon	Deacon Malachi	2025-08-16	en	DeaconMalachi-SabbathNoon-Depression&Anxiety:RisingAboveYourSadness-081625	0.804	0.433			
text/Deacon/Malachi/en/Deacon_Malachi_Afternoon_Class_TheLoveOfMoneyIsTheRootOfAllEvil.txt	none		text	Deacon	Deacon Malachi	2023-09-30	en	Deacon Malachi-Afternoon Class-TheLoveOfMoneyIsTheRootOfAllEvil-093023					
text/Deacon/Malachi/en/Deacon_Malachi_Destruction_of_Nicanor_Class_Destruction_of_Nicanor.txt	none		text	Deacon	Deacon Malachi	2025-02-24	en	Deacon Malachi - Destruction of Nicanor Class - Destruction of Nicanor  - 022425					
text/Deacon/Malachi/en/Deacon_Malachi_Event_Class_An_Apartheid_State,_Thankskilling_Getaway.txt	match	59-Gx4T9s5s	text	Deacon	Deacon Malachi		en	Deacon Malachi	0.695	0.478			
text/Deacon/Malachi/en/Deacon_Malachi_Feast_of_Purim_Who_Is_Modern_Day_Esther_030824.txt	match	rvUtoxrE4j8	text	Deacon	Deacon Malachi	2024-03-08	en	Deacon_Malachi_Feast_of_Purim_Who_Is_Modern_Day_Esther_030824	0.519	0.324			
text/Deacon/Malachi/en/Deacon_Malachi_Focus_On_Your_Purpose_Not_Your_Problem_071225_compressed (2).txt	match	wQmRrCJGISk	text	Deacon	Deacon Malachi	2025-07-12	en	Deacon Malachi - Focus On Your Purpose Not Your Problem - 071225	0.534	0.286			
text/Deacon/Malachi/en/Deacon_Malachi_Focus_On_Your_Purpose_Not_Your_Problem_071225_compressed.txt	match	wQmRrCJGISk	text	Deacon	Deacon Malachi	2025-07-12	en	Deacon Malachi - Focus On Your Purpose Not Your Problem - 071225	0.534	0.286			
text/Deacon/Malachi/en/Deacon_Malachi_NYE_Escape_So_Called__New_Year's_Eve__Marathon_123123.txt	match	D1_ZaM5nOtg	text	Deacon	Deacon Malachi	2023-12-31	en	Deacon Malachi NYE Escape So Called "New Year's Eve" Marathon 123123	0.529	0.529			
text/Deacon/Malachi/en/Deacon_Malachi_Noon_Sabbath_Evil_Negroes_That_Beat_Their_Spouses.txt	none		text	Deacon	Deacon Malachi	2024-05-04	en	Deacon Malachi - Noon Sabbath - Evil Negroes That Beat Their Spouses - 05.04.24					
text/Deacon/Malachi/en/Deacon_Malachi_Sabbath_AfterNoon_Class_God's_&_Worms_07_06_24.txt	none		text	Deacon	Deacon Malachi	2024-07-06	en	Deacon_Malachi_Sabbath_AfterNoon_Class_God's_&_Worms_07_06_24					
text/Deacon/Malachi/en/Deacon_Malachi_Sabbath_Afternoon_Class_WHY_CAN'T_WE_SUPPORT_EACHOTHER.txt	match	Zk9FA121PN4	text	Deacon	Deacon Malachi	2023-09-16	en	Deacon Malachi - Sabbath Afternoon Class - WHY CAN'T WE SUPPORT EACHOTHER - 091623	0.601	0.244			
text/Deacon/Malachi/en/Deacon_Malachi_Sabbath_Afternoon_These_Are_Not_Defiled_With_Women.txt	match	vtESZhqkMlg	text	Deacon	Deacon Malachi	2025-01-18	en	Deacon Malachi Sabbath Afternoon These Are Not Defiled With Women Part 2 011825	0.39	0.435			
text/Deacon/Malachi/en/Deacon_Malachi_Sabbath_Noon_Am_I_Ready_for_the_Return_of_the_Black.txt	match	C-hR2CF-TYo	text	Deacon	Deacon Malachi	2024-10-05	en	Deacon Malachi - Sabbath Noon - Am I Ready for the Return of the Black Messiah? - 100524	0.456	0.33			
text/Deacon/Malachi/en/Deacon_Malachi_Sabbath_Noon_Be_Not_Partakers_of_Her_Sins_033024.txt	match	ovrc6zVRAgM	text	Deacon	Deacon Malachi	2024-03-30	en	Deacon_Malachi_Sabbath_Noon_Be_Not_Partakers_of_Her_Sins_033024	0.63	0.5			
text/Deacon/Malachi/en/Deacon_Malachi_Sabbath_Noon_Bold_Witnesses_for_the_Kingdom_100425.txt	match	ubIhf8KSWY4	text	Deacon	Deacon Malachi	2025-10-04	en	Deacon Malachi - Sabbath Noon - Bold Witnesses for the Kingdom - 100425	0.81	0.397			
text/Deacon/Malachi/en/Deacon_Malachi_Sabbath_Noon_Called_to_Judge_Commanded_to_Be_Just.txt	match	-cEhJw1V02Y	text	Deacon	Deacon Malachi	2026-05-02	en	Deacon Malachi-Sabbath Noon-Called to Judge Commanded to Be Just-050226	0.883	0.67			
text/Deacon/Malachi/en/Deacon_Malachi_Sabbath_Noon_Class_Begin_to_Build_a_Little_Sanctuary.txt	match	WH3aEAuGtlA	name	Deacon	Deacon Malachi		en	Deacon_Malachi_Sabbath_Noon_Class_Begin_to_Build_a_Little_Sanctuary	0.0	0.291			
text/Deacon/Malachi/en/Deacon_Malachi_Sabbath_Noon_Class_Integrated_but_Divided_090526.txt	match	nx0AUmr2DM0	text	Deacon	Deacon Malachi	2026-09-05	en	Deacon Malachi-Sabbath Noon Class-Integrated but Divided-090526	0.58	0.584			
text/Deacon/Malachi/en/Deacon_Malachi_Sabbath_Noon_Class_Know_Your_Enemy_God’s_Foes_and.txt	match	XLxd9su1ZIk	text	Deacon	Deacon Malachi	2026-07-04	en	Deacon Malachi-Sabbath Noon Class-Know Your Enemy: God’s Foes and Ours-070426	0.663	0.519			
text/Deacon/Malachi/en/Deacon_Malachi_Sabbath_Noon_Class_Now_Is_the_Time_to_WAKE_UP_102823.txt	match	YE3iKK_tano	text	Deacon	Deacon Malachi	2023-10-28	en	Deacon Malachi - Sabbath Noon Class - Now Is the Time to WAKE UP - 102823	0.489	0.403			
text/Deacon/Malachi/en/Deacon_Malachi_Sabbath_Noon_Class_Restoring_Ourselves_122323.txt	match	jHgdDSmNB-8	text	Deacon	Deacon Malachi	2023-12-23	en	Deacon_Malachi_Sabbath_Noon_Class_Restoring_Ourselves_122323	0.456	0.219			
text/Deacon/Malachi/en/Deacon_Malachi_Sabbath_Noon_Class_Sorrow_&_Joy_Works_Together_090923.txt	match	SR7Z5lrXTJM	text	Deacon	Deacon Malachi	2023-09-09	en	Deacon Malachi - Sabbath Noon Class - Sorrow & Joy Works Together - 090923	0.569	0.253			
text/Deacon/Malachi/en/Deacon_Malachi_Sabbath_Noon_Class_The_Last_Man_Standing_120223.txt	match	aFwElf-rxL8	text	Deacon	Deacon Malachi	2023-12-02	en	Deacon_Malachi_Sabbath_Noon_Class_The_Last_Man_Standing_120223	0.673	0.237			
text/Deacon/Malachi/en/Deacon_Malachi_Sabbath_Noon_Class_The_Storm_Before_the_Kingdom_031426.txt	match	HXteD06sNrk	text	Deacon	Deacon Malachi	2026-03-14	en	The Storm Before the Kingdom	0.873	0.711			
text/Deacon/Malachi/en/Deacon_Malachi_Sabbath_Noon_Spiritual_Uprising_121325_compressed.txt	match	EBEwdiVcsTg	text	Deacon	Deacon Malachi	2025-12-13	en	Deacon Malachi - Sabbath Noon - Spiritual Uprising - 121325	0.874	0.299			
text/Deacon/Malachi/en/Deacon_Malachi_Sabbath_Noon_These_Are_Not_Defiled_With_Women_011125.txt	match	xFkqTbTfPHU	text	Deacon	Deacon Malachi	2025-01-11	en	Deacon Malachi - Sabbath Noon - These Are Not Defiled With Women - 011125	0.773	0.236			
text/Deacon/Malachi/en/Deacon_Malachi_Sabbath_Noon_War_for_the_Souls_of_Our_People_051725.txt	match	4oyea4Hx6Zc	text	Deacon	Deacon Malachi	2025-05-17	en	Deacon Malachi - Sabbath Noon - War for the Souls of Our People - 051725	0.683	0.354			
text/Deacon/Malachi/en/NOON_SABBATH_CLASS_Living_Clean_in_a_Dirty_World_Deacon_Malachi.txt	match	9D1WJlaxrsY	text	Deacon	Deacon Malachi		en	"Living Clean in a Dirty World"- Deacon Malachi, 22 Nov 25	0.618	0.348			
text/Deacon/Malachi/en/Sabbath_Afternoon_Healing_Flows_From_the_Throne_Deacon_Malachi_08302025.txt	match	PMqWRDkZmoo	text	Deacon	Deacon Malachi	2025-08-30	en	Healing Flows From the Throne Deacon Malachi 08302025	0.702	0.287			
text/Deacon/Malachi/es/Deacon_Malachi_Sabbath_Noon_Genocide_In_Gaza_And_The_World_is_Silent.txt	match	K0DWaWvJADM	name	Deacon	Deacon Malachi	2024-01-12	es	Deacon Malachi - Sabbath Noon - Genocide In Gaza And The World is Silent - 011224	0.0				
text/Deacon/Malachiyah/en/AfternoonSabbathClass_TheDecayedStateofLiberalWomen_DeaconMalachiyah.txt	match	8g97RjyrRSE	text	Deacon	Deacon Malachiyah	2026-09-19	en	AfternoonSabbathClass_TheDecayedStateofLiberalWomen_DeaconMalachiyah_09192026	0.697	0.459			
text/Deacon/Malachiyah/en/Afternoon_Sabbath_Class_Lucifer_The_Anti_Christ_DeaconMalachiyah.txt	match	JXJvcEn3q2g	text	Deacon	Deacon Malachiyah	2026-08-22	en	Afternoon Sabbath Class_Lucifer: The Anti-Christ_DeaconMalachiyah_08222026	0.701	0.542			
text/Deacon/Malachiyah/en/Afternoon_Sabbath_Class_ToHellWithYourReparations_DeaconMalachiyah.txt	match	vJ3j9kchmtI	text	Deacon	Deacon Malachiyah	2026-04-25	en	Afternoon Sabbath Class_ToHellWithYourReparations_DeaconMalachiyah_04252026	0.809	0.681			
text/Deacon/Malachiyah/en/Afternoon_Sabbath_Class_WhiteSupremacy&Racism_DeaconMalachiyah_08292026.txt	match	14p8vV6KBfI	text	Deacon	Deacon Malachiyah	2026-08-29	en	Afternoon Sabbath Class_WhiteSupremacy&Racism_DeaconMalachiyah_08292026	0.605	0.713			
text/Deacon/Malachiyah/en/Afternoon_Sabbath_White_Christian_Nationalists_Deacon_Malachiyah.txt	none		text	Deacon	Deacon Malachiyah	2025-09-13	en	Afternoon Sabbath White Christian Nationalists Deacon Malachiyah 09132025					
text/Deacon/Malachiyah/en/Afternoon_Sabbath_class_BORN_FOR_ADVERSITY_DeaconMalachiyah_06272026.txt	match	LmH1fhfwlzM	text	Deacon	Deacon Malachiyah	2026-06-27	en	Afternoon Sabbath class_ BORN FOR ADVERSITY_DeaconMalachiyah_06272026	0.59	0.439			
text/Deacon/Malachiyah/en/Deacon Malachiyah - Day of Atonement - 100823 (2).txt	match	GO4X3j8CWR4	text	Deacon	Deacon Malachiyah	2023-10-08	en	Deacon Malachiyah - Day of Atonement - 100823	0.645	0.209			
text/Deacon/Malachiyah/en/Deacon Malachiyah - Day of Atonement - 100823.txt	match	GO4X3j8CWR4	text	Deacon	Deacon Malachiyah	2023-10-08	en	Deacon Malachiyah - Day of Atonement - 100823	0.645	0.056			
text/Deacon/Malachiyah/en/Deacon Malachiyah - FOD - The Holy War - 121624.txt	match	BGBbM1H_fX4	text	Deacon	Deacon Malachiyah	2024-12-16	en	Deacon Malachiyah - FOD - The Holy War - 121624	0.573	0.404			
text/Deacon/Malachiyah/en/Deacon Malachiyah - Memorial of Blowing of Trumpets - 092923.txt	match	mhd5cHSBoI4	text	Deacon	Deacon Malachiyah	2023-09-29	en	Deacon Malachiyah - Memorial of Blowing of Trumpets - 092923	0.634	0.205			
text/Deacon/Malachiyah/en/Deacon Malachiyah - New Moon - The Curse of Adam - 121524.txt	match	WTQZUvgfvPY	text	Deacon	Deacon Malachiyah	2024-12-15	en	Deacon Malachiyah - New Moon - The Curse of Adam - 121524	0.594	0.376			
text/Deacon/Malachiyah/en/Deacon Malachiyah - New Moon - The Fear of Death - 051225.txt	match	9Tj4KNtuSHQ	text	Deacon	Deacon Malachiyah	2025-05-12	en	Deacon Malachiyah - New Moon - The Fear of Death - 051225	0.643	0.356			
text/Deacon/Malachiyah/en/DeaconMalachiyah_SabbathAfternoon_TheShadowOfThingsToCome_111624.txt	match	HX4CC7f7mjs	text	Deacon	Deacon Malachiyah	2024-11-16	en	DeaconMalachiyah-SabbathAfternoon-TheShadowOfThingsToCome-111624	0.735	0.253			
text/Deacon/Malachiyah/en/DeaconMalachiyah_SabbathAfternoon_WeightierMattersOfLaw_021024_compressed.txt	match	zXl0oQIhTno	text	Deacon	Deacon Malachiyah	2024-02-10	en	DeaconMalachiyah-SabbathAfternoon-WeightierMattersOfLaw-021024	0.65	0.279			
text/Deacon/Malachiyah/en/Deacon_Malachhiyah_New_Moon_Class_The_6th_Seal_–_The_Wild_Boars.txt	match	7FN9XrzqSDI	text	Deacon	Deacon Malachiyah	2025-07-10	en	Deacon Malachhiyah - New Moon Class - The 6th Seal – The Wild Boars and The Dragons of Arabia - 071025	0.646	0.327			
text/Deacon/Malachiyah/en/Deacon_Malachiyah_Blowing_of_Trumpets_The_Return_of_Our_King_091824.txt	match	DWnuKooEFYs	text	Deacon	Deacon Malachiyah	2024-09-18	en	Deacon Malachiyah - Blowing of Trumpets - The Return of Our King - 091824	0.692	0.003			
text/Deacon/Malachiyah/en/Deacon_Malachiyah_Evening_Class_The_Serpent_in_Eden_&_Modern_day.txt	none		text	Deacon	Deacon Malachiyah		en	Deacon Malachiyah					
text/Deacon/Malachiyah/en/Deacon_Malachiyah_FOD_Closing_Class_Traitors_in_the_time_of_the.txt	match	-T8xmD8JyiI	text	Deacon	Deacon Malachiyah	2023-12-28	en	Deacon Malachiyah FOD Closing Class Traitors in the time of the Maccabees 122823	0.38	0.351			
text/Deacon/Malachiyah/en/Deacon_Malachiyah_FOD_Opening_The_Hammer_of_God_and_the_7_Arch_Angels.txt	none		text	Deacon	Deacon Malachiyah	2023-12-21	en	Deacon Malachiyah FOD Opening The Hammer of God and the 7 Arch Angels 122123					
text/Deacon/Malachiyah/en/Deacon_Malachiyah_New_Moon_A_Thin_Line_Between_Love_and_Hate_052324.txt	match	SWaOI-bXuLE	text	Deacon	Deacon Malachiyah	2024-05-23	en	Deacon Malachiyah - New Moon - A Thin Line Between Love and Hate - 052324	0.628	0.249			
text/Deacon/Malachiyah/en/Deacon_Malachiyah_New_Moon_A_Tree_Bearing_No_Fruits_020126_compressed.txt	match	6Pzne8A1Nww	text	Deacon	Deacon Malachiyah	2026-02-01	en	Deacon Malachiyah - New Moon - A Tree Bearing No Fruits - 020126	0.86	0.4			
text/Deacon/Malachiyah/en/Deacon_Malachiyah_New_Moon_Class_The_Beginning_Of_Sorrows_112723.txt	match	TSP1caemZwI	text	Deacon	Deacon Malachiyah	2023-11-27	en	Deacon_Malachiyah_New_Moon_Class_The_Beginning_Of_Sorrows_112723	0.575	0.229			
text/Deacon/Malachiyah/en/Deacon_Malachiyah_New_Moon_Deliverance_and_the_Fruits_of_the_Spirit.txt	match	XyEg16YPDHE	text	Deacon	Deacon Malachiyah	2024-04-23	en	Deacon Malachiyah - New Moon - Deliverance and the Fruits of the Spirit - 042324	0.629	0.105			
text/Deacon/Malachiyah/en/Deacon_Malachiyah_New_Moon_FBA_The_Division_Between_Blacks_&_Hispanics.txt	match	o5EKJgJ83Ys	text	Deacon	Deacon Malachiyah	2025-02-12	en	Deacon Malachiyah - New Moon - FBA-The Division Between Blacks & Hispanics - 021225	0.579	0.355			
text/Deacon/Malachiyah/en/Deacon_Malachiyah_New_Moon_Getting_Rid_of_the_Leaven_032524.txt	match	pTh0COZxzR8	text	Deacon	Deacon Malachiyah	2024-03-25	en	Deacon_Malachiyah_New_Moon_Getting_Rid_of_the_Leaven_032524	0.543	0.293			
text/Deacon/Malachiyah/en/Deacon_Malachiyah_New_Moon_Spiritually_Militant_The_Mind_of_a_Soldier.txt	match	j_uxa3-N9a4	text	Deacon	Deacon Malachiyah	2025-03-14	en	Deacon Malachiyah - New Moon - Spiritually Militant - The Mind of a Soldier - 031425	0.648	0.361			
text/Deacon/Malachiyah/en/Deacon_Malachiyah_New_Moon_Supacell_They_Don’t_Know_Who_We_Are_081924.txt	none		text	Deacon	Deacon Malachiyah	2024-08-19	en	Deacon_Malachiyah_New_Moon_Supacell_They_Don’t_Know_Who_We_Are_081924					
text/Deacon/Malachiyah/en/Deacon_Malachiyah_Passover_Closing_Doomsday_A_Year_of_Deliverance.txt	match	LOCwBVkCd4Q	text	Deacon	Deacon Malachiyah		en	Deacon_Malachiyah_Passover_Closing_Doomsday_A_Year_of_Deliverance	0.559	0.304			
text/Deacon/Malachiyah/en/Deacon_Malachiyah_Passover_Opening_Class_Exodus_From_America_Modern.txt	match	VyDEbsxgcas	text	Deacon	Deacon Malachiyah	2026-04-16	en	Deacon Malachiyah-Passover Opening Class-Exodus From America Modern-Day Egypt-041626	0.882	0.451			
text/Deacon/Malachiyah/en/Deacon_Malachiyah_SabbathAfternoon_Integrating_into_A_Burning_house.txt	match	Bb3r5SDV3PI	text	Deacon	Deacon Malachiyah	2026-05-16	en	Deacon Malachiyah - SabbathAfternoon - Integrating into A Burning house - 05/16/26	0.686	0.692			
text/Deacon/Malachiyah/en/Deacon_Malachiyah_SabbathAfternoon_TheHiddenThingsOfWisdom_051824.txt	match	GMTntItyb6E	text	Deacon	Deacon Malachiyah	2024-05-18	en	Deacon Malachiyah-SabbathAfternoon-TheHiddenThingsOfWisdom-051824	0.79	0.387	YoTChf__VtA		
text/Deacon/Malachiyah/en/Deacon_Malachiyah_Sabbath_Afternoon_Class_A_Thin_Line_Between_Love.txt	match	DwOCVgDabZc	text	Deacon	Deacon Malachiyah	2024-06-01	en	Deacon Malachiyah-  Sabbath Afternoon Class - A Thin Line Between Love & Hate - 06/01/2024	0.672	0.002			
text/Deacon/Malachiyah/en/Deacon_Malachiyah_Sabbath_Afternoon_Class_Marriage_What_God_Hath.txt	none		text	Deacon	Deacon Malachiyah	2024-05-04	en	Deacon Malachiyah-  Sabbath Afternoon Class - Marriage: What God Hath Brought Together - 05/04/2024					
text/Deacon/Malachiyah/en/Deacon_Malachiyah_Sabbath_Afternoon_Class_The_American_Dream_04.txt	none		no text	Deacon	Deacon Malachiyah	2024-04-13	en	Deacon Malachiyah -  Sabbath Afternoon Class - The American Dream - 04/13/24					
text/Deacon/Malachiyah/en/Deacon_Malachiyah_Sabbath_Afternoon_Class_The_Beast_System_Order.txt	match	GjeBHYwKwf0	text	Deacon	Deacon Malachiyah	2024-04-27	en	Deacon Malachiyah - Sabbath Afternoon Class - The Beast System: Order Out of Chaos - 042724	0.589	0.54			
text/Deacon/Malachiyah/en/Deacon_Malachiyah_Sabbath_Afternoon_From_Hoes_To_Housewives_083124.txt	match	ZVg3dLGWfFo	text	Deacon	Deacon Malachiyah	2024-08-31	en	Deacon Malachiyah - Sabbath Afternoon - From Hoes To Housewives - 083124	0.667	0.514			
text/Deacon/Malachiyah/en/Deacon_Malachiyah_Sabbath_Afternoon_TheWorldsGreatestConspiracyandControversy.txt	match	nQ_yGdss3CY	text	Deacon	Deacon Malachiyah	2023-10-28	en	Deacon Malachiyah-Sabbath Afternoon-TheWorldsGreatestConspiracyandControversy-102823	0.685	0.384			
text/Deacon/Malachiyah/en/Deacon_Malachiyah_Sabbath_Evening_Class_Negroes_The_Illusion_Of.txt	match	LeDD4syXbtc	text	Deacon	Deacon Malachiyah	2024-08-24	en	Deacon Malachiyah - Sabbath Evening Class - Negroes: The Illusion Of Freedom - 082424	0.672	0.292			
text/Deacon/Malachiyah/en/Deacon_Malachiyah_Sabbath_Evening_There_Shall_Be_No_More_Curse_122124.txt	match	hz27RvhwS8I	text	Deacon	Deacon Malachiyah	2024-12-21	en	Deacon_Malachiyah_Sabbath_Evening_There_Shall_Be_No_More_Curse_122124	0.676	0.423			
text/Deacon/Malachiyah/en/Deacon_Malachiyah_Sabbath_Noon_Affliction_Trump_2_0_020125.txt	match	XKQtjuPlUa0	text	Deacon	Deacon Malachiyah	2025-02-01	en	Deacon Malachiyah - Sabbath Noon - Affliction. Trump 2.0 - 020125	0.637	0.572			
text/Deacon/Malachiyah/en/Deacon_Malachiyah_Sabbath_Noon_America's_Hegemony_&_Oppression_011026.txt	match	udNwS8tEwrg	text	Deacon	Deacon Malachiyah	2026-01-10	en	Deacon Malachiyah - Sabbath Noon - America's Hegemony & Oppression - 011026	0.857	0.391			
text/Deacon/Malachiyah/en/Deacon_Malachiyah_Sabbath_Noon_Class_Darkness_Iniquity_Shall_Abound.txt	none		text	Deacon	Deacon Malachiyah		en	Deacon_Malachiyah_Sabbath_Noon_Class_Darkness_Iniquity_Shall_Abound					
text/Deacon/Malachiyah/en/Deacon_Malachiyah_Sabbath_Noon_Class_God_Purpose_and_Sacrifice_060626.txt	match	7vmCIf3gj2I	text	Deacon	Deacon Malachiyah	2026-06-06	en	Decon Malachiyah-Sabbath Noon Class-God Purpose and Sacrifice-060626	0.827	0.696			
text/Deacon/Malachiyah/en/Deacon_Malachiyah_Sabbath_Noon_Class_Judgment,_Mercy,_and_Faith.txt	match	eKzFB2Ox89A	text	Deacon	Deacon Malachiyah		en	Deacon_Malachiyah_Sabbath_Noon_Class_Judgment,_Mercy,_and_Faith	0.628	0.23			
text/Deacon/Malachiyah/en/Deacon_Malachiyah_Sabbath_Noon_Class_NAKBA_Oppression_&_Modern_Day.txt	match	B6NVz6Ae9Pw	text	Deacon	Deacon Malachiyah		en	Deacon_Malachiyah_Sabbath_Noon_Class_NAKBA_Oppression_&_Modern_Day	0.598	0.547			
text/Deacon/Malachiyah/en/Deacon_Malachiyah_Sabbath_Noon_Class_Seeking_Justice_in_an_Unjust.txt	match	qPKSyeIvjDI	text	Deacon	Deacon Malachiyah	2026-06-13	en	Deacon Malachiyah - Sabbath Noon Class - Seeking Justice in an Unjust System - 061326	0.696	0.601			
text/Deacon/Malachiyah/en/Deacon_Malachiyah_Sabbath_Noon_Class_The_Evil_and_Wicked_Generation.txt	none		text	Deacon	Deacon Malachiyah	2023-09-23	en	Deacon Malachiyah-Sabbath Noon Class-The Evil and Wicked Generation-092323					
text/Deacon/Malachiyah/en/Deacon_Malachiyah_Sabbath_Noon_Class_The_Mind_of_a_Child_Void_of.txt	match	ZdJmxp6V1Ds	text	Deacon	Deacon Malachiyah	2026-09-12	en	Deacon Malachiyah-Sabbath Noon Class-The Mind of a Child Void of Ego and Pride-091226	0.789	0.554			
text/Deacon/Malachiyah/en/Deacon_Malachiyah_Sabbath_Noon_Class_Trump_is_Fulfilling_God's_Prophecy.txt	match	tbNxY_tnFF4	text	Deacon	Deacon Malachiyah		en	TRUMP IS FULFILLING GOD’S PROPHECY	0.842	0.745			
text/Deacon/Malachiyah/en/Deacon_Malachiyah_Sabbath_Noon_Generational_Curses_113024.txt	match	q5Bdp3FLdO0	text	Deacon	Deacon Malachiyah	2024-11-30	en	Deacon Malachiyah - Sabbath Noon - Generational Curses - 113024	0.735	0.269			
text/Deacon/Malachiyah/en/Deacon_Malachiyah_Sabbath_Noon_God’s_Plan_Racism_&_Patriotism_091825.txt	match	FOvDDLjL8h0	text	Deacon	Deacon Malachiyah	2025-09-18	en	Deacon Malachiyah - Sabbath Noon - God’s Plan: Racism & Patriotism - 091825	0.719	0.618			
text/Deacon/Malachiyah/en/Deacon_Malachiyah_Sabbath_Noon_Is_Digital_ID_The_Mark_Of_The_Beast.txt	match	n2qZGAJGZK4	text	Deacon	Deacon Malachiyah	2025-10-11	en	Deacon Malachiyah - Sabbath Noon - Is Digital ID The Mark Of The Beast? - 101125	0.658	0.539			
text/Deacon/Malachiyah/en/Deacon_Malachiyah_Sabbath_Noon_It_Will_Hurt_The_Trying_of_Our_Faith.txt	match	eLmfPJZANNo	text	Deacon	Deacon Malachiyah	2025-09-06	en	Deacon Malachiyah - Sabbath Noon - It Will Hurt: The Trying of Our Faith - 090625	0.681	0.459			
text/Deacon/Malachiyah/en/Deacon_Malachiyah_Sabbath_Noon_My_Wife_Does_Not_Respect_Me_092124.txt	match	D05hRFh4sKo	text	Deacon	Deacon Malachiyah	2024-09-21	en	Deacon Malachiyah - Sabbath Noon - My Wife Does Not Respect Me - 092124	0.614	0.533			
text/Deacon/Malachiyah/en/Deacon_Malachiyah_Sabbath_Noon_Pursuit_of_Happiness_030224.txt	none		text	Deacon	Deacon Malachiyah	2024-03-02	en	Deacon_Malachiyah_Sabbath_Noon_Pursuit_of_Happiness_030224					
text/Deacon/Malachiyah/en/Deacon_Malachiyah_Sabbath_Noon_Racial_Idolatry_Racism_&_Patriotism.txt	match	VKPwznYI0sQ	text	Deacon	Deacon Malachiyah	2025-10-25	en	Deacon Malachiyah - Sabbath Noon - Racial Idolatry: Racism & Patriotism - 102525	0.609	0.381			
text/Deacon/Malachiyah/en/Deacon_Malachiyah_Sabbath_Noon_The_5_Signs_of_a_Good_Wife_112925.txt	match	PCaC1bom4x8	text	Deacon	Deacon Malachiyah	2025-11-29	en	Deacon Malachiyah - Sabbath Noon - The 5 Signs of a Good Wife - 112925	0.923	0.447			
text/Deacon/Malachiyah/en/Deacon_Malachiyah_Sabbath_Noon_The_Devil's_Deadliest_Weapon_070624.txt	none		text	Deacon	Deacon Malachiyah	2024-07-06	en	Deacon Malachiyah - Sabbath Noon - The Devil's Deadliest Weapon - 070624					
text/Deacon/Malachiyah/en/Deacon_Malachiyah_Sabbath_Noon_The_Mark_of_the_Beast_061425_compressed (2).txt	match	RrcmrUMmWXA	text	Deacon	Deacon Malachiyah	2025-06-14	en	Deacon Malachiyah - Sabbath Noon - The Mark of the Beast - 061425	0.598	0.449			
text/Deacon/Malachiyah/en/Deacon_Malachiyah_Sabbath_Noon_The_Mark_of_the_Beast_061425_compressed.txt	match	RrcmrUMmWXA	text	Deacon	Deacon Malachiyah	2025-06-14	en	Deacon Malachiyah - Sabbath Noon - The Mark of the Beast - 061425	0.598	0.449			
text/Deacon/Malachiyah/en/Deacon_Malachiyah_Sabbath_Noon_The_Pitfalls_of_Porn_060824.txt	match	MAbvQuXaNrQ	text	Deacon	Deacon Malachiyah	2024-06-08	en	Deacon Malachiyah - Sabbath Noon - The Pitfalls of Porn - 060824	0.566	0.424			
text/Deacon/Malachiyah/en/Deacon_Malachiyah_Sabbath_Noon_The_Rise_and_Fall_of_Lucifer_111525.txt	match	sf1BtJDt3pQ	text	Deacon	Deacon Malachiyah	2025-11-15	en	Deacon Malachiyah - Sabbath Noon - The Rise and Fall of Lucifer - 111525	0.778	0.522			
text/Deacon/Malachiyah/en/Deacon_Malachiyah_Sabbath_Noon_The_Spiritual_Pitfalls_of_Porn_062924.txt	none		text	Deacon	Deacon Malachiyah	2024-06-29	en	Deacon_Malachiyah_Sabbath_Noon_The_Spiritual_Pitfalls_of_Porn_062924					
text/Deacon/Malachiyah/en/Deacon_Malachiyah_The_Avengers_Sabbath_Evening_Class_12_09_23_.txt	match	3te_MLSvrIo	text	Deacon	Deacon Malachiyah	2023-12-09	en	Deacon Malachiyah	0.746	0.429			
text/Deacon/Malachiyah/en/Deacon_Malafiyah_Closing_of_Passover_The_Plagues_Coming_to_America (2).txt	match	x9xrlD12Rj4	text	Deacon	Deacon Malachiyah	2026-04-23	en	Deacon Malafiyah _Closing of Passover _The Plagues Coming  to America _04/23/26	0.661	0.485			
text/Deacon/Malachiyah/en/Deacon_Malafiyah_Closing_of_Passover_The_Plagues_Coming_to_America.txt	match	x9xrlD12Rj4	text	Deacon	Deacon Malachiyah	2026-04-23	en	Deacon Malafiyah _Closing of Passover _The Plagues Coming  to America _04/23/26	0.661	0.485			
text/Deacon/Malachiyah/en/Deacon_Malafiyah_False_New_Years_The_wars_of_Adam_01_01_26_compressed.txt	none		text	Deacon	Deacon Malachiyah	2026-01-01	en	Deacon Malafiyah_ False New Years: The wars of Adam_01/01/26					
text/Deacon/Malachiyah/en/Deacon_Malafiyah_New_moon_The_Secret_Hands_behind_South_AfricaXenophobia.txt	match	PrZE7A1aloo	text	Deacon	Deacon Malachiyah	2026-05-31	en	Deacon Malafiyah _New moon_The Secret Hands behind South AfricaXenophobia                                  _05/31/26	0.754	0.564			
text/Deacon/Malachiyah/en/False New Year_12-31-25_Deacon Malachiyah_compressed.txt	match	wr0GsXsLSaM	text	Deacon	Deacon Malachiyah	2025-12-31	en	False New Year_12-31-25_Deacon Malachiyah	0.506	0.328	UWI2pcKI1hA		
text/Deacon/Malachiyah/en/Leaven the Root of Bitterness_Deacon Malachiyah_compressed.txt	match	3Qdksp7DVZI	text	Deacon	Deacon Malachiyah		en	Leaven the Root of Bitterness_Deacon Malachiyah	0.695	0.175			
text/Deacon/Malachiyah/es/Deacon_Malachiyah_Ravening_wolves_episode_90_Bible_prophecy_Israelis (2).txt	none		no text	Deacon	Deacon Malachiyah	2024-04-28	es	Deacon Malachiyah_ Ravening wolves_  episode 90 Bible prophecy Israelis invading rafah_04/28/24					
text/Deacon/Malachiyah/es/Deacon_Malachiyah_Ravening_wolves_episode_90_Bible_prophecy_Israelis.txt	none		no text	Deacon	Deacon Malachiyah	2024-04-28	es	Deacon Malachiyah_ Ravening wolves_  episode 90 Bible prophecy Israelis invading rafah_04/28/24					
text/Deacon/Malachiyah/es/Deacon_Malachiyah_Sabbath_Afternoon_Trade_Wars_The_Beast_System.txt	match	kJ1xeEXk6xo	text	Deacon	Deacon Malachiyah	2025-04-12	es	Deacon Malachiyah Sabbath Afternoon Trade Wars: The Beast System 041225	0.702				
text/Deacon/Yeshua/en/AfternoonSabbath_Class_SheReverenceHerHusband_DeaconYeshua_09122026.txt	match	BcG8X9aUt8s	text	Deacon	Deacon Yeshua	2026-09-12	en	AfternoonSabbath Class_SheReverenceHerHusband_DeaconYeshua_09122026	0.633	0.658			
text/Deacon/Yoshua/en/Afternoon_Sabbath_Class_Daily_Bread_for_a_Dying_Man_Deacon_Yoshua.txt	match	EtPB8pdK2XE	text	Deacon	Deacon Yoshua	2026-06-20	en	Afternoon Sabbath Class_Daily Bread for a Dying Man_Deacon Yoshua_06202026	0.704	0.694			
text/Deacon/Yoshua/en/Deacon Yoshua_Power Hour Plus_10.29.25.txt	none		text	Deacon	Deacon Yoshua	2025-10-29	en	Deacon Yoshua_Power Hour Plus_10.29.25					
text/Deacon/Yoshua/en/Deacon Yoshua_Power Hour Plus_11.15.25_compressed.txt	none		text	Deacon	Deacon Yoshua	2025-11-15	en	Deacon Yoshua_Power Hour Plus_11.15.25					
text/Deacon/Yoshua/en/Deacon Yoshua_The Power Hour Plus_08.20.25_compressed.txt	none		text	Deacon	Deacon Yoshua	2025-08-20	en	Deacon Yoshua_The Power Hour Plus_08.20.25					
text/Deacon/Yoshua/en/DeaconYoshua-SabbathAfternoon-ModernOriginsOfFeminism-122124.txt	none		text	Deacon	Deacon Yoshua	2024-12-21	en	DeaconYoshua-SabbathAfternoon-ModernOriginsOfFeminism-122124					
text/Deacon/Yoshua/en/DeaconYoshua_SabbathAfternoon_ACrownOfGlory_110224_compressed.txt	match	e4tEF6_DtUc	text	Deacon	Deacon Yoshua	2024-11-02	en	DeaconYoshua-SabbathAfternoon-ACrownOfGlory-110224	0.814	0.541			
text/Deacon/Yoshua/en/DeaconYoshua_SabbathAfternoon_TheHiddenReligionOfAmerica_022225.txt	match	0R72YoWSDOM	text	Deacon	Deacon Yoshua	2025-02-22	en	DeaconYoshua-SabbathAfternoon-TheHiddenReligionOfAmerica-022225	0.726	0.639			
text/Deacon/Yoshua/en/DeaconYoshua_SabbathAfternoon_ThePromiscuousGirlAndTheWeakerVessel.txt	none		text	Deacon	Deacon Yoshua	2024-06-08	en	DeaconYoshua-SabbathAfternoon-ThePromiscuousGirlAndTheWeakerVessel-060824					
text/Deacon/Yoshua/en/Deacon_Yashua_Power_Hour_Plus_Jewish_Fables_and_304_401ks_052224.txt	none		text	Deacon	Deacon Yoshua	2024-05-22	en	Deacon Yashua - Power Hour Plus - Jewish Fables and 304 401ks - 052224					
text/Deacon/Yoshua/en/Deacon_Yoshua_Afternoon_Class_Vanity,_Joy,_and_The_Kingdom_to_Come.txt	match	VVZCeVtMXro	text	Deacon	Deacon Yoshua		en	Vanity, Joy, and The Kingdom to Come	0.874	0.472			
text/Deacon/Yoshua/en/Deacon_Yoshua_Power_Hour_Plus_What_The_Health_Uneducated_Doctrines.txt	none		text	Deacon	Deacon Yoshua	2024-06-26	en	Deacon Yoshua - Power Hour Plus - What The Health? Uneducated Doctrines - 062624					
text/Deacon/Yoshua/en/Deacon_Yoshua_Power_Hour_Plus__High_Value_Men_and_The_Leeching_of.txt	none		text	Deacon	Deacon Yoshua	2024-07-03	en	Deacon Yoshua_Power Hour Plus: High Value Men and The Leeching of a Man’s Strength_070324					
text/Deacon/Yoshua/en/Deacon_Yoshua_SabbathAfternoon_MartyrsForChristExaminingTheApostlesDeaths.txt	match	I09F6vgSU8c	text	Deacon	Deacon Yoshua	2023-12-02	en	Deacon Yoshua-SabbathAfternoon-MartyrsForChristExaminingTheApostlesDeaths-120223	0.725	0.3			
text/Deacon/Yoshua/en/Deacon_Yoshua_SabbathAfternoon_TheZionistsAndTheWildmanAsSalvationApproaches.txt	match	NgF1C9SlOiA	text	Deacon	Deacon Yoshua	2023-11-11	en	Deacon Yoshua-SabbathAfternoon-TheZionistsAndTheWildmanAsSalvationApproaches-111123	0.75	0.534			
text/Deacon/Yoshua/en/Deacon_Yoshua_Sabbath_Afternoon_Class_A_Time_To_Change_05_25_2024.txt	none		no text	Deacon	Deacon Yoshua	2024-05-25	en	Deacon Yoshua-  Sabbath Afternoon Class - A Time To Change  - 05/25/2024					
text/Deacon/Yoshua/en/Deacon_Yoshua_Sabbath_Afternoon_Class_The_Deceived_That_Casually.txt	none		text	Deacon	Deacon Yoshua		en	Deacon Yoshua Sabbath Afternoon Class - The Deceived That Casually Believe					
text/Deacon/Yoshua/en/Deacon_Yoshua_Sabbath_Afternoon_It's_all_in_your_head_compressed.txt	match	EeDeCiDhztI	text	Deacon	Deacon Yoshua		en	Deacon Yoshua Sabbath Afternoon It's all in your head	0.85	0.698			
text/Deacon/Yoshua/en/Deacon_Yoshua_Sabbath_Afternoon_The_Spirit_Of_Cain_072024.txt	match	4D70QZm-lZ0	text	Deacon	Deacon Yoshua	2024-07-20	en	Deacon Yoshua - Sabbath Afternoon - The Spirit Of Cain - 072024	0.718	0.643			
text/Deacon/Yoshua/en/Deacon_Yoshua_Sabbath_Evening_Raising_Cain_011726_compressed.txt	match	36emQd9wjts	text	Deacon	Deacon Yoshua	2026-01-17	en	Deacon_Yoshua_Sabbath_Evening_Raising_Cain_011726_compressed	0.702	0.604			
text/Deacon/Yoshua/en/Deacon_Yoshua_The Power Hour Plus _ 02.txt	none		text	Deacon	Deacon Yoshua		en	Deacon_Yoshua_The Power Hour Plus | 02					
text/Deacon/Yoshua/en/Deacon_Yoshua_The_Power_Hour_Plus_Mormonism’s_Violent_Past_and_It’s.txt	none		text	Deacon	Deacon Yoshua	2025-04-16	en	Deacon Yoshua_The Power Hour Plus: Mormonism’s Violent Past and It’s Impacts on Native and Latino Communities 4.16.25					
text/Deacon/Yoshua/en/SabbathAfternoon_DeaconYoshua_SinSignsAndWonders_042024_compressed.txt	match	DQGYhquA6t4	text	Deacon	Deacon Yoshua	2024-04-20	en	SabbathAfternoon-DeaconYoshua-SinSignsAndWonders-042024	0.725	0.419			
text/Deacon/Yoshua/en/The Power Hour Plus_ Deacon Yoshua_ 1.7.26_compressed.txt	none		text	Deacon	Deacon Yoshua	2026-01-07	en	The Power Hour Plus_ Deacon Yoshua_ 1.7.26					
text/Deacon/Yoshua/en/The Power Hour Plus_03_11_26_Deacon Yoshua.txt	none		text	Deacon	Deacon Yoshua	2026-03-11	en	The Power Hour Plus_03|11|26_Deacon Yoshua					
text/Deacon/Yoshua/en/The_Power_Hour_Plus_01_08_25_Deacon_Yoshua_Gather_the_Chosen,_Ignite.txt	none		text	Deacon	Deacon Yoshua	2025-01-08	en	The Power Hour Plus | 01.08.25 Deacon Yoshua - Gather the Chosen, Ignite the Prophecy!					
text/Deacon/Yoshua/en/The_Power_Hour_Plus_05_28_25_Deacon_Yoshua_Wine,_Wrath,_&_Redemption.txt	none		text	Deacon	Deacon Yoshua	2025-05-28	en	The Power Hour Plus | 05.28.25_Deacon Yoshua_Wine, Wrath, & Redemption: A Biblical Look At Alcohol					
text/Deacon/Yoshua/en/The_Power_Hour_Plus_1_22_25_Deacon_Yoshua_ADHD_Ain't_No_Daddy_at.txt	none		text	Deacon	Deacon Yoshua	2025-01-22	en	The Power Hour Plus | 1.22.25_Deacon_Yoshua_ ADHD (Ain't_No_Daddy _at _Home _Disorder)					
text/Officer/Asher/en/Officer Asher_Power Hour Plus_12.10.25.txt	none		text	Officer	Officer Asher	2025-12-10	en	Officer Asher_Power Hour Plus_12.10.25					
text/Officer/Asher/en/Officer Asher_The Power Hourn Plus_10.15.25_compressed.txt	none		text	Officer	Officer Asher	2025-10-15	en	Officer Asher_The Power Hourn Plus_10.15.25					
text/Officer/Asher/en/Power Hour Plus_ Officer Asher_01.21.26_compressed.txt	none		text	Officer	Officer Asher	2026-01-21	en	Power Hour Plus_ Officer Asher_01.21.26					
text/Officer/Asher/en/Power_Hour_Plus_Officer_Asher_Ecclesiasticus_Wisdom,_Discretion.txt	none		text	Officer	Officer Asher	2026-06-10	en	Power Hour Plus | Officer Asher | Ecclesiasticus: Wisdom, Discretion & Judgment | 06102026					
text/Officer/Asher/en/Power_Hour_Plus_Officer_Asher_PHP_The_Cost_of_Opportunity_Temptation.txt	none		text	Officer	Officer Asher	2026-04-29	en	Power Hour Plus - Officer Asher - PHP: The Cost of Opportunity: Temptation, Chance, & Consequence - 04292026					
text/Officer/Asher/en/The Power Hour_Officer Asher_05.15.25_compressed.txt	none		text	Officer	Officer Asher	2025-05-15	en	The Power Hour_Officer Asher_05.15.25					
text/Officer/Asher/en/_The_Power_Hour_08_13_25_Officer_Asher_Sottish_Children_Grown_But.txt	none		text	Officer	Officer Asher	2025-08-13	en	The Power Hour |08.13.25  Officer Asher  Sottish Children: Grown But Not Grown Up					
text/Officer/Jahleel/es/Man_Up_Mondays_Spiritual_Sacrifice_Officer_Jahleel_06292026.txt	none		text	Officer	Officer Jahleel	2026-06-29	es	Man Up Mondays: Spiritual Sacrifice | Officer Jahleel | 06292026					
text/Officer/Jahleel/es/Officer_Jahleel_Man_Up_Mondays_Overcoming_The_Wiles_Of_The_Devil.txt	none		text	Officer	Officer Jahleel		es	Officer_Jahleel_Man_Up_Mondays_Overcoming_The_Wiles_Of_The_Devil					
text/Officer/Jezreel/en/OHH - Officer Jezzreel - 11_19_2023.txt	match	jW84l36Cnmc	text	Officer	Officer Jezreel	2023-11-19	en	OHH - Officer Jezzreel - 11/19/2023	0.498	0.487	_b2_sEdFMc4		
text/Officer/Jezreel/en/Officer Jezreel Our Hidden History Echoes of Rome 100123.txt	match	6PF6wHSaMsc	text	Officer	Officer Jezreel	2023-10-01	en	Officer Jezreel Our Hidden History Echoes of Rome 100123	0.662	0.636	RyGRvENY_II,Wgt3RtuTWkU,ZEproEaZako,zphtjZTwz_M		
text/Officer/Jezreel/en/Officer Jezreel Our Hidden History Echoes of Rome 102923.txt	none		text	Officer	Officer Jezreel	2023-10-29	en	Officer Jezreel Our Hidden History Echoes of Rome 102923					
text/Officer/Jezreel/es/OHH_Officer_Jezreel_ECHOES_OF_ROME_THE_THIRD_PERSECUTION_AND_THE.txt	match	iRSZ1SPOWKE	text	Officer	Officer Jezreel	2024-01-21	es	OHH-Officer Jezreel-ECHOES OF ROME: THE THIRD PERSECUTION AND THE CYRENIAN REVOLT-01/21/2024	0.53		e029INRf0zM		
text/Officer/Jezreel/es/Officer_Jesreel_OHH_Echoes_of_Rome_The_third_persecution_and_the.txt	match	bXBHxAjHwlQ	text	Officer	Officer Jezreel	2024-01-28	es	Officer Jesreel-OHH-Echoes of Rome:The third persecution and the Cyrenian revolt pt2-012824	0.594				
text/Officer/Jezreel/es/Officer_Jezreel_OHH_Echoes_of_Rome_From_Black_Rulers_to_Black_Slaves (2).txt	match	bP-8-4FcQGE	text	Officer	Officer Jezreel		es	Officer_Jezreel_OHH_Echoes_of_Rome_From_Black_Rulers_to_Black_Slaves (2)	0.698		0w-xjRbsj-w		
text/Officer/Jezreel/es/Officer_Jezreel_OHH_Echoes_of_Rome_From_Black_Rulers_to_Black_Slaves.txt	match	eRxU8lK57Aw	text	Officer	Officer Jezreel	2024-02-18	es	Officer Jezreel-OHH-Echoes of Rome: From Black Rulers to Black Slaves in Italy-021824	0.621				
text/Officer/Jezreel/es/Officer_Jezreel_OHH_The_Apostolic_Succession_and_The_Training_For.txt	match	oX_p6koVq5o	text	Officer	Officer Jezreel	2024-01-10	es	Officer Jezreel-OHH-The Apostolic Succession and The Training For Martyrdom-01102024	0.631		E7-7zy0If38		
text/Officer/Jezreel/es/Officer_Jezreel_Our_Hidden_History_Echoes_Of_Rome_The_Short_Reign.txt	probable	UqOEbapXlZo	text	Officer	Officer Jezreel	2023-12-24	es	Officer Jezreel- Our Hidden History- Echoes Of Rome: The Short Reign Of Titus And Domitian And The Christian Persecution Part 2- 12.24.23	0.485				
text/Officer/Jezreel/es/Officer_Jezreel_Our_Hidden_History_The_Arabs,_Islam,_and_the_Trans.txt	match	KgxnpzSMDf8	text	Officer	Officer Jezreel		es	Officer Jezreel_Our Hidden History _The Arabs, Islam, and the Trans- Saharan slave trade part 3_04/07/24	0.52				
text/Officer/Jezreel/es/Officer_Jezreel_Our_Hidden_History_The_Short_Reign_of_Titus_121723.txt	match	XKayeO48HUk	text	Officer	Officer Jezreel	2023-12-17	es	Officer Jezreel Our Hidden History The Short Reign of Titus 121723	0.555				
text/Officer/Jezreel/es/Officer_Jezreel_Our_Hidden_History_Vespasian's_Conquest_Part_2_112623.txt	match	pD5zgCAmim4	text	Officer	Officer Jezreel	2023-11-26	es	Officer Jezreel Our Hidden History Vespasian's Conquest Part 2 112623	0.516				
text/Officer/Jezreel/es/Officer_Jezreel_Our_Hidden_History_Vespasian's_Conquest_Part_4_121023.txt	none		text	Officer	Officer Jezreel	2023-12-10	es	Officer Jezreel Our Hidden History Vespasian's Conquest Part 4 121023					
text/Officer/Jezreel/es/Officer_Jezreel_our_Hidden_History_The_rise_of_the_5_feather_Claudius.txt	match	VC1mwltqPf4	text	Officer	Officer Jezreel	2023-09-24	es	Officer Jezreel- our Hidden History-The rise of the 5 feather Claudius Caesar and the travels of the apostles- 09/24/23	0.529		K2JTWqUgAWU		
text/Officer/Job/en/Officer Job_Power Hour Plus_12.01.25_compressed.txt	none		text	Officer	Officer Job	2025-12-01	en	Officer Job_Power Hour Plus_12.01.25					
text/Officer/Job/en/Officer Job_The Power Hour Plus_09_03_25_compressed.txt	none		text	Officer	Officer Job	2025-09-03	en	Officer Job_The Power Hour Plus_09|03|25					
text/Officer/Micah/en/Precept Upon Precept_05.14.26_Officer Micah_compressed.txt	none		text	Officer	Officer Micah	2026-05-14	en	Precept Upon Precept_05.14.26_Officer Micah					
text/Officer/Nahum/en/Officer_Nahum_Sabbath_Morning_Youth_Violence_and_Gangs_081024.txt	match	40rKMV3e94k	text	Officer	Officer Nahum	2024-08-10	en	Officer Nahum - Sabbath Morning - Youth Violence and Gangs - 081024	0.702	0.446			
text/Officer/Razis/en/Officer_Razis_Wisdom_Crieth_Without_Thy_Kingdom_come,their_kingdom.txt	none		text	Officer	Officer Razis	2025-10-05	en	Officer Razis_ Wisdom Crieth Without_ Thy Kingdom come,their kingdom Gone_10/05/25					
text/Officer/Yechiel/es/Officer_Yechiel_BBOOF_For_God_Hath_Put_In_Their_Hearts_To_Fulfil.txt	none		text	Officer	Officer Yechiel	2025-05-16	es	Officer Yechiel BBOOF For God Hath Put In Their Hearts To Fulfil His Will 051625					
text/Officer/Yechiel/es/Officer_Yechiel_BBOOF_Shouldest_Destroy_Them_Which_Destroy_The_Earth.txt	none		text	Officer	Officer Yechiel	2023-11-17	es	Officer Yechiel BBOOF Shouldest Destroy Them Which Destroy The Earth 111723					
text/Officer/Yechiel/es/Officer_Yechiel_BBOOF_Thy_hand_shall_be_in_the_neck_of_thine_enemies.txt	none		text	Officer	Officer Yechiel	2023-12-08	es	Officer Yechiel BBOOF Thy hand shall be in the neck of thine enemies 120823					
text/Officer/Yechiel/es/Officer_Yechiel_B_B_O_F_O_Jerusalem,_Wash_Thine_Heart_From_Wickedness.txt	none		text	Officer	Officer Yechiel	2024-04-05	es	Officer Yechiel _ B.B.O.F._O Jerusalem, Wash Thine Heart From Wickedness, That Thou Mayest Be Saved_ 04.05.2024					
text/Officer/hezakiah/en/Officer_Hezakiah_WRITING_ON_THE_WALL_Echoes_of_deception_06_29_26 (2).txt	none		text	Officer	Officer hezakiah	2026-06-29	en	Officer Hezakiah_ WRITING ON THE WALL_  Echoes of deception _ 06/29/26					
text/Officer/hezakiah/en/Officer_Hezakiah_WRITING_ON_THE_WALL_Echoes_of_deception_06_29_26.txt	none		text	Officer	Officer hezakiah	2026-06-29	en	Officer Hezakiah_ WRITING ON THE WALL_  Echoes of deception _ 06/29/26					
text/Officer/hezakiah/en/Officer_hezakiah_Writing_on_the_wall_A_Nation_divided_05_16_26_compressed.txt	none		text	Officer	Officer hezakiah	2026-05-16	en	Officer hezakiah _Writing on the wall_ A Nation divided _05/16/26					
text/Unorganized/en/02_17_23_Destruction_of_Nicanor_Destruction_of_Our_Enemies.txt	match	CVG0in5y2xg	text	Deacon	Deacon Malachiyah	2023-02-17	en	02/17/23 - Destruction of Nicanor: Destruction of Our Enemies	0.566	0.133			
text/Unorganized/en/02_18_23 Sabbath Noon Class_ Psychological Warfare Pt 2.txt	match	q4_hmc3Zn9s	text	Deacon	Deacon Malachi	2023-02-18	en	02/18/23 Sabbath Noon Class: Psychological Warfare Pt 2	0.681	0.304			
text/Unorganized/en/03.04.2023 Sabbath Morning Class.txt	match	eTLbcFx85cA	text	Captain	Captain Osee	2023-03-04	en	03.04.2023 Sabbath Morning Class	0.798	0.701			
text/Unorganized/en/03.25.2023 SABBATH MORNING CLASS.txt	match	DbYTk_bf4aw	text	Captain	Captain Josiah	2023-03-25	en	03.25.2023 SABBATH MORNING CLASS	0.47	0.728			
text/Unorganized/en/03.30.2024 SABBATH MORNING CLASS-compressed.txt	match	W_niwF1V7AQ	text	Captain	Captain Erel	2024-03-30	en	03.30.2024 SABBATH MORNING CLASS	0.591	0.019			
text/Unorganized/en/03_04_23 Sabbath Noon Class_ The Awakening of Jacob.txt	match	Y-559AL_BSQ	text	Deacon	Deacon Labachaa	2023-03-04	en	03/04/23 Sabbath Noon Class: The Awakening of Jacob	0.629	0.255			
text/Unorganized/en/03_07_23 New Moon Class_ Enemy of the State_compressed.txt	match	8jHSZIUnjJ0	text	Bishop	Bishop Nathanyel	2023-03-07	en	03/07/23 New Moon Class: Enemy of the State	0.5	0.29	cSSN04Kgu40		
text/Unorganized/en/03_11_23 Sabbath Noon Class_ Respect the Brotherhood.txt	match	kwFNmo1e9cM	text	Deacon	Deacon Malachi	2023-03-11	en	03/11/23 Sabbath Noon Class: Respect the Brotherhood	0.607	0.359			
text/Unorganized/en/03_25_23 Sabbath Noon Class_ Satan Is Real.txt	match	XPM1uSgS2do	text	Deacon	Deacon Labachaa	2023-03-25	en	03/25/23 Sabbath Noon Class: Satan Is Real	0.742	0.203			
text/Unorganized/en/04.06.2023 New Moon .txt	match	TnLmFhlSFOU	text	Deacon	Deacon Malachiyah	2023-04-06	en	04.06.2023 New Moon	0.609	0.356			
text/Unorganized/en/04.15.2023 SABBATH MORNING CLASS-compressed.txt	none		text	Captain	Captain Yadin	2023-04-15	en	04.15.2023 SABBATH MORNING CLASS					
text/Unorganized/en/04.29.23 Sabbath Noon Class_ The World Without Morals Part 2.txt	none		text	Deacon	Deacon Labachaa	2023-04-29	en	04.29.23 Sabbath Noon Class: The World Without Morals Part 2					
text/Unorganized/en/04_01_23 Sabbath Noon Class_ Old Egypt, New Babylon.txt	match	uZHCRs0kgwI	text	Deacon	Deacon Malachi	2023-04-01	en	04/01/23 Sabbath Noon Class: Old Egypt, New Babylon	0.594	0.387			
text/Unorganized/en/04_08_23_Sabbath_Noon_Class_Liberals_Hijacking_Civil_Rights.txt	match	rBA7bzLESi0	text	Deacon	Deacon Malachiyah	2023-04-08	en	04/08/23 Sabbath Noon Class: Liberals: Hijacking Civil Rights	0.569	0.556			
text/Unorganized/en/04_22_23_Sabbath_Noon_Class_The_Courage_of_Our_Forefathers_During.txt	match	cx9FvpQpNBw	text	Officer	Officer Jezreel	2023-04-22	en	04.22.23 Sabbath Noon Class: The Courage of Our Forefathers During Persecution	0.406	0.604			
text/Unorganized/en/05.06.2023 SABBATH MORNING CLASS.txt	match	cGN8UOQeHb0	text	Captain	Captain Mattathias	2023-05-06	en	05.06.2023 SABBATH MORNING CLASS	0.57	0.549			
text/Unorganized/en/05.20.23 Sabbath Noon Class_ America’s Slaves Are Not Free.txt	match	uZ05p6AqU8M	text	Deacon	Deacon Malachiyah	2023-05-20	en	05.20.23 Sabbath Noon Class: America’s Slaves Are Not Free	0.594	0.606			
text/Unorganized/en/05.27.2023 SABBATH MORNING CLASS-compressed.txt	match	n50qKON6PSA	text	Captain	Captain Seriyah	2023-05-27	en	05.27.2023 SABBATH MORNING CLASS	0.694	0.596			
text/Unorganized/en/05.27.23 Sabbath Noon Class_ Re-Examine Yourself.txt	none		text	Deacon	Deacon Labachaa	2023-05-27	en	05.27.23 Sabbath Noon Class: Re-Examine Yourself					
text/Unorganized/en/05_06_23_Sabbath_Noon_Class_Overcoming_Lust_The_Clutch_of_Asmodeus.txt	match	78Z-OZQuujY	text	Deacon	Deacon Isaac	2023-05-06	en	05.06.23 Sabbath Noon Class: Overcoming Lust: The Clutch of Asmodeus	0.581	0.491			
text/Unorganized/en/05_13_23_Sabbath_Noon_Class_The_Black_Holocaust_Extermination_of.txt	none		text	Deacon	Deacon Malachi	2023-05-13	en	05.13.23 Sabbath Noon Class: The Black Holocaust: Extermination of the Black Race					
text/Unorganized/en/06.03.23 Sabbath Noon Class_ The End of This World.txt	match	zRdbf7a9Cp8	text	Deacon	Deacon Malachiyah	2023-06-03	en	06.03.23 Sabbath Noon Class: The End of This World	0.513	0.221			
text/Unorganized/en/06.11.23 Feast of First Fruits_ Pentecost 2023.txt	match	_-WSnDZqKkw	text	Deacon	Deacon Isaac	2023-06-11	en	06.11.23 Feast of First Fruits: Pentecost 2023	0.822	0.533			
text/Unorganized/en/06.17.2023 SABBATH MORNING CLASS-compressed.txt	match	QHB5Q_QEyNI	text	Captain	Captain Yawanathan	2023-06-17	en	06.17.2023 SABBATH MORNING CLASS	0.586	0.526			
text/Unorganized/en/06.17.23 Sabbath Noon Class_ Reprobate Silver.txt	match	J5rQqkLfizI	text	Deacon	Deacon Malachi	2023-06-17	en	06.17.23 Sabbath Noon Class: Reprobate Silver	0.588	0.324			
text/Unorganized/en/06.24.23 Sabbath Noon Class_ Temptation Is a Builder.txt	match	Z8F6JtD8FGE	text	Deacon	Deacon Labachaa	2023-06-24	en	06.24.23 Sabbath Noon Class: Temptation Is a Builder	0.54	0.234			
text/Unorganized/en/06_03_23_Sabbath_Noon_Class_The_End_of_This_World_compressed.txt	match	zRdbf7a9Cp8	text	Deacon	Deacon Malachiyah	2023-06-03	en	06.03.23 Sabbath Noon Class: The End of This World	0.536	0.221			
text/Unorganized/en/06_10_23_Sabbath_Noon_Class_From_Three_Fifths_of_a_Man_to_Gods.txt	match	op-IEhRxJGE	text	Captain	Captain Amaziah	2023-06-10	en	06.10.23 Sabbath Noon Class: From Three Fifths of a Man to Gods	0.641	0.497			
text/Unorganized/en/07.01.23 Sabbath Noon Class_ We Were Chosen.txt	match	1Q6G28oEzeA	text	Deacon	Deacon Malachi	2023-07-01	en	07.01.23 Sabbath Noon Class: We Were Chosen	0.604	0.237			
text/Unorganized/en/07.08.2023 SABBATH MORNING CLASS.txt	match	9VmUFuCsVXw	text	Captain	Captain Osee	2023-07-08	en	07.08.2023 SABBATH MORNING CLASS	0.764	0.593			
text/Unorganized/en/07.15.23 Sabbath Noon Class_The First Resurrection .txt	match	2CAZ-6TWmBQ	text	Deacon	Deacon Labachaa	2023-07-15	en	07.15.23 Sabbath Noon Class:	0.607	0.15			
text/Unorganized/en/07_15_23_Sabbath_Noon_Class_The_First_Resurrection_compressed.txt	match	2CAZ-6TWmBQ	text	Deacon	Deacon Labachaa	2023-07-15	en	07.15.23 Sabbath Noon Class:	0.636	0.15			
text/Unorganized/en/07_22_23_Sabbath_Noon_Class_Stay_In_Your_Lane_Role_Identity.txt	match	LmKyyiCbADU	text	Deacon	Deacon Abbayael	2023-07-22	en	07.22.23 Sabbath Noon Class: Stay In Your Lane: Role Identity	0.593	0.256			
text/Unorganized/en/07_29_23_Sabbath_Noon_Class_Treachery_and_the_48_Laws_of_Power.txt	match	7ZWgWGKDGBY	text	Captain	Captain Yadin	2023-07-29	en	07.29.23 Sabbath Noon Class: Treachery and the 48 Laws of Power	0.678	0.327			
text/Unorganized/en/08.01.23 New Moon Class_ Summer Lust.txt	match	C2bwzh_ApcA	text	Deacon	Deacon Malachiyah	2023-08-01	en	08.01.23 New Moon Class: Summer Lust	0.572	0.189			
text/Unorganized/en/08.05.2023 SABBATH MORNING CLASS.txt	match	7RTw5-ikPS0	text	Captain	Captain Benzion	2023-08-05	en	08.05.2023 SABBATH MORNING CLASS	0.665	0.321			
text/Unorganized/en/08.05.23 Sabbath Noon Class_ God Hates Independent Women.txt	match	R_zfLX3f5GM	text	Deacon	Deacon Malachiyah	2023-08-05	en	Microsoft Word - 08.05.23 Sabbath Noon Class_ God Hates Independent Women.docx	0.667	0.315			
text/Unorganized/en/08.12.23 Sabbath Noon Class_ Looking In the Mirror.txt	match	TfM0eX4ty0Q	text	Deacon	Deacon Malachi	2023-08-12	en	08.12.23 Sabbath Noon Class: Looking In the Mirror	0.573	0.303			
text/Unorganized/en/08.19.23 Sabbath Noon Class_ Trouble In The Flesh.txt	none		text	Officer	Officer Elisha	2023-08-19	en	08.19.23 Sabbath Noon Class: Trouble In The Flesh					
text/Unorganized/en/08.26.23 Sabbath Noon Class_ Traitors Unawares-compressed_1.txt	match	A4_PlkU2Nxs	text	Deacon	Deacon Labachaa	2023-08-26	en	08.26.23 Sabbath Noon Class: Traitors Unawares	0.607	0.231			
text/Unorganized/en/08_05_23_Sabbath_Noon_Class_God_Hates_the_Independent_Woman_compressed.txt	match	R_zfLX3f5GM	text	Deacon	Deacon Malachiyah	2023-08-05	en	Microsoft Word - 08.05.23 Sabbath Noon Class_ God Hates Independent Women.docx	0.667	0.315			
text/Unorganized/en/08_19_23.txt	none		text	Deacon	Deacon Asaph	2023-08-19	en	Sabbath Evening 08/19/23					
text/Unorganized/en/09.02.2023 Sabbath Morning Class.txt	match	Nm4qe0yvCBg	text	Captain	Captain Joel	2023-09-02	en	09.02.2023 Sabbath Morning Class	0.723	0.423			
text/Unorganized/en/2018.txt	none		text	Captain	Captain Mattathias		en	2018					
text/Unorganized/en/2023 .txt	match	en4is-31RgQ	text	Captain	Captain Josiah	2023-07-29	en	CAPTAIN JOSIAH SABBATH MORNING CLASS     Rediscovering The Black Presence In The Bible 07/29/2023	0.787	0.437			
text/Unorganized/en/2026_09_27_the_image_of_dysfunction_or_the_image_of_god_which_on (2).txt	match	lTjnCZsWsng	text	Bishop	Bishop Yawasap	2026-09-27	en	The Image of Dysfunction or the Image of God Which One Are You?	0.498	0.68			
text/Unorganized/en/24.txt	none		text	Deacon	Deacon Yoshua	2024-07-31	en	Deacon Yoshua- Power Hour Plus- What Are Your Relationship Standards Part 2- 07/31/24					
text/Unorganized/en/2_ESCP_2_0_The_C_I_A_,_2025_AMERICA_&_THE_ISLANDS_OF_THE_SEA.txt	match	_O3GXSnULfs	text				en	2 ESCP 2.0 - The C.I.A., 2025 AMERICA & THE ISLANDS OF THE SEA	0.695	0.603			
text/Unorganized/en/5 ESCP 2.0 - The Road To The Battle of ARMAGEDDON.txt	match	MyPhZvlWFQg	text				en	5 ESCP 2.0 -  The Road To The Battle of ARMAGEDDON	0.678	0.536			
text/Unorganized/en/5.5.23 NEW MOON CLASS.txt	none		text	Captain	Captain Enoch	2023-05-05	en	5.5.23 NEW MOON CLASS					
text/Unorganized/en/9.9.23 Evening Class_ AMALEK AND THE LIBERAL AGENDA.txt	match	aJhVFjdp19Y	text	Bishop	Bishop Nathanyel	2023-09-09	en	9.9.23 Evening Class: AMALEK AND THE LIBERAL AGENDA	0.594	0.144			
text/Unorganized/en/AFTERNOON_SABBATH_CLASS_THE_BEGINNING_OF_SORROWS_&_GREAT_PAIN_08012025.txt	match	6gzqYKSUmS4	text	Deacon	Deacon Malachiyah	2025-08-01	en	AFTERNOON SABBATH CLASS_ THE BEGINNING OF SORROWS & GREAT PAIN_08012025_DeaconMalachiyah	0.654	0.42			
text/Unorganized/en/A_Fire_Shut_Up_in_My_Bones_The_Work,_The_Zeal,_The_Fire_compressed.txt	match	qKsTfFDZ5xg	text	Deacon	Deacon Yoshua		en	A Fire Shut Up in My Bones: The Work, The Zeal, The Fire	0.86	0.631			
text/Unorganized/en/Across Many Lands_Afternoon Sabbath_11082025_compressed.txt	match	c_HNtfv12mo	text	Deacon	Deacon Malachi	2025-11-08	en	Across Many Lands_Afternoon Sabbath_11082025	0.701	0.57			
text/Unorganized/en/Actitudes Infantiles Carnalidad En El Cuerpo_compressed.txt	none		text				es	Actitudes Infantiles Carnalidad En El Cuerpo					
text/Unorganized/en/Afirmando Nuestra Esperanza En El Espíritu De La Fe.txt	none		text				es	Afirmando Nuestra Esperanza En El Espíritu De La Fe					
text/Unorganized/en/Afternoon Sabbath Class_01102026_compressed (1).txt	match	tmB8z0qSYo4	text	Deacon	Deacon Malachi	2026-01-10	en	Afternoon Sabbath Class	0.66	0.518			
text/Unorganized/en/Afternoon Sabbath Class_compressed.txt	match	R0Vc-Kf6M_8	text	Deacon	Deacon Malachi		en	Afternoon Sabbath Class	0.725	0.466			
text/Unorganized/en/Afternoon_SABBATH_CLASS_NATION_BUILDING_IN_RIGHTEOUS_INDIGNATION.txt	match	-eRRg7pa8sk	text	Bishop	Bishop Yawasap	2025-08-16	en	EVENING SABBATH CLASS NATION BUILDING IN RIGHTEOUS INDIGNATION  BISHOP YAWASAP AUGUST 16, 2025	0.571	0.798	Oaj2R01l0Bg		
text/Unorganized/en/Afternoon_Sabbath_Bible_Book_of_Our_Fathers_Nov222025_compressed.txt	match	rlhDrWiUMVs	text	Deacon	Deacon Abbayeal		en	Afternoon Sabbath_Bible Book of Our Fathers_Nov222025	0.631	0.331			
text/Unorganized/en/Afternoon_Sabbath_Class_CIVIL_WAR_THE_SON_OF_PERDITION_01242026.txt	match	V9oc-I5QZjQ	text	Deacon	Deacon Malachiyah	2026-01-24	en	Afternoon Sabbath Class_ CIVIL WAR THE SON OF PERDITION_01242026	0.625	0.605			
text/Unorganized/en/Afternoon_Sabbath_Class_Cyber_Warfare_The_Mouth_of_the_Beast_01312026.txt	match	lTBgozGnw30	text	Deacon	Deacon Malachiyah	2026-01-31	en	Afternoon Sabbath Class_Cyber Warfare: The Mouth of the Beast_01312026	0.582	0.57			
text/Unorganized/en/Afternoon_Sabbath_Class_JUDGEMENT_THE_TESTIMONY_OF_THE_TWO_WITNESSES.txt	match	xVwQNhmyxFw	text	Deacon	Deacon Malachiyah	2026-01-17	en	Afternoon Sabbath Class_ JUDGEMENT: THE TESTIMONY OF THE TWO WITNESSES_01172026	0.669	0.37			
text/Unorganized/en/Afternoon_Sabbath_Class_Respect_TheEvidenceOfHerFaith_04042026_compressed.txt	match	hKifTTWBba8	text	Deacon	Deacon Abbayael	2026-04-04	en	Afternoon Sabbath Class_Respect:TheEvidenceOfHerFaith_04042026	0.665	0.614			
text/Unorganized/en/Afternoon_Sabbath_Class_THE_DIVINE_ORCHESTRATION_AND_PURPOSE_OF.txt	match	mRCyPWIqvlE	text	Bishop	Bishop Yawasap	2026-03-14	en	Afternoon Sabbath Class_ THE DIVINE ORCHESTRATION AND PURPOSE OF THE PEOPLE WE ENCOUNTER_03142026	0.479	0.594			
text/Unorganized/en/Afternoon_Sabbath_Class_TRANSFORMING_FROM_IMMORALITY_INTO_BEAUTIFUL.txt	match	QxWHRujbdpg	text	Bishop	Bishop Yawasap	2026-01-03	en	Afternoon Sabbath Class_ TRANSFORMING FROM IMMORALITY INTO BEAUTIFUL CIVILITY_01032026	0.596	0.525			
text/Unorganized/en/Afternoon_Sabbath_Class_ThePitandPendulum_TheSlowGenocideoftheUndesired.txt	match	RtKx6aQEzDM	text	Bishop	Bishop Yawasap	2026-09-05	en	Afternoon Sabbath Class_ThePitandPendulum:TheSlowGenocideoftheUndesired_BishopYawasap_09052026	0.728	0.689			
text/Unorganized/en/Afternoon_Sabbath_Class_The_Deception_of_Sin_10252025_compressed.txt	match	ofu8AVS6rew	text	Deacon	Deacon Abbayael	2025-10-25	en	Afternoon Sabbath Class_The Deception of Sin_10252025	0.619	0.656			
text/Unorganized/en/Afternoon_Sabbath_The_Mouth_of_the_Dragon_Ideological_Subversion.txt	match	k93VhuZA83k	text	Deacon	Deacon Malachiyah		en	Afternoon Sabbath_The Mouth of the Dragon Ideological Subversion_16Jul2025	0.65	0.384			
text/Unorganized/en/Afternoon_Sabbath_To_Whom_Much_is_Given_The_Burden_and_Beauty_of.txt	match	xIzsjL7PUx8	text	Deacon	Deacon Yoshua	2025-12-06	en	Afternoon Sabbath_To Whom Much is Given: The Burden and Beauty of Godly Leadership_12062025	0.718	0.857			
text/Unorganized/en/Akwaaba_BBOOF_05012026_compressed.txt	none		text			2026-05-01	en	Akwaaba					
text/Unorganized/en/Amalek Y La Agenda Liberal.txt	match	aJhVFjdp19Y	text	Bishop	Bishop Nathanyel		es	Report	0.508				text/Unorganized/en/9.9.23 Evening Class_ AMALEK AND THE LIBERAL AGENDA.txt
text/Unorganized/en/Amalek_ A Deeper Look Into The Jewish Race.txt	match	eWm41Yacrdg	text	Captain	Captain Yahn		en	Amalek: A Deeper Look Into The Jewish Race	0.765	0.585			
text/Unorganized/en/Anger, Fear, Self Doubt, and Social Media 3_18_25_compressed.txt	none		text			2025-03-18	en	Anger, Fear, Self Doubt, and Social Media (Be a Man and Control All of These) 3/14/25					
text/Unorganized/en/Art Thou Also Become Weak As We__compressed.txt	none		text				en	Art Thou Also Become Weak As We?					
text/Unorganized/en/BABYLON_IS_SCRAMBLING_AND_SPREAD_THIN_CHINA_AND_RUSSIA_COVER_DOWN!.txt	none		text				en	BABYLON IS SCRAMBLING AND SPREAD THIN: CHINA AND RUSSIA COVER DOWN!					
text/Unorganized/en/BBOOF 02.24.2023-compressed.txt	none		text	Bishop	Bishop Yawasap	2023-02-24	en	BBOOF 02.24.2023					
text/Unorganized/en/BBOOF 06.02.2023-compressed.txt	none		text (weak)	Bishop	Bishop Yawasap	2023-06-02	en	BBOOF 06.02.2023					
text/Unorganized/en/BBOOF 06.23.2023-compressed.txt	none		text			2023-06-23	en	BBOOF 06.23.2023					
text/Unorganized/en/BBOOF 07.14.2023-compressed.txt	none		text	Bishop	Bishop Yawasap	2023-07-14	en	BBOOF 07.14.2023					
text/Unorganized/en/BBOOF 08.11.2023.txt	none		text			2023-08-11	en	BBOOF 08.11.2023					
text/Unorganized/en/BBOOF 08.25.2023.txt	none		text			2023-08-25	en	BBOOF 08.25.2023					
text/Unorganized/en/BBOOF From Pain To Peace A Guide To Healing -compressed.txt	none		text	Captain	Captain Dekar		en	BBOOF: From Pain To Peace A Guide To Healing					
text/Unorganized/en/BBOOF_07_11_2025_The Serpent of Sin (Part 1)_compressed (2).txt	none		text	Bishop	Bishop Yawasap	2025-07-11	en	BBOOF_07/11/2025_The Serpent of Sin (Part 1)					
text/Unorganized/en/BBOOF_07_11_2025_The Serpent of Sin (Part 1)_compressed.txt	none		text	Bishop	Bishop Yawasap	2025-07-11	en	BBOOF_07/11/2025_The Serpent of Sin (Part 1)					
text/Unorganized/en/BBOOF_07_25_2025_Christianity_Is_The_Spirit_of_the_Antichrist_compressed.txt	none		text			2025-07-25	en	BBOOF_07/25/2025_Christianity Is The Spirit of the Antichrist					
text/Unorganized/en/BBOOF_08_08_2025_Fear God_compressed.txt	none		text	Captain	Captain Seriyah	2025-08-08	en	BBOOF_08/08/2025_Fear God					
text/Unorganized/en/BBOOF_08_22_2025_Prepare_for_the_Worst_and_Hope_for_Christ_compressed.txt	none		text			2025-08-22	en	BBOOF_08/22/2025_Prepare for the Worst and Hope for Christ					
text/Unorganized/en/BBOOF_09_05_2025_The_Unlearned_And_Unstable_Twist_The_Scriptures.txt	none		text			2025-09-05	en	BBOOF_09/05/2025_The Unlearned And Unstable Twist The Scriptures To Their Own Destruction					
text/Unorganized/en/BBOOF_10_03_2025_Their Time Is Short_compressed.txt	none		text	Captain	Captain Nahshon	2025-10-03	en	BBOOF_10/03/2025_Their Time Is Short					
text/Unorganized/en/BBOOF_10_17_2025_Their Time Is Short (Part 2)_compressed.txt	none		text	Captain	Captain Nahshon	2025-10-17	en	BBOOF_10/17/2025_Their Time Is Short (Part 2)					
text/Unorganized/en/BBOOF_10_31_2025_The Christianity Insanity_compressed.txt	none		text	Captain	Captain Seriyah	2025-10-31	en	BBOOF_10/31/2025_The Christianity Insanity					
text/Unorganized/en/BBOOF_11_14_2025_Tyranny_Brings_Trauma,_Unity_Brings_Healing_compressed.txt	none		text	Bishop	Bishop Yawasap	2025-11-14	en	BBOOF_11/14/2025_Tyranny Brings Trauma, Unity Brings Healing					
text/Unorganized/en/BBOOF_11_28_2025_Trauma_Bond_and_the_Betraying_Comfort_of_Fear_compressed.txt	none		text	Bishop	Bishop Yawasap	2025-11-28	en	BBOOF_11/28/2025_Trauma Bond and the Betraying Comfort of Fear					
text/Unorganized/en/BBOOF_12_12_2025_For_I_Think_God_Hath_Sent_For_Us,_The_Apostles.txt	none		text			2025-12-12	en	BBOOF_12/12/2025_For I Think God Hath Sent For Us, The Apostles, Last					
text/Unorganized/en/BBOOF_Black_On_Black_Violence_&_the_Perpetuity_of_Spiritual_Illness.txt	none		text	Bishop	Bishop Yawasap	2026-06-05	en	BBOOF_Black On Black Violence & the Perpetuity of Spiritual Illness_06/05/2026					
text/Unorganized/en/BBOOF_Parent_Discretion_Advised_Present_But_Absent_07_03_2026_compressed.txt	none		text	Captain	Captain Eli	2026-07-03	en	BBOOF_Parent Discretion Advised Present But Absent_07/03/2026					
text/Unorganized/en/BBOOF_The_Battle_Within_Before_the_Battle_Without_compressed.txt	none		text	Bishop	Bishop Yawasap		en	The Battle Within Before the Battle Without					
text/Unorganized/en/BBOOF_The_Forced_Hustle_of_Sierra_Leone_Captian_Nashon_compressed.txt	none		text				en	BBOOF: The Forced Hustle of Sierra Leone-Captian Nashon					
text/Unorganized/en/BBOOF_This_Is_Not_Just_A_Book_The_Chokehold_Of_Thorns_Slow_Death.txt	none		text	Captain	Captain Eli	2026-06-19	en	BBOOF_This Is Not Just A Book The Chokehold Of Thorns: Slow Death Of A Chosen People_06/19/2026					
text/Unorganized/en/BBOOF_Until_Our_Hairs_Be_Grey_Marriage,_Faithfulness,_&_The_Wisdom.txt	none		text	Captain	Captain Eli	2026-09-18	en	BBOOF_Until Our Hairs Be Grey Marriage, Faithfulness, & The Wisdom of Tobit_09/18/2026					
text/Unorganized/en/Book of Our Fathers_ Who's Who__compressed.txt	match	Bfl1Jw7U8dI	text	Deacon	Deacon Abbayeal		en	Book of Our Fathers: Who's Who?	0.676	0.367			
text/Unorganized/en/Book of our Fathers 1_3_25_compressed.txt	none		text			2025-01-03	en	Book of Our Fathers 1/3/25					
text/Unorganized/en/Book_Of_Our_Fathers_from_a_mortal_man_to_righteous_martyr_compressed.txt	none		text			2025-01-17	en	From a Mortal Man to Righteous Martyr:Journey to Death 1/17/25					
text/Unorganized/en/Capitan Sofonias 08292026 Abya Yala Bajo Fuego_compressed.txt	none		text	Captain	Captain Sofonias	2026-08-29	es	Abya Yala Bajo Fuego					
text/Unorganized/en/Catolicismo Y El Carnaval El Producto De Satanás.txt	none		text				es	Catolicismo Y El Carnaval El Producto De Satanás					
text/Unorganized/en/Cielo Y Guerra Los Resultados Del Matrimonio_compressed.txt	none		text	Captain	Captain Cornelius		es	Cielo Y Guerra Los Resultados Del Matrimonio					
text/Unorganized/en/Commit To Your Salvation_ Enduring the Eagle.txt	match	uwjvycxLa4I	text	Captain	Captain Tazayawan		en	Commit To Your Salvation: Enduring the Eagle	0.817	0.561			
text/Unorganized/en/Copy of Shout out Tuesday - Google Docs-compressed.txt	match	cWBuK_62zi4	text	Bishop	Bishop Nathanyel		en	Copy of Shout out Tuesday - Google Docs-compressed	0.5	0.478			
text/Unorganized/en/Daughter of Dinah or Daughter of Sarah_compressed.txt	none		text	Bishop	Bishop Yawasap		en	Daughter of Dinah or Daughter of Sarah					
text/Unorganized/en/Death by 1000_compressed.txt	none		text				en	Death by 1000					
text/Unorganized/en/Doctrine_of_Devils_Spiritual_Identity_Theft_Access_Denied_compressed.txt	none		text				en	Doctrine of Devils: Spiritual Identity Theft-Access Denied					
text/Unorganized/en/Domestic_Terrorism_Memo_Targets_Anti_Christians_&_Anti_Americans.txt	none		text	Captain	Captain Mattathias	2025-12-11	en	WOTW_Captain Mattathias_12/11/25_Domestic Terrorisim					
text/Unorganized/en/Donald Trump, Redadas de ICE e Inmigración (1).txt	none		text				es	Donald Trump, Redadas de ICE e Inmigración					
text/Unorganized/en/ESCP_2_0_The_House_Of_The_Thief_&_The_C_I_A_compressed.txt	probable	CEJm2h6abUA	text				en	ESCP 2.0 - The House Of The Thief & The C.I.A.	0.362	0.378			
text/Unorganized/en/El Ascenso de un Gobierno Invisible (1).txt	none		text (weak)	Bishop	Bishop Nathanyel		es	El Ascenso de un Gobierno Invisible					
text/Unorganized/en/El Camino Que Lleva A La Perdición.txt	none		text				es	El Camino Que Lleva A La Perdición					
text/Unorganized/en/El Día Del Señor - Prepárate_compressed.txt	none		text				es	El Día Del Señor: Prepárate					
text/Unorganized/en/El Gran Odio Contra Los Latinos_compressed.txt	none		text				es	El Gran Odio Contra Los Latinos					
text/Unorganized/en/El Mundo Se Acaba Y El Latino Sigue Ciego_compressed (2).txt	none		text				es	El Mundo Se Acaba Y El Latino Sigue Ciego					
text/Unorganized/en/El Mundo Se Acaba Y El Latino Sigue Ciego_compressed.txt	none		text				es	El Mundo Se Acaba Y El Latino Sigue Ciego					
text/Unorganized/en/El Sacrificio De Comunicación.txt	none		text				es	El Sacrificio De Comunicación					
text/Unorganized/en/Escape Labor Day 09.04.2023.txt	none		text	Deacon	Deacon Isaac	2023-09-04	en	Escape Labor Day 09.04.2023					
text/Unorganized/en/Escape Labor Day_09_01_2025_Polygamy_compressed.txt	match	wsSnoqmA0SU	text	Deacon	Deacon Eythan	2025-09-01	en	Escape Labor Day_09/01/2025_Polygamy	0.46	0.452	_npmn12VlmQ		
text/Unorganized/en/Escaping 4th Of July_compressed (2).txt	none		text	Deacon	Deacon Malachiyah		en	Escaping 4th Of July					
text/Unorganized/en/Escaping 4th Of July_compressed.txt	none		text	Deacon	Deacon Malachiyah		en	Escaping 4th Of July					
text/Unorganized/en/Escaping Labour Day _09072026_compressed.txt	match	Q4vL3X9huPQ	text	Deacon	Deacon Eythan	2026-09-07	en	Escaping Labour Day |09	0.694	0.602			
text/Unorganized/en/Escaping The Plantation 2.0 - 8.24.2026_compressed.txt	match	sDkUF9Qe6eA	text	Captain	Captain Gedaliah	2026-08-24	en	Escaping The Plantation 2.0 - 8.24.2026	0.783	0.485			
text/Unorganized/en/Escaping The Plantation_08.17.26__compressed.txt	match	E8s2FOluXeo	text	Captain	Captain Gedaliah	2026-08-17	en	Escaping The Plantation_08.17.26_	0.774	0.698			
text/Unorganized/en/Escaping The Prison of Lust 2_compressed.txt	match	UWRcH_hW7zo	text	Bishop	Bishop Kani		en	Escaping The Prison of Lust	0.657	0.346			
text/Unorganized/en/Escaping_The_Plantation_A_Black_God_That_Rules_In_The_Kingdoms_Of.txt	match	Uttu9shmjyk	text	Captain	Captain Gedaliah	2026-08-31	en	Escaping The Plantation_A Black God That Rules In The Kingdoms Of Men_08/31/2026	0.778	0.635	pbX8F7GWnb8		
text/Unorganized/en/Escaping_the_Plantation_2_0_07_07_2025_The_Abrahamic_Family_House (2).txt	match	vmN92E07Gw0	text			2025-07-07	en	Escaping the Plantation 2.0_ 07/07/2025_The Abrahamic Family House And The Hatred For Jesus	0.774	0.38			
text/Unorganized/en/Escaping_the_Plantation_2_0_07_07_2025_The_Abrahamic_Family_House.txt	match	vmN92E07Gw0	text			2025-07-07	en	Escaping the Plantation 2.0_ 07/07/2025_The Abrahamic Family House And The Hatred For Jesus	0.774	0.38			
text/Unorganized/en/Escaping_the_Plantation_2_0_07_14_2025_Lucifer_The_Light_Bearer.txt	match	cdpgk1FUrUQ	text			2025-07-14	en	Escaping the Plantation 2.0_ 07/14/2025_Lucifer The Light Bearer & Don't Listen To Black Women	0.725	0.532			
text/Unorganized/en/Escaping_the_Plantation_2_0_08_11_2025_Christianity_is_Falling_Fast.txt	match	QWsWICmPvQg	text			2025-08-11	en	Escaping the Plantation 2.0_08/11/2025_Christianity is Falling Fast	0.735	0.447			
text/Unorganized/en/Escaping_the_Plantation_2_0_08_18_2025_The_American_Fire_Is_Kindled.txt	match	-h1Sf-OXPlI	text			2025-08-18	en	Escaping the Plantation 2.0_08/18/2025_The American Fire Is Kindled	0.692	0.502			
text/Unorganized/en/Escaping_the_Plantation_2_0_08_25_2025_The_Judgement_for_a_Rapist.txt	match	i9br0SAXz94	text			2025-08-25	en	Escaping the Plantation 2.0_08/25/2025_The Judgement for a Rapist and Trauma Triggers	0.685	0.553			
text/Unorganized/en/Escaping_the_Plantation_2_0_08_4_2025_The_Golden_Dome_And_The_Space.txt	match	DaH2r-HL73U	text	Captain	Captain Gedaliah	2025-08-04	en	Escaping the Plantation 2.0_ 08/4/2025_The Golden Dome And The Space Warfare	0.785	0.512			
text/Unorganized/en/Escaping_the_Plantation_2_0_10_06_2025_Esau,_Rome,_and_America_Do.txt	match	xKYG3eQdIO0	text			2025-10-06	en	Escaping the Plantation 2.0_10/06/2025_ Esau, Rome, and America: Do Edomites Still Exist?	0.595	0.581			
text/Unorganized/en/Escaping_the_Plantation_2_0_10_13_2025_2819_ACCESS_DENIED_compressed.txt	match	-p0LHge2K_8	text	Captain	Captain Josiah	2025-10-13	en	Escaping the Plantation 2.0_10/13/2025_ 2819 ACCESS DENIED	0.719	0.418			
text/Unorganized/en/Escaping_the_Plantation_2_0_10_20_2025_Worship_of_the_First_Beast.txt	match	ZwqESYdYIPw	text			2025-10-20	en	Escaping the Plantation 2.0_10/20/2025_ Worship of the First Beast	0.768	0.358			
text/Unorganized/en/Escaping_the_Plantation_2_0_10_27_2025_Pam’s_Seven_Year_Lie_And.txt	match	kpESj5pCjes	text			2025-10-27	en	Escaping the Plantation 2.0_10/27/2025_ Pam’s Seven Year Lie And Daniel’s Vision Seen Clearly	0.669	0.375			
text/Unorganized/en/Escaping_the_Plantation_2_0_11_03_2025_IUIC_Making_the_Block_Hot.txt	match	A54U6WpVTX0	text			2025-11-03	en	Escaping the Plantation 2.0_11/03/2025_ IUIC Making the Block Hot	0.693	0.551			
text/Unorganized/en/Escaping_the_Plantation_2_0_11_10_2025_Anti_Christian_Nationalism.txt	none		text (weak)	Bishop	Bishop Nathanyel	2025-11-10	en	Escaping the Plantation 2.0_11/10/2025_ Anti-Christian Nationalism = Anti-American					
text/Unorganized/en/Escaping_the_Plantation_2_0_11_17_2025_The_Roots_of_Theology_and (2).txt	match	PJKos9c0qjU	text			2025-11-17	en	Escaping the Plantation 2.0_11/17/2025_ The Roots of Theology and Orthodoxy	0.739	0.49			
text/Unorganized/en/Escaping_the_Plantation_2_0_11_17_2025_The_Roots_of_Theology_and.txt	match	PJKos9c0qjU	text			2025-11-17	en	Escaping the Plantation 2.0_11/17/2025_ The Roots of Theology and Orthodoxy	0.739	0.49			
text/Unorganized/en/Escaping_the_Plantation_2_0_11_24_2025_The_Age_of_Deception_Christianity.txt	match	4kVqDhArPuc	text			2025-11-24	en	Escaping the Plantation 2.0_11/24/2025_ The Age of Deception: Christianity and Social Media	0.671	0.538			
text/Unorganized/en/Escaping_the_Plantation_2_0_12_1_2025_THE_LIES_OF_CHRISTIANITY_&.txt	probable	f3fLM9UikQ8	text			2025-12-01	en	Escaping the Plantation 2.0_12/1/2025_ THE LIES OF CHRISTIANITY & THE TRUE DOCTRINE OF CHRIST	0.379	0.279			
text/Unorganized/en/Escaping_the_Plantation_2_0_12_8_2025_THE_NUMBER_OF_HIS_NAME_666.txt	match	-SttC7ytVk4	text	Captain	Captain Gedaliah	2025-12-08	en	Escaping the Plantation 2.0_12/8/2025_ THE NUMBER OF HIS NAME 666 (DLTBW)	0.709	0.447			
text/Unorganized/en/Escaping_the_Plantation_2_0_1_12_2026_Beware_The_King_Is_Coming.txt	match	mzi8h1THjGo	text	Captain	Captain Gedaliah	2026-01-12	en	Escaping the Plantation 2.0_1/12/2026_ Beware The King Is Coming	0.703	0.41			
text/Unorganized/en/Escaping_the_Plantation_2_0_1_19_2026_The_Administration_of_Desolation.txt	match	dK458hj59ms	text	Captain	Captain Gedaliah	2026-01-19	en	Escaping the Plantation 2.0_1/19/2026_ The Administration of Desolation	0.691	0.593			
text/Unorganized/en/Escaping_the_Plantation_2_0_1_5_2026_BLACK_&_BROWN_BODIES_A_WORLD.txt	match	XJdhztdaKmM	text	Captain	Captain Gedaliah	2026-01-05	en	Escaping the Plantation 2.0_1/5/2026_ BLACK & BROWN BODIES A WORLD WIDE COMMODITY	0.705	0.575			
text/Unorganized/en/Escaping_the_Plantation_2_0_3_09_2026_Stars_Falling_from_Heaven.txt	match	KrwUsN2RhjQ	text	Captain	Captain Gedaliah	2026-03-09	en	Escaping the Plantation 2.0_3/09/2026_ Stars Falling from Heaven	0.711	0.455			
text/Unorganized/en/Escaping_the_Plantation_2_0_3_23_2026_The_War_of_Blasphemy_compressed.txt	match	q62urS5o-Ns	text	Captain	Captain Gedaliah	2026-03-23	en	Escaping the Plantation 2.0_3/23/2026_  The War of Blasphemy	0.811	0.478			
text/Unorganized/en/Escaping_the_Plantation_2_0_3_30_2026_America_Will_Never_Be_The.txt	match	oT8MQ1J8tsQ	text	Captain	Captain Gedaliah	2026-03-30	en	Escaping the Plantation 2.0_3/30/2026_  America Will Never Be The Same: No Kings Protest	0.754	0.44			
text/Unorganized/en/Escaping_the_Plantation_2_0_4_27_2026_IUIC_Blitzed_the_World_Again.txt	match	4JeKvUTgHTs	text	Captain	Captain Gedaliah	2026-04-27	en	Escaping the Plantation 2.0_4/27/2026_IUIC Blitzed the World Again	0.451	0.308			
text/Unorganized/en/Escaping_the_Plantation_2_0_Adverse_Childhood_Experiences=The_Curse (2).txt	match	S20CilCl2XA	text	Captain	Captain Gedaliah	2026-06-08	en	Escaping the Plantation 2.0_Adverse Childhood Experiences=The Curse of the Law_06/08/2026	0.721	0.532			
text/Unorganized/en/Escaping_the_Plantation_2_0_Adverse_Childhood_Experiences=The_Curse.txt	match	S20CilCl2XA	text	Captain	Captain Gedaliah	2026-06-08	en	Escaping the Plantation 2.0_Adverse Childhood Experiences=The Curse of the Law_06/08/2026	0.721	0.532			
text/Unorganized/en/Escaping_the_Plantation_America_Lynchings_and_Black_Mental_Health.txt	match	E8s2FOluXeo	text	Captain	Captain Gedaliah	2026-08-17	en	Escaping the Plantation_America Lynchings and Black Mental Health_08/17/2026	0.785	0.691			
text/Unorganized/en/Escaping_the_Plantation_Beneath_The_Eagle's_Shadow_What_We_See_But.txt	match	dd_W0ZWRUDY	text			2026-06-22	en	Escaping the Plantation_Beneath The Eagle's Shadow What We See But Cannot Say_06/22/2026	0.69	0.699			
text/Unorganized/en/Escaping_the_Plantation_The_Psychology_of_Modern_Idolatry_05_11.txt	match	r6jnYwDflx0	text			2026-05-11	en	Escaping the Plantation_The Psychology of Modern Idolatry_05/11/2026	0.663	0.589			
text/Unorganized/en/FCN 02062025.txt	none		text			2025-02-06	en	FCN 02062025					
text/Unorganized/en/FCN God’s Plan in Trump’s Hand.txt	none		text				en	FCN God’s Plan in Trump’s Hand					
text/Unorganized/en/FCN Slaves Obey Your Master….txt	none		text				en	FCN Slaves Obey Your Master…					
text/Unorganized/en/FCN_ BABYLON SKIRT IS BEING LIFTED EP 419_01222026.txt	none		text			2026-01-22	en	FCN_ BABYLON SKIRT IS BEING LIFTED EP 419_01222026					
text/Unorganized/en/FCN_ Divide & Conquer_ Weapons of Mass Destruction.txt	none		text				en	FCN: Divide & Conquer: Weapons of Mass Destruction					
text/Unorganized/en/FCN_ Easter Sunday, The Math Ain’t Mathing.txt	none		text				en	FCN: Easter Sunday, The Math Ain’t Mathing					
text/Unorganized/en/FCN_ From Persecution to Power_08072025_compressed.txt	none		text	Captain	Captain Tobias	2025-08-07	en	FCN: From Persecution to Power_08072025					
text/Unorganized/en/FCN_ Hated and Despised Nation 09102026.txt	none		text			2026-09-10	en	FCN: Hated and Despised Nation 09102026					
text/Unorganized/en/FCN_ Medical Apartheid.txt	none		text				en	FCN: Medical Apartheid					
text/Unorganized/en/FCN_ THE PERILS AND IMPOSSIBILITIES OF BEING A MAN.txt	none		text				en	FCN: THE PERILS AND IMPOSSIBILITIES OF BEING A MAN					
text/Unorganized/en/FCN_ THROUGH THE EYES OF WHITE PEOPLE_17July2025_compressed.txt	none		text	Captain	Captain Tobias		en	FCN: THROUGH THE EYES OF WHITE PEOPLE_17July2025					
text/Unorganized/en/FCN_ The Stage is Set Joel 3_compressed.txt	none		text				en	FCN: The Stage is Set Joel 3					
text/Unorganized/en/FCN_ WHERE TRUTH SPEAKS EP 422_IUIC MIAMI_08272026.txt	none		text			2026-08-27	en	FCN: WHERE TRUTH SPEAKS EP 422_IUIC MIAMI_08272026					
text/Unorganized/en/FCN_LORD,_OPEN_THE_EARS_OF_YOUR_PEOPLE_IN_THIS_OPPRESSION_EP_414.txt	none		text			2025-12-11	en	FCN: LORD, OPEN THE EARS OF YOUR  PEOPLE IN THIS OPPRESSION | EP 414 _12112025					
text/Unorganized/en/FCN_THE_WORST_OF_THE_HEATHEN_MEN_IN_BLACK_EP_408_09042025_compressed.txt	none		text			2025-09-04	en	FCN: THE WORST OF THE HEATHEN MEN IN BLACK EP 408 09042025					
text/Unorganized/en/FCN_TRUMP’S_GAZA,_THE_CHRISTIAN’S_CULT_AND_SALVATION_EP_412_10232025.txt	none		text			2025-10-23	en	FCN: TRUMP’S GAZA, THE CHRISTIAN’S  CULT AND SALVATION | EP 412 _ 10232025					
text/Unorganized/en/FCN_WE ARE OUR OWN WORST ENEMY_03262026.txt	none		text			2026-03-26	en	FCN_WE ARE OUR OWN WORST ENEMY_03262026					
text/Unorganized/en/FCN_WHEN_THE_LOVE_OF_BRETHERN_WAX_COLD!!_06262025_FCN_compressed.txt	none		text			2025-06-26	en	FCN: WHEN THE LOVE OF BRETHERN WAX COLD!!_06262025_FCN					
text/Unorganized/en/FCN_WHITED_SEPULCHER’S_FULL_OF_DEAD_MAN’S_BONES_E_P_413_11062025.txt	none		text			2025-11-06	en	FCN: WHITED SEPULCHER’S FULL OF DEAD MAN’S BONES E.P. 413_11062025					
text/Unorganized/en/FINAL ESCP 2.0 (Air Date_ June 16, 2025)_compressed.txt	match	TrZ6giASNk4	text			2025-06-16	en	FINAL ESCP 2.0 (Air Date: June 16, 2025)	0.797	0.531			
text/Unorganized/en/Feast Of Pentecost _06_compressed.txt	match	QjcvHQtrDrw	text	Bishop	Bishop Kani		en	Feast Of Pentecost |06	0.657	0.651			
text/Unorganized/en/Feast Of Unleavened Bread Class  _04192026_compressed.txt	match	D6rveJsP3f8	text	Deacon	Deacon Malachiyah	2026-04-19	en	Feast Of Unleavened Bread Class  |04	0.667	0.369			
text/Unorganized/en/For_The_Accuser_of_Our_Brethren_The_Real_Hate_Group_compressed.txt	none		text	Captain	Captain Nahshon		en	For The Accuser of Our Brethren: The Real Hate Group					
text/Unorganized/en/Four Corners News Restoring a Broken Nation_compressed.txt	none		text				en	Four Corners News Restoring a Broken Nation					
text/Unorganized/en/Four Corners News.txt	none		text				en	Four Corners News					
text/Unorganized/en/Four_Corners_News_OuttheSpiritAirlinesisGoneand304sGoneWitchcraft.txt	none		text			2026-05-07	en	Four Corners News_OuttheSpiritAirlinesisGoneand304sGoneWitchcraft_05072026					
text/Unorganized/en/Four_Corners_News_Revisiting_Judgments_from_God_2024_compressed.txt	none		text				en	Four Corners News: Revisiting Judgments from God 2024					
text/Unorganized/en/Four_Corners_News_SorryNotSorry!!GodSeesTheHateEP434_IUIC_Miami.txt	none		text				en	Four Corners News_SorryNotSorry!!GodSeesTheHateEP434_IUIC Miami					
text/Unorganized/en/Four_Corners_News_WorldwidePrayerForDestuction_July4thEP436_06182026.txt	none		text			2026-06-18	en	Four Corners News_WorldwidePrayerForDestuction:July4thEP436_06182026					
text/Unorganized/en/Friendly Fire.txt	match	V15SsIfBV5I	text	Captain	Captain Erel		en	Friendly Fire	0.6	0.386			
text/Unorganized/en/Gather Together O Nation Not Desired_compressed.txt	none		text				en	Gather Together O Nation Not Desired					
text/Unorganized/en/Gods Memorial The Smoke of Her Torment-compressed.txt	match	bTIDQaB-zgE	text	Deacon	Deacon Malachiyah		en	Gods Memorial: The Smoke of Her Torment	0.643	0.415			
text/Unorganized/en/Gods Memorial_ The Smoke of Her Torment.txt	match	bTIDQaB-zgE	text	Deacon	Deacon Malachiyah		en	Gods Memorial: The Smoke of Her Torment	0.693	0.423			
text/Unorganized/en/Guerra Moderna_compressed (2).txt	none		text				es	Guerra Moderna					
text/Unorganized/en/Guerra Moderna_compressed.txt	none		text				es	Guerra Moderna					
text/Unorganized/en/Honestidad Y Hermandad Engaños De La Mente (1)_compressed.txt	none		text				es	Honestidad Y Hermandad Engaños De La Mente					
text/Unorganized/en/I Will Mock When Your Fear Cometh _compressed.txt	none		text				en	I Will Mock When Your Fear Cometh					
text/Unorganized/en/IN THE SCRIPTS RELOADED Trade Wars 02_04_25.txt	none		text			2025-02-04	en	IN THE SCRIPTS RELOADED Trade Wars 02/04/25					
text/Unorganized/en/IN_THE_SCRIPTS_RELOADED_07_22_25_CHRISTIANITY_CAUSED_THIS_compressed.txt	none		text	Bishop	Bishop Nathanyel	2025-07-22	en	IN THE SCRIPTS RELOADED_07/22/25_CHRISTIANITY CAUSED THIS					
text/Unorganized/en/IN_THE_SCRIPTS_RELOADED_10_14_25_The_Great_Commission_Warring_For.txt	none		text			2025-10-14	en	IN THE SCRIPTS RELOADED_10/14/25_The Great Commission Warring For Souls					
text/Unorganized/en/IN_THE_SCRIPTS_RELOADED_Burn_Hollyweird_Burn_01_14_25_compressed.txt	none		text			2025-01-14	en	IN THE SCRIPTS RELOADED Burn Hollyweird Burn  01/14/25					
text/Unorganized/en/ITSR  _08_18_26_ Proud To Be African American_compressed.txt	none		text			2026-08-18	en	ITSR  _08/18/26_ Proud To Be African American					
text/Unorganized/en/ITSR _ 09_15_26_ Who Can Heal America__compressed.txt	none		text			2026-09-15	en	ITSR | 09/15/26_ Who Can Heal America?					
text/Unorganized/en/ITSR _ _01_06_2026__compressed.txt	none		text			2026-01-06	en	ITSR | _01/06/2026_					
text/Unorganized/en/ITSR _ _09_08_26_ Caucasians Are the Problem_compressed.txt	none		text			2026-09-08	en	ITSR | _09/08/26_ Caucasians Are the Problem					
text/Unorganized/en/ITSR _ _10_21_25_Christianity is the Antichrist.txt	none		text			2025-10-21	en	ITSR | _10/21/25_Christianity is the Antichrist					
text/Unorganized/en/ITSR _ _10_28_25_Vain Talkers & Decievers_compressed.txt	none		text			2025-10-28	en	ITSR | _10/28/25_Vain Talkers & Decievers					
text/Unorganized/en/ITSR _06_23_26_The Weakness of Black Power.txt	none		text			2026-06-23	en	ITSR _06/23/26_The Weakness of Black Power					
text/Unorganized/en/ITSR _09.01.26_What Will the Last Days Look Like__compressed.txt	none		text			2026-09-01	en	ITSR _09.01.26_What Will the Last Days Look Like?					
text/Unorganized/en/ITSR_  13th May 2025_compressed.txt	none		text				en	ITSR:  13th May 2025					
text/Unorganized/en/ITSR_  Black Achievement = White Oppression_compressed (2).txt	none		text				en	ITSR:  Black Achievement = White Oppression					
text/Unorganized/en/ITSR_  Black Achievement = White Oppression_compressed.txt	none		text				en	ITSR:  Black Achievement = White Oppression					
text/Unorganized/en/ITSR_  World War Against the Truth_compressed.txt	none		text				en	ITSR:  World War Against the Truth					
text/Unorganized/en/ITSR_ Black Christians_ The Death of a Nation.txt	none		text				en	ITSR: Black Christians: The Death of a Nation					
text/Unorganized/en/ITSR_01_13_26_BRICS+_Coalition_NATO_US_Saga_Plan_Andinia_Motives.txt	none		text			2026-01-13	en	ITSR _01/13/26_  BRICS+ Coalition | NATO-US Saga | Plan Andinia Motives					
text/Unorganized/en/ITSR_05_12_26_Epstein_Files_Shutdown_Iran_Won_Collapse_of_Rome_compressed.txt	none		text			2026-05-12	en	ITSR _05.12.26_ Epstein Files Shutdown | Iran Won | Collapse of Rome					
text/Unorganized/en/ITSR_06_09_26_Albania_Elon_Musk_Gerrymandering_SA_The_Australian.txt	none		text			2026-06-09	en	ITSR _06.09.26_ Albania | Elon Musk Gerrymandering SA | The Australian experiment					
text/Unorganized/en/ITSR_06_16_26_Karmelo_&_Cyrus_The_Scales_of_Injustice_compressed.txt	none		text			2026-06-16	en	ITSR_06/16/26_ Karmelo & Cyrus | The Scales of Injustice					
text/Unorganized/en/ITSR_07_28_26_Ratlines_Odessa_Network_Dissecting_Mr_Wells_Autopsy.txt	none		text			2026-07-28	en	ITSR  _07/28/26_ | Ratlines | Odessa Network |  Dissecting Mr. Wells Autopsy					
text/Unorganized/en/ITSR_11_25_25_The_Black_Apologetic_Deception_Apple's_Digital_ID.txt	none		text			2025-11-25	en	ITSR | _11/25/25_ The Black Apologetic Deception | Apple's Digital ID | YN Madness					
text/Unorganized/en/ITSR_12_09_25_Social_Media_Weaponized_Evils_of_the_Israelis_Trump.txt	none		text			2025-12-09	en	ITSR |_12/09/25_ Social Media Weaponized | Evils of the Israelis | Trump As Ceasar					
text/Unorganized/en/ITSR_12_16_25_Same_Propaganda_Different_War_The_Abraham_Accords.txt	none		text			2025-12-16	en	ITSR | _12/16/25_ Same Propaganda Different War? |  The Abraham Accords |  Israeli Trained Apologist					
text/Unorganized/en/ITSR_1_20_26_Esau's_GOD_Gold,_Oil,_Drugs_American_Hegemony_NATO.txt	none		text			2026-01-20	en	ITSR _1/20/26_ Esau's GOD/Gold, Oil, Drugs | American Hegemony | NATO is fed up with https://youtu					
text/Unorganized/en/ITSR_False_Prophets,_Protests,_and_The_End_Of_The_World_06_17_25.txt	none		text			2025-06-17	en	ITSR | False Prophets, Protests, and The End Of The World 06/17/25					
text/Unorganized/en/ITSR_War_For_Oil_Trigger_Word_Regime_Change_03_10_26_False_Flag.txt	none		text			2026-03-10	en	ITSR | War For Oil | Trigger Word: Regime Change |_03/10/26_ False Flag Tactics					
text/Unorganized/en/IUIC Creole_ sabbath Class_compressed.txt	none		text				en	IUIC Creole_ sabbath Class					
text/Unorganized/en/IUICGastonia-BBOOF-Redemption of a Nation-110824_compressed.txt	none		text			2024-11-08	en	IUICGastonia-BBOOF-Redemption of a Nation-110824					
text/Unorganized/en/IUIC_Gastonia_The_Bible_Book_of_Our_Fathers_Traditions_of_Sacrifice.txt	none		text				en	IUIC_Gastonia_The_Bible_Book_of_Our_Fathers_Traditions_of_Sacrifice					
text/Unorganized/en/In_The_Scripts_Reloaded_07_08_25_Current_Events_July_8_2025_compressed (2).txt	none		text			2025-07-08	en	In The Scripts Reloaded:_07/08/25_Current Events July 8 2025					
text/Unorganized/en/In_The_Scripts_Reloaded_07_08_25_Current_Events_July_8_2025_compressed.txt	none		text			2025-07-08	en	In The Scripts Reloaded:_07/08/25_Current Events July 8 2025					
text/Unorganized/en/La AmbiciÃ³n De Un Profeta_compressed.txt	none		text				es	La Ambición De Un Profeta					
text/Unorganized/en/La Batalla En Tu Mente.txt	none		text				es	La Batalla En Tu Mente					
text/Unorganized/en/La Fuerza De Un Matrimonio Puro_compressed.txt	none		text				es	La Fuerza De Un Matrimonio Puro					
text/Unorganized/en/La Lucha De Estar Soltero_compressed.txt	none		text				es	La Lucha De Estar Soltero					
text/Unorganized/en/La NormalizaciÃ³n De La Inmoralidad Sexual.txt	none		text				es	La Normalización De La Inmoralidad Sexual					
text/Unorganized/en/La Restauración Del Matrimonio Y La Familia Israelita.txt	none		text				es	La Restauración Del Matrimonio Y La Familia Israelita					
text/Unorganized/en/Liderazgo, Autoridad, Responsabilidad Y Servicio _compressed.txt	none		text				es	Liderazgo: Autoridad, Responsabilidad Y Servicio					
text/Unorganized/en/Life After Death.txt	match	-wv8kI8352Y	text	Deacon	Deacon Malachiyah		en	Life After Death	0.666	0.28			
text/Unorganized/en/Lleno del Espiritu Santo (2).txt	none		text	Bishop	Bishop Kani		es	Lleno del Espiritu Santo					
text/Unorganized/en/Los Gobernantes De Las Tinieblas En Este Mundo_compressed.txt	none		text	Captain	Captain Abiel		es	Los Gobernantes De Las Tinieblas En Este Mundo					
text/Unorganized/en/MAN_UP_MONDAYS_ladies_and_waiting_Sarah‘s_charm_school_part_two.txt	none		text	Captain	Captain Joel		en	MAN UP MONDAYS : ladies and waiting Sarah‘s charm school part two					
text/Unorganized/en/MLK DAY The Evolution Of Revolutionaries January 20, 2025.txt	match	2iTTN9QdCgc	text			2025-01-20	en	MLK DAY The Evolution Of Revolutionaries January 20, 2025	0.665	0.606			
text/Unorganized/en/Man Up Mondays   _01_compressed.txt	none		text	Captain	Captain Joel		en	Man Up Mondays   |01					
text/Unorganized/en/Man Up Mondays  - 08_compressed.txt	none		text	Captain	Captain Joel		en	Man Up Mondays  - 08					
text/Unorganized/en/Man Up Mondays  _ 08_compressed.txt	none		text	Officer	Officer Shealtiel		en	Man Up Mondays  | 08					
text/Unorganized/en/Man Up Mondays  _03302026_compressed.txt	none		text	Officer	Officer Jahleel	2026-03-30	en	Man Up Mondays  |03					
text/Unorganized/en/Man Up Mondays  _04272026_compressed 2.txt	none		text	Officer	Officer Jahleel	2026-04-27	en	Man Up Mondays  |04					
text/Unorganized/en/Man Up Mondays  _04272026_compressed.txt	none		text	Officer	Officer Jahleel	2026-04-27	en	Man Up Mondays  |04					
text/Unorganized/en/Man Up Mondays  _06_compressed.txt	none		text	Officer	Officer Jahleel		en	Man Up Mondays  |06					
text/Unorganized/en/Man Up Mondays _ 04_compressed.txt	none		text	Captain	Captain Joel		en	Man Up Mondays | 04					
text/Unorganized/en/Man Up Mondays _ 06_compressed (2).txt	none		text				en	Man Up Mondays | 06					
text/Unorganized/en/Man Up Mondays _ 06_compressed.txt	none		text				en	Man Up Mondays | 06					
text/Unorganized/en/Man Up Mondays _ 10.txt	none		text				en	Man Up Mondays | 10					
text/Unorganized/en/Man Up Mondays _01_compressed.txt	none		text	Captain	Captain Joel		en	Man Up Mondays |01					
text/Unorganized/en/Man Up Mondays _06_compressed.txt	none		text	Officer	Officer Jahleel		en	Man Up Mondays |06					
text/Unorganized/en/Man Up Mondays _08312026_compressed.txt	none		text	Officer	Officer Jezreel	2026-08-31	en	Man Up Mondays |08312026					
text/Unorganized/en/Man Up Mondays11.10.25_compressed.txt	none		text	Captain	Captain Joel	2025-11-10	en	Man Up Mondays|11					
text/Unorganized/en/Man Up Mondays_06_29_2025_Why America Puts Israel First.txt	none		text			2025-06-29	en	Man Up Mondays_06_29_2025_Why America Puts Israel First					
text/Unorganized/en/Marriage_and_the_Enemy_of_Salvation_at_the_Foundation_compressed.txt	none		text	Bishop	Bishop Yawasap		en	Marriage and the Enemy of Salvation at the Foundation.					
text/Unorganized/en/Mass_LAYOFFS_Are_Coming_Fat_Joe_Uses_N_Word_Africa’s_True_Size_WOTW.txt	none		text				en	Mass LAYOFFS Are Coming | Fat Joe Uses N-Word | Africa’s True Size | WOTW Ep 196					
text/Unorganized/en/Morning Sabbath Class (1).txt	match	oG4F-_Gu-3c	text	Captain	Captain Matthew		en	Morning Sabbath Class	0.751	0.473			
text/Unorganized/en/Morning Sabbath Class_The Beauty And The Beast_compressed.txt	match	gTc6TQLSDrI	text	Captain	Captain Mattathias		en	The Beauty And The Beast	0.921	0.596			
text/Unorganized/en/NEW MOON 6.4.23 .txt	match	yVdYcVu3RDs	text	Deacon	Deacon Malachiyah	2023-06-04	en	NEW MOON 6.4.23	0.635	0.221			
text/Unorganized/en/NEW MOON CLASS 07.03.2023.txt	match	vOo_GOW8eEM	text	Deacon	Deacon Malachiyah	2023-07-03	en	NEW MOON CLASS 07.03.2023	0.686	0.018			
text/Unorganized/en/Negro Rivalry or A Prophets Reward.txt	none		text				en	Negro Rivalry or A Prophets Reward					
text/Unorganized/en/New Moon 02.06.2023 .txt	match	Lmjwv2VRO9g	text	Deacon	Deacon Malachiyah	2023-02-06	en	New Moon 02.06.2023	0.589	0.235			
text/Unorganized/en/New_Moon_Class_Edom_TheRobbersOfThyPeopleRevealed_PastAndPresent.txt	match	E7-T_cAwLUc	text	Deacon	Deacon Eythan	2026-04-02	en	New Moon Class_Edom: TheRobbersOfThyPeopleRevealed:PastAndPresent_04022026	0.58	0.732			
text/Unorganized/en/New_Moon_Class_The_Hammer_of_God_and_the_7_Arch_Angels_Part_2 (2).txt	match	v1YtEQHhXxU	text	Deacon	Deacon Malachiyah		en	New Moon Class - The Hammer of God and the 7 Arch Angels Part 2	0.596	0.044			
text/Unorganized/en/New_Moon_Class_The_Hammer_of_God_and_the_7_Arch_Angels_Part_2.txt	match	v1YtEQHhXxU	text	Deacon	Deacon Malachiyah		en	New Moon Class - The Hammer of God and the 7 Arch Angels Part 2	0.596	0.044			
text/Unorganized/en/No Estás Solo, Es Una Labor Colectiva_compressed.txt	none		text				es	No Estás Solo, Es Una Labor Colectiva					
text/Unorganized/en/No Soy De Este Mundo.txt	none		text				es	No Soy De Este Mundo					
text/Unorganized/en/Noon_Sabbath_Class_The_Mind_of_Mattathias_Let's_Search_the_Scriptures.txt	match	JCE0PnbRYB8	text	Captain	Captain Shem		en	The Mind of Mattathias: Let's Search the Scriptures- Captain Shem, 6 Dec 2025	0.468	0.331			
text/Unorganized/en/OHH 05.21.2023-compressed (2).txt	match	sXAmvsngAtU	text			2023-05-21	en	OHH 05.21.2023	0.482	0.48	zpsPlPQKWJ4		
text/Unorganized/en/OHH 05.21.2023-compressed.txt	match	sXAmvsngAtU	text			2023-05-21	en	OHH 05.21.2023	0.482	0.48	zpsPlPQKWJ4		
text/Unorganized/en/OHH 08.27.2023.txt	match	nBXGWQ8L7CY	text			2023-08-27	en	OHH 08.27.2023	0.549	0.531	zifMFvI1TV4		
text/Unorganized/en/OHH _ Dark Ages Magnified_compressed.txt	match	Yi63AbFI48Y	text	Deacon	Deacon Eythan		en	OHH | Dark Ages Magnified	0.58	0.531			
text/Unorganized/en/OHH _ The Mandingos and The Moors.txt	probable	8vv8lyh-KvA	text	Deacon	Deacon Eythan		en	OHH | The Mandingos and The Moors	0.408	0.559			
text/Unorganized/en/OHH _ The Robbers of Lands and People, P2.txt	match	LyiT7SYHXvg	text	Deacon	Deacon Eythan		en	OHH | The Robbers of Lands and People, P2	0.464	0.677	uUQsMXbKo7Y		
text/Unorganized/en/OHH _ The Robbers of Lands and People, Part 3.txt	match	EwwDXVmX4o8	text	Deacon	Deacon Eythan		en	OHH | The Robbers of Lands and People, Part 3	0.482	0.495			
text/Unorganized/en/OHH_ECHOES_OF_ROME_THE_MINISTRY_OF_CHRIST_THE_RISE_OF_THE_DISCIPLES (2).txt	match	Y0Nmoj2LMo8	text				en	OHH ECHOES OF ROME: THE MINISTRY OF CHRIST: THE RISE OF THE DISCIPLES PT. 10	0.545	0.641	5q7p_KGEl5Y		
text/Unorganized/en/OHH_ECHOES_OF_ROME_THE_MINISTRY_OF_CHRIST_THE_RISE_OF_THE_DISCIPLES.txt	match	Y0Nmoj2LMo8	text				en	OHH ECHOES OF ROME: THE MINISTRY OF CHRIST: THE RISE OF THE DISCIPLES PT. 10	0.545	0.628	5q7p_KGEl5Y		
text/Unorganized/en/OHH_Echoes_Of_Rome_The_Birth_Of_Christ_The_Rise_of_Tiberius_Caesar.txt	match	JNC_LHNjdVQ	text	Officer	Officer Jezreel		en	OHH_Echoes Of Rome: The Birth Of Christ: The Rise of Tiberius Caesar	0.497	0.456			
text/Unorganized/en/Ohh 9_17_compressed.txt	match	Dg3SVw23XEI	text	Officer	Officer Jezreel		en	Ohh 9/17	0.529	0.694	Z0UV7C8g85I		
text/Unorganized/en/Our Hidden History   _09172026_compressed.txt	match	aX8EU6AxHu8	text	Deacon	Deacon Eythan	2026-09-17	en	Our Hidden History   |09172026	0.412	0.595			
text/Unorganized/en/Our Hidden History  _01_compressed.txt	match	ffxKEbSLscQ	text	Deacon	Deacon Eythan		en	Our Hidden History  |01	0.589	0.73	LUvtkI6YNeQ		
text/Unorganized/en/Our Hidden History  _03_compressed.txt	match	71yu9SCHSrg	text	Deacon	Deacon Eythan		en	Our Hidden History  |03	0.56	0.617			
text/Unorganized/en/Our Hidden History  _12_compressed (1).txt	match	AKFNcvD0N8M	text	Deacon	Deacon Eythan		en	Our Hidden History  |12	0.545	0.483	GfseWzmlczw		
text/Unorganized/en/Our Hidden History 11.09.25_compressed.txt	match	0epH0FomnhI	text	Deacon	Deacon Eythan	2025-11-09	en	Our Hidden History |11	0.656	0.44			
text/Unorganized/en/Our Hidden History _ 06_compressed.txt	match	3qaRY_YZudI	text	Deacon	Deacon Eythan		en	Our Hidden History | 06	0.435	0.522			
text/Unorganized/en/Our Hidden History _03-08-2026_compressed.txt	match	GO8LkmqB-Zw	text	Deacon	Deacon Eythan	2026-03-08	en	Our Hidden History |03	0.626	0.378			
text/Unorganized/en/Our Hidden History _05_compressed.txt	match	dD14D9xttvw	text	Deacon	Deacon Eythan		en	Our Hidden History |05	0.609	0.835			
text/Unorganized/en/Our Hidden History _06_compressed.txt	match	8qe2AlcfBmo	text	Deacon	Deacon Eythan		en	Our Hidden History |06	0.559	0.543			
text/Unorganized/en/Our Hidden History _07_compressed.txt	none		text	Deacon	Deacon Eythan		en	Our Hidden History |07					
text/Unorganized/en/Our Hidden History _08162026_compressed.txt	match	ZZ107oNaliw	text	Deacon	Deacon Eythan	2026-08-16	en	Our Hidden History |08162026	0.464	0.828			
text/Unorganized/en/Our Hidden History _10_compressed (2).txt	match	GXPvA86LJ3Y	text	Deacon	Deacon Eythan		en	Our Hidden History |10	0.565	0.515			
text/Unorganized/en/Our Hidden History _10_compressed.txt	match	GXPvA86LJ3Y	text	Deacon	Deacon Eythan		en	Our Hidden History |10	0.565	0.515			
text/Unorganized/en/Our Hidden History _11.16.25_compressed.txt	match	6OAwL7DmSFQ	text	Deacon	Deacon Eythan	2025-11-16	en	Our Hidden History |11.16.25	0.685	0.507	beaFAC2xxfs		
text/Unorganized/en/Our Hidden History_ 07_compressed (2).txt	match	UVontELjUaQ	text	Deacon	Deacon Eythan		en	Our Hidden History| 07	0.626	0.728	_K5DTarBpBo		
text/Unorganized/en/Our Hidden History_ 07_compressed.txt	match	UVontELjUaQ	text	Deacon	Deacon Eythan		en	Our Hidden History| 07	0.626	0.728	_K5DTarBpBo		
text/Unorganized/en/Our_Hidden_History_Echoes_of_Rome_From_Augustus_Caesar_To_The_Birth (2).txt	none		text	Officer	Officer Jezreel		en	Our Hidden History: Echoes of Rome: From Augustus Caesar To The Birth of Christ Pt 5					
text/Unorganized/en/Our_Hidden_History_Echoes_of_Rome_From_Augustus_Caesar_To_The_Birth.txt	match	sXAmvsngAtU	text	Officer	Officer Jezreel		en	Our Hidden History: Echoes of Rome: From Augustus Caesar To The Birth of Christ Pt 5	0.392	0.537	zpsPlPQKWJ4		
text/Unorganized/en/Our_Hidden_History_Echoes_of_Rome_From_Augustus_Caesar_to_the_Birth (3).txt	match	otSpgCRVxp4	text	Officer	Officer Jezreel		en	Our Hidden History: Echoes of Rome: From Augustus Caesar to the Birth of Christ pt 6	0.786	0.484	5LSoWAeOufo		
text/Unorganized/en/PASSOVER CLOSING 4.26.23_compressed.txt	none		text	Deacon	Deacon Malachiyah	2023-04-26	en	PASSOVER CLOSING 4.26.23					
text/Unorganized/en/PASSOVER OPENING 4.20.23_compressed.txt	none		text	Bishop	Bishop Nathanyel	2023-04-20	en	PASSOVER OPENING 4.20.23					
text/Unorganized/en/POWER_HOUR_PLUS_Compassion_Without_Partiality_Mental_Illness,_Murder.txt	none		text	Deacon	Deacon Yoshua	2026-09-02	en	POWER HOUR PLUS Compassion Without Partiality: Mental Illness, Murder, and the Blood of the Innocent | Deacon Yoshua | 09022026					
text/Unorganized/en/PRECEPT UPON PRECEPT 01_09_25_compressed.txt	none		text	Captain	Captain Shem	2025-01-09	en	PRECEPT UPON PRECEPT 01/09/25					
text/Unorganized/en/PRECEPT UPON PRECEPT__compressed (2).txt	none		text				en	PRECEPT UPON PRECEPT:					
text/Unorganized/en/PRECEPT UPON PRECEPT__compressed.txt	none		text				en	PRECEPT UPON PRECEPT:					
text/Unorganized/en/PRECEPTUPONPRECEPT_01_08_26_THE_HATEFUL_BIRD_THAT_PLUCKED_MADURO.txt	none		text			2026-01-08	en	PRECEPTUPONPRECEPT: _01/08/26_ THE HATEFUL BIRD (THAT PLUCKED MADURO) IS KNOWN TO GOD'S ELECT!					
text/Unorganized/en/PRECEPTUPONPRECEPT_07_30_26_THE_WIDENING_WAR_WAXES_WORSE!_compressed.txt	none		text			2026-07-30	en	PRECEPTUPONPRECEPT: _07/30/26_ THE WIDENING WAR WAXES WORSE!					
text/Unorganized/en/PRECEPTUPONPRECEPT_08_28_25_IT'S_TRUMP_TIME_EDOM'S_ELITE_EXECUTIVE.txt	none		text			2025-08-28	en	PRECEPTUPONPRECEPT: _08/28/25_IT'S TRUMP TIME: EDOM'S ELITE EXECUTIVE ENFORCER					
text/Unorganized/en/PRECEPTUPONPRECEPT_10_01_25_BABYLON_IS_BREAKING_DIVISION_AT_HOME.txt	none		text			2025-10-01	en	PRECEPTUPONPRECEPT_10/01/25_BABYLON IS BREAKING: DIVISION AT HOME AND ABROAD					
text/Unorganized/en/PRECEPTUPONPRECEPT_11_6_25_THE_WEST_IS_TAKING_THE_WHOLE_WEST_compressed.txt	none		text			2025-11-06	en	PRECEPTUPONPRECEPT:_11/6/25_"THE WEST" IS TAKING THE WHOLE WEST					
text/Unorganized/en/PRECEPTUPONPRECEPT_THE_HECTIC_HORMUZ_&_THE_WEAKNING_WEST_compressed.txt	none		text				en	PRECEPTUPONPRECEPT: THE HECTIC HORMUZ & THE WEAKNING WEST					
text/Unorganized/en/PRECEPTUPONPRECEPT_The_Krumbling_Kingdom_Of_Babylon…The_Oscar_Goes.txt	none		text				en	PRECEPTUPONPRECEPT:The Krumbling Kingdom Of Babylon…The Oscar Goes To Trump					
text/Unorganized/en/PRECEPT_UPON_PRECEPT_01_29_26_SHOW_THE_MAYHEM_IN_MINNESOTA_BUT_HIDE.txt	none		text			2026-01-29	en	PRECEPT UPON PRECEPT_01/29/26_ SHOW THE MAYHEM IN MINNESOTA BUT HIDE COLLAPSING CAPITALISM & DESTROYED US DOLLAR					
text/Unorganized/en/PRECEPT_UPON_PRECEPT_07_02_26_THE_DIVIDED_DRAGON_&_THE_AIPAC_WEDGE!.txt	none		text			2026-07-02	en	PRECEPT UPON PRECEPT: _07/02/26_ THE DIVIDED DRAGON & THE AIPAC WEDGE!					
text/Unorganized/en/PRECEPT_UPON_PRECEPT_07_03_25_THE_BIG_BEAUTIFUL_BILL_AND_BUNKER.txt	none		text (weak)			2025-07-03	en	PRECEPT UPON PRECEPT_07/03/25_THE BIG BEAUTIFUL BILL AND BUNKER BUSTING BOMBS					
text/Unorganized/en/PRECEPT_UPON_PRECEPT_09_04_25_BABYLON'S_CROWN_CASTDOWN_THE_PRIDE.txt	none		text			2025-09-04	en	PRECEPT UPON PRECEPT_09/04/25_BABYLON'S CROWN CASTDOWN: THE PRIDE OF BABYLON WILL CEASE!					
text/Unorganized/en/PRECEPT_UPON_PRECEPT_09_10_26_THE_ARAB_EPSTEIN_CLASS_AND_THE_WAR.txt	none		text			2026-09-10	en	PRECEPT UPON PRECEPT: _09/10/26 THE ARAB EPSTEIN CLASS AND THE WAR FOR COMMERCE					
text/Unorganized/en/PRECEPT_UPON_PRECEPT_09_11_25_PRECEPT_UPON_PRECEPT_ARABIAN_DRAGONS.txt	none		text			2025-09-11	en	PRECEPT UPON PRECEPT:_09/11/25_PRECEPT UPON PRECEPT:  ARABIAN DRAGONS COME OUT:  BENJAMIN NETANYAHU WITH MARIONETTES!					
text/Unorganized/en/PRECEPT_UPON_PRECEPT_10_09_25_TRUE_PEACE_IN_THE_MIDDLE_EAST_THE.txt	none		text			2025-10-09	en	PRECEPT UPON PRECEPT:_10/09/25_TRUE PEACE IN THE MIDDLE EAST?  THE PROPHECIES CAN NOT BE BROKEN!					
text/Unorganized/en/PRECEPT_UPON_PRECEPT_12_18_25_THE_TRUMP_OF_WAR_JUDGEMENT_ON_BABYLON.txt	none		text			2025-12-18	en	PRECEPT UPON PRECEPT:_12/18/25_  THE TRUMP OF WAR: JUDGEMENT ON BABYLON THE GREAT!					
text/Unorganized/en/PRECEPT_UPON_PRECEPT_Babylon_vs_BRICS+_The_United_States'_Final.txt	none		text				en	PRECEPT UPON PRECEPT:  Babylon vs. BRICS+: The United States' Final Stand for Global Dollar Dominance!					
text/Unorganized/en/PRECEPT_UPON_PRECEPT_DUN_DUN_DUUUN_IN_ENTERS_TRUMP!_MOST_HIGH_GOD.txt	none		text			2025-01-30	en	PRECEPT UPON PRECEPT: 'DUN...DUN...DUUUN' IN ENTERS TRUMP! MOST HIGH GOD THE MASTER OF CHESS! 01/30/25					
text/Unorganized/en/PRECEPT_UPON_PRECEPT_ICE_GOD’S_WAKE_UP_CALL!_compressed (2).txt	none		text				en	PRECEPT UPON PRECEPT:  ICE: GOD’S WAKE UP CALL!					
text/Unorganized/en/PRECEPT_UPON_PRECEPT_ICE_GOD’S_WAKE_UP_CALL!_compressed.txt	none		text				en	PRECEPT UPON PRECEPT:  ICE: GOD’S WAKE UP CALL!					
text/Unorganized/en/PRECEPT_UPON_PRECEPT_ISHMAEL’S_SONS_PEACEABLE_PRINCES_OR_PATIENT.txt	none		text			2025-05-15	en	PRECEPT UPON PRECEPT:  ISHMAEL’S SONS:  PEACEABLE PRINCES OR PATIENT PLOTTERS 5/15/25					
text/Unorganized/en/PRECEPT_UPON_PRECEPT_THE_CARMANIANS_WAIT_FOR_ARAB_ACTIVATION_PROPHECY!.txt	none		text			2025-06-19	en	PRECEPT UPON PRECEPT:  THE CARMANIANS WAIT FOR ARAB ACTIVATION: PROPHECY! 06/19/25					
text/Unorganized/en/PRECEPT_UPON_PRECEPT_THE_DAY_OF_TRUMP'S_REIGN_APPROACHES_THE_MOST.txt	none		text			2025-01-16	en	PRECEPT UPON PRECEPT  THE DAY OF TRUMP'S REIGN APPROACHES: THE MOST HIGH TO MOVE MEN!  01/16/25					
text/Unorganized/en/PRECEPT_UPON_PRECEPT_THE_KING_OF_BABYLON_TRUMP_CANT_DEAL_HIS_WAY.txt	none		text			2025-03-13	en	PRECEPT UPON PRECEPT THE KING OF BABYLON: TRUMP CAN'T DEAL HIS WAY OUT OF PROPHECY! 03/13/25					
text/Unorganized/en/PRECEPT_UPON_PRECEPT_TRUMP'S_TARIFFS_TREMENDOUS_TRIALS_TO_COME_4.txt	none		text			2025-04-10	en	PRECEPT UPON PRECEPT TRUMP'S TARIFFS: TREMENDOUS TRIALS TO COME 4/10/25					
text/Unorganized/en/PRECEPT_UPON_PRECEPT_TRUMP'S_TUFF_TARIFFS_TANK_04_17_25_compressed.txt	none		text			2025-04-17	en	PRECEPT UPON PRECEPT:  TRUMP'S TUFF TARIFFS TANK 04/17/25					
text/Unorganized/en/PRECEPT_UPON_PRECEPT_TRUMP’S_PEACE_AND_PROSPERITY_WILL_LEAD_TO_BABYLON’S.txt	none		text	Officer	Officer Micah	2025-02-13	en	PRECEPT UPON PRECEPT  TRUMP’S PEACE AND PROSPERITY WILL LEAD TO  BABYLON’S DEATH AND DESTRUCTION 02/13/25					
text/Unorganized/en/PRECEPT_UPON_PRECEPT_TRUMP…MASTER_NEGOTIATOR_OR_PROPHETIC_PUPPET.txt	none		text			2025-02-20	en	PRECEPT UPON PRECEPT  TRUMP…MASTER NEGOTIATOR OR PROPHETIC PUPPET? 02/20/25					
text/Unorganized/en/Passivity_ The Death of Order_compressed.txt	match	T-zFt6TLqhc	text				en	Passivity: The Death of Order	0.606	0.664			
text/Unorganized/en/Passover Class 04.22.2023_compressed.txt	match	Iux2iP0ok6I	text	Bishop	Bishop Nathanyel	2023-04-22	en	Passover Class 04.22.2023	0.625	0.039			
text/Unorganized/en/Pharisees_Study_Notes.txt	none		text				en	(anonymous)					
text/Unorganized/en/Pillars_of_Rest_Sanctuary_or_Cell_Where_Comfort_is_Built_or_Captivity.txt	none		text				en	Pillars of Rest: Sanctuary or Cell Where Comfort is Built or Captivity is Created					
text/Unorganized/en/Power Hour Plus  _06172026_compressed.txt	none		text	Officer	Officer Asher	2026-06-17	en	Power Hour Plus  |06					
text/Unorganized/en/Power Hour Plus _ 06_compressed.txt	none		text	Deacon	Deacon Yoshua		en	Power Hour Plus | 06					
text/Unorganized/en/Power Hour Plus _ 07_compressed.txt	none		text	Deacon	Deacon Yoshua		en	Power Hour Plus | 07					
text/Unorganized/en/Power Hour Plus _07_compressed.txt	none		text	Deacon	Deacon Yoshua		en	Power Hour Plus |07					
text/Unorganized/en/Power_Hour_Plus_The_American_Empire_RÃ©gimen_Change_and_the_Making.txt	none		text	Deacon	Deacon Yahshua	2026-08-19	en	Power Hour Plus: The American Empire: Régimen Change and the Making of a Hemisphere | Deacon Yahshua | 08192026					
text/Unorganized/en/Power_Hour_Plus_Treasures_of_Wisdom_Parables,_Visions,_and_Similitudes.txt	none		text	Officer	Officer Asher	2026-06-24	en	Power Hour Plus - Treasures of Wisdom: Parables, Visions, and Similitudes | Officer Asher | 06242026					
text/Unorganized/en/Prepararnos Espiritualmente Para El Colapso Económico.txt	none		text				es	Prepararnos Espiritualmente Para El Colapso Económico					
text/Unorganized/en/Recuerdate Tu Primer Amor.txt	none		text				es	Recuérdate Tu Primer Amor					
text/Unorganized/en/Romanos_12_TransformaciÃ³n,_DisimulaciÃ³n_Y_Amor_No_Fingido_compressed.txt	none		text				es	Romanos 12: Transformación, Disimulación Y Amor No Fingido					
text/Unorganized/en/SABBATH AFTERNOON 4.1.23.txt	match	jdaPKKKVIhM	text	Bishop	Bishop Yawasap	2023-04-01	en	SABBATH AFTERNOON 4.1.23	0.648	0.09			
text/Unorganized/en/SABBATH EVENING 02_25_23.txt	match	T9beROw7-Ws	text			2023-02-25	en	SABBATH EVENING 02/25/23	0.667	0.785			
text/Unorganized/en/SABBATH EVENING 03_25_23.txt	match	CUS3fuW0iHs	text			2023-03-25	en	Sabbath evening 03/25/23	0.503	0.694			
text/Unorganized/en/SABBATH EVENING 04.29.23.txt	match	E-kcKguJMSI	text			2023-04-29	en	SABBATH EVENING 04/29/23	0.665	0.632			
text/Unorganized/en/SABBATH EVENING 04_08_23.txt	none		text			2023-04-08	en	sabbath evening 04/08/23					
text/Unorganized/en/SABBATH EVENING 05_22_23.txt	match	ViPsU1sx2f4	text			2023-05-22	en	Sabbath Evening 05/20/23	0.644	0.668			
text/Unorganized/en/SABBATH EVENING 06_03_23.txt	match	vIlNt5QvVAs	text			2023-06-03	en	SABBATH EVENING 06/03/23	0.704	0.761			
text/Unorganized/en/SABBATH EVENING 06_10_23.txt	match	bNTEOl-K0MI	text			2023-06-10	en	SABBATH EVENING 06/10/23	0.598	0.544			
text/Unorganized/en/SABBATH EVENING 08_12_23.txt	none		text			2023-08-12	en	Sabbath Evening 08/12/23					
text/Unorganized/en/SABBATH EVENING 3.4.23-2_compressed (1).txt	match	752ESdqJThU	text	Bishop	Bishop Nathanyel	2023-03-04	en	SABBATH EVENING 3.4.23	0.617	0.454			
text/Unorganized/en/SABBATH EVENING 4.1.23.txt	none		text	Bishop	Bishop Nathanyel	2023-04-01	en	SABBATH EVENING 4.1.23					
text/Unorganized/en/SABBATH EVENING 5.13.23.txt	match	uFv-RLbu9-c	text	Bishop	Bishop Nathanyel	2023-05-13	en	SABBATH EVENING 5.13.23	0.564	0.657			
text/Unorganized/en/SABBATH EVENING 5.27.23.txt	match	We7YbxVOWCU	text	Bishop	Bishop Nathanyel	2023-05-27	en	SABBATH EVENING 5.27.23	0.546	0.42			
text/Unorganized/en/SABBATH EVENING 6.17.23 .txt	none		text	Bishop	Bishop Nathanyel	2023-06-17	en	SABBATH EVENING 6.17.23					
text/Unorganized/en/SABBATH EVENING 6.24.23.txt	match	cku89r9aewE	text	Bishop	Bishop Yawasap	2023-06-24	en	SABBATH EVENING 6.24.23	0.61	0.456			
text/Unorganized/en/SABBATH EVENING 7.29.23.txt	none		text	Bishop	Bishop Nathanyel	2023-07-29	en	SABBATH EVENING 7.29.23					
text/Unorganized/en/SABBATH MORNING _MAY 16, 2026__compressed.txt	match	WzA8Ub2DhXk	text			2026-05-16	en	SABBATH MORNING _MAY 16, 2026_	0.765	0.629			
text/Unorganized/en/SABBATH MORNING_06_27_26_.txt	match	NtwCJWtpPQY	text			2026-06-27	en	SABBATH MORNING_06/27/26_	0.792	0.667			
text/Unorganized/en/SABBATH NOON 2.25.22.txt	match	iNlRVUr4nCo	text	Deacon	Deacon Malachiyah	2022-02-25	en	SABBATH NOON 2.25.22	0.692	0.333			
text/Unorganized/en/SABBATH_MORNING_06_20_26_THE_BOTTLE,_THE_BATTLE,_AND_THE_BIBLE_compressed.txt	match	KcKlRTSaOVM	text	Captain	Captain Gad	2026-06-20	en	SABBATH MORNING_ 06/21/26_THE BOTTLE, THE BATTLE, AND THE BIBLE	0.815	0.692			
text/Unorganized/en/SOT 02.28.2023-compressed.txt	none		text (weak)	Bishop	Bishop Nathanyel	2023-02-28	en	SOT 02.28.2023					
text/Unorganized/en/SOT 05.23.2023-compressed.txt	none		text	Bishop	Bishop Nathanyel	2023-05-23	en	SOT 05.23.2023					
text/Unorganized/en/SOT 06.13.2023-compressed.txt	none		text	Bishop	Bishop Nathanyel	2023-06-13	en	SOT 06.13.2023					
text/Unorganized/en/SOT LIES ARAB MUSLIMS TELL-2.txt	ambiguous	1vtxrpoLjyM	text	Bishop	Bishop Nathanyel		en	SOT LIES ARAB MUSLIMS TELL	0.168	0.446		lM9ftpXIPo0,Ogq8ZVwtDRM	
text/Unorganized/en/SOT_ Why These 10 African Tribes Went Into Slavery.txt	none		no text	Bishop	Bishop Nathanyel		en	SOT: Why These 10 African Tribes Went Into Slavery					
text/Unorganized/en/SOT_Why_These_10_African_Tribes_Went_Into_Slavery3_compressed.txt	none		no text	Bishop	Bishop Nathanyel		en	SOT: Why These 10 African Tribes Went Into Slavery					
text/Unorganized/en/Sabbath Afternoon  4.15.23-compressed.txt	match	I-jlIFF7pcc	text	Bishop	Bishop Kani	2023-04-15	en	Sabbath Afternoon | 4.15.23	0.749	0.515			
text/Unorganized/en/Sabbath Afternoon 2.18.23-compressed.txt	none		text	Bishop	Bishop Kani	2023-02-18	en	Sabbath Afternoon 2.18.23					
text/Unorganized/en/Sabbath Afternoon 4.8.23.txt	match	Hy3O0yY1mHQ	text	Deacon	Deacon Malachi	2023-04-08	en	Sabbath Afternoon 4.8.23	0.575	0.425			
text/Unorganized/en/Sabbath Afternoon 5.27.23-compressed.txt	match	R3B-OYQAK-4	text	Bishop	Bishop Yawasap	2023-05-27	en	Sabbath Afternoon 5.27.23	0.739	0.274			
text/Unorganized/en/Sabbath Afternoon 6.10.23-compressed.txt	match	N0uryy_6-5k	text	Deacon	Deacon Labachaa	2023-06-10	en	Sabbath Afternoon 6.10.23	0.833	0.102			
text/Unorganized/en/Sabbath Afternoon 6.24.23-compressed.txt	none		text	Deacon	Deacon Malachiyah	2023-06-24	en	Sabbath Afternoon 6.24.23					
text/Unorganized/en/Sabbath Afternoon 6.3.23-compressed.txt	match	vUbatEAjiXs	text	Deacon	Deacon Yoshua	2023-06-03	en	Sabbath Afternoon 6.3.23	0.821	0.7			
text/Unorganized/en/Sabbath Afternoon 7.1.23-compressed.txt	match	eiI5kSewMVI	text	Bishop	Bishop Kani	2023-07-01	en	Sabbath Afternoon 7.1.23	0.707	0.39			
text/Unorganized/en/Sabbath Afternoon 7.15.23-compressed.txt	match	kQ7_pkstSQo	text	Deacon	Deacon Yoshua	2023-07-15	en	Sabbath Afternoon 7.15.23	0.746	0.462			
text/Unorganized/en/Sabbath Afternoon 7.22.23_compressed.txt	match	0lpWrs9XfhM	text	Bishop	Bishop Kani	2023-07-22	en	Sabbath Afternoon 7.22.23_compressed	0.642	0.349			
text/Unorganized/en/Sabbath Afternoon 7.29.23.txt	match	LNJRiBTnfb8	text	Deacon	Deacon Malachi	2023-07-29	en	Sabbath Afternoon 7.29.23	0.455	0.44			
text/Unorganized/en/Sabbath Afternoon 7.8.23-compressed.txt	none		text	Bishop	Bishop Yawasap	2023-07-08	en	Sabbath Afternoon 7.8.23					
text/Unorganized/en/Sabbath Afternoon 8.12.23_compressed.txt	none		text	Deacon	Deacon Malachiyah	2023-08-12	en	Sabbath Afternoon 8.12.23					
text/Unorganized/en/Sabbath Afternoon 8.19.23_compressed.txt	none		text	Bishop	Bishop Yawasap	2023-08-19	en	Sabbath Afternoon 7.8.23					
text/Unorganized/en/Sabbath Afternoon 8.26.23_compressed.txt	match	_O2yaTMVU0E	text	Deacon	Deacon Isaac	2023-08-26	en	Sabbath Afternoon 8.26.23	0.825	0.723			
text/Unorganized/en/Sabbath Afternoon 8.5.23_compressed.txt	match	jUKCBjb785g	text	Deacon	Deacon Yoshua	2023-08-05	en	Sabbath Afternoon 8.5.23	0.882	0.531			
text/Unorganized/en/Sabbath Afternoon 9.2.23_compressed.txt	match	LNis1bb9bDg	text	Deacon	Deacon Yoshua	2023-09-02	en	Sabbath Afternoon 9.2.23	0.806	0.574			
text/Unorganized/en/Sabbath Afternoon 9.9.23_compressed.txt	match	MQC7LD_kbeo	text	Deacon	Deacon Malachiyah	2023-09-09	en	Sabbath Afternoon 9.9.23	0.802	0.387			
text/Unorganized/en/Sabbath Afternoon Class 02.25.2023.txt	match	oRDTK53_IXE	text	Bishop	Bishop Kani	2023-02-25	en	Sabbath Afternoon Class 02.25.2023	0.715	0.276			
text/Unorganized/en/Sabbath Afternoon Class 03.04.2023-min.txt	match	fp5DHhKgb9I	text	Bishop	Bishop Yawasap	2023-03-04	en	Sabbath Afternoon Class 03.04.2023	0.874	0.319			
text/Unorganized/en/Sabbath Afternoon Class 03.25.2023.txt	match	bOC_uzm50N4	text	Bishop	Bishop Kani	2023-03-25	en	Sabbath Afternoon Class 03.25.2023	0.46	0.412			
text/Unorganized/en/Sabbath Afternoon Class 05.06.2023.txt	match	3kpSsC_L4-k	text	Bishop	Bishop Kani	2023-05-06	en	Sabbath Afternoon Class 05.06.2023	0.806	0.513			
text/Unorganized/en/Sabbath Afternoon Class 11152025.txt	match	5ckbGq_KbOs	text	Bishop	Bishop Kani	2025-11-15	en	Report	0.505	0.426			
text/Unorganized/en/Sabbath Evening 07_01_23.txt	match	2CCLKfUGj_I	text	Deacon	Deacon Asaph	2023-07-01	en	Sabbath Evening 07/01/23	0.623	0.75			
text/Unorganized/en/Sabbath Evening 07_15_23.txt	match	BJiadUJH8I4	text			2023-07-15	en	Sabbath Evening 07/15/23	0.603	0.784			
text/Unorganized/en/Sabbath Evening 08_26_23.txt	match	elNEB8tpb-c	text			2023-08-26	en	Sabbath Evening 08/26/23	0.643	0.717			
text/Unorganized/en/Sabbath Evening 09_02_23.txt	match	Ffurf8Sx7Bg	text			2023-09-02	en	Sabbath Evening 09/02/23	0.6	0.728			
text/Unorganized/en/Sabbath Evening Class 02.18.2023_compressed.txt	match	oxSqRScjkeM	text	Bishop	Bishop Nathanyel	2023-02-18	en	Sabbath Evening Class 02.18.2023	0.782	0.626			
text/Unorganized/en/Sabbath Evening Class 03.11.2023_compressed.txt	match	HNnKoVf4zOs	text	Bishop	Bishop Nathanyel	2023-03-11	en	Sabbath Evening Class 03.11.2023	0.786	0.518			
text/Unorganized/en/Sabbath Evening Class 04.15.2023_compressed.txt	match	aEcr6nPgnIM	text	Bishop	Bishop Nathanyel	2023-04-15	en	Sabbath Evening Class 04.15.2023	0.637	0.011			
text/Unorganized/en/Sabbath Evening Class 05.06.2023_compressed.txt	none		no text	Bishop	Bishop Nathanyel	2023-05-06	en	Sabbath Evening Class 05.06.2023					
text/Unorganized/en/Sabbath Morning 04.22.2023.txt	match	SA1NDTDVj0k	text			2023-04-22	en	Sabbath Morning 04.22.2023	0.676	0.403			
text/Unorganized/en/Sabbath Morning 06.03.2023 -compressed.txt	match	AOz4uyoX7bQ	text	Captain	Captain Yadin	2023-06-03	en	Sabbath Morning 06.03.2023	0.628	0.307			
text/Unorganized/en/Sabbath Morning 06.24.2023-compressed.txt	match	2VZPutmKhJ4	text	Captain	Captain Mattathias	2023-06-24	en	Sabbath Morning 06.24.2023	0.805	0.362			
text/Unorganized/en/Sabbath Morning 07.22.2023.txt	match	RgWFyw06hv8	text	Captain	Captain Kemuel	2023-07-22	en	Sabbath Morning 07.22.2023	0.676	0.271			
text/Unorganized/en/Sabbath Morning 08.12.2023.txt	match	-pdu0a2YWgM	text	Captain	Captain Barnabus	2023-08-12	en	Sabbath Morning 08.12.2023	0.461	0.363			
text/Unorganized/en/Sabbath Morning 08.19.2023.txt	match	Uq8titj85w4	text			2023-08-19	en	Sabbath Morning 08.19.2023	0.575	0.486			
text/Unorganized/en/Sabbath Morning 09.16.2023.txt	match	vvKVoTJnDGg	text	Captain	Captain Immanuel	2023-09-16	en	Sabbath Morning 09.16.2023	0.58	0.456			
text/Unorganized/en/Sabbath Morning Class 03.11.2023-compressed.txt	match	7HycvzAtvwA	text	Captain	Captain Pallu	2023-03-11	en	Sabbath Morning Class 03.11.2023	0.701	0.508			
text/Unorganized/en/Sabbath Morning Class 04.01.2023-compressed.txt	none		no text	Captain	Captain Joel	2023-04-01	en	Sabbath Morning Class 04.01.2023					
text/Unorganized/en/Sabbath Morning Class 05.13.2023-compressed.txt	match	Qsb0NIURwWw	text	Captain	Captain Gedaliah	2023-05-13	en	Sabbath Morning Class 05.13.2023	0.653	0.301			
text/Unorganized/en/Sabbath Morning Class 05.20.2023-compressed.txt	match	htN6SOiOeDM	text	Captain	Captain Lemuel	2023-05-20	en	Sabbath Morning Class 05.20.2023	0.729	0.546			
text/Unorganized/en/Sabbath Morning Class_ 07_compressed.txt	match	Wf99jL673PE	text	Captain	Captain Naam		en	Sabbath Morning Class| 07	0.621	0.277			
text/Unorganized/en/Sabbath Morning Class_ ABYA YALA UNDER FIRE_compressed.txt	match	FSUFtJ08joo	text	Captain	Captain Zephaniah		en	Sabbath Morning Class: ABYA YALA UNDER FIRE	0.849	0.52			
text/Unorganized/en/Sabbath Morning_ Fall in Love Again.txt	match	gEvcKpqhX1w	text	Bishop	Bishop Kani		en	Sabbath Morning: Fall in Love Again	0.656	0.641			
text/Unorganized/en/Sabbath Noon Class 09232023.txt	none		text	Deacon	Deacon Malachiyah	2023-09-23	en	Sabbath Noon Class 09232023					
text/Unorganized/en/Sabbath Noon Class-.txt	match	5oFZLh9QoD0	text	Captain	Captain Shem		en	Sabbath Noon Class:	0.689	0.494			
text/Unorganized/en/Sabbath_Evening_Class_Lazarus_and_the_Lake_of_Fire_July_8,_2023_.txt	match	ga08yEpIDoA	text	Bishop	Bishop Nathanyel	2023-07-08	en	Sabbath Evening Class Lazarus and the Lake of Fire  July 8, 2023.	0.598	0.547			
text/Unorganized/en/Sabbath_Morning_06_06_26_In_Vain_Do_They_Worship_Me_compressed.txt	match	ZztygjY4U2w	text			2026-06-06	en	Sabbath Morning_06.06.26_In Vain Do They Worship Me	0.785	0.498			
text/Unorganized/en/Sabbath_Morning_Class_08_22_26_Esau_The_Hater_Liar,_&_Killer_compressed.txt	match	0yyd-1tBSXU	text	Captain	Captain Gideon	2026-08-22	en	Sabbath Morning Class _08/22/26_Esau The Hater Liar, & Killer	0.736	0.373			
text/Unorganized/en/Sexual Slavery in Spiritual Egypt_compressed.txt	none		text				en	Sexual Slavery in Spiritual Egypt					
text/Unorganized/en/Shout_Out_Tuesday_Babylon_the_Great_is_theMAtrix_the_Pope,_Greta.txt	match	oShTy4j3KkM	text	Bishop	Bishop Nathanyel		en	Shout Out Tuesday: Babylon the Great is theMAtrix the Pope, Greta & Andrew Tate	0.416	0.579			
text/Unorganized/en/Sin20to20Slavery20p2.pdf_compressed.txt	none		text				en	Sin to Slavery p2					
text/Unorganized/en/Strangeness of Our Salvation _compressed.txt	none		text				en	Strangeness of Our Salvation					
text/Unorganized/en/THE BIBLE BOOK OF OUR FATHER 11.21.2025.txt	none		text	Bishop	Bishop Yawasap	2025-11-21	en	Report					
text/Unorganized/en/TITLE_PRECEPT_UPON_PRECEPT_THE_NATIONS_FIGHT_FOR_A_POSITION_WHILE.txt	none		text	Captain	Captain Shem	2026-04-30	en	TITLE : _PRECEPT UPON PRECEPT: _THE NATIONS FIGHT FOR A POSITION WHILE THE PROPECTS FIGHT TO POSITION_4/30/26					
text/Unorganized/en/TRUTH BE TOLD_ Insanity of Christianity_compressed.txt	none		text				en	TRUTH BE TOLD: Insanity of Christianity					
text/Unorganized/en/TRUTH BE TOLD_06_23_26_ STRAIT LIES_compressed.txt	none		text			2026-06-23	en	TRUTH BE TOLD_06/23/26_ STRAIT LIES					
text/Unorganized/en/Thankskilling_Escape_Class_11_27_2025_Oh_God_&_My_Lord_compressed.txt	match	lLhmy-FkxmY	text	Deacon	Deacon Eythan	2025-11-27	en	Thankskilling Escape Class_11/27/2025_Oh God & My Lord	0.684	0.401			
text/Unorganized/en/The Choice - The Issue of Black Survival in America.txt	none		text				en	The choice: the issue of Black survival in America					
text/Unorganized/en/The Death Of Christianity.txt	none		text				en	The Death Of Christianity					
text/Unorganized/en/The Eternal Godhead_ Escape Christmas Getaway_compressed.txt	match	wTdKvZUyQdE	text	Deacon	Deacon Malachiyah		en	The Eternal Godhead: Escape Christmas Getaway	0.583	0.513			
text/Unorganized/en/The Face of Evil and Artificial Intelligence_compressed.txt	none		text	Captain	Captain Mattathias		en	The Face of Evil and Artificial Intelligence					
text/Unorganized/en/The Fall, The Stand, and the Final Call_compressed.txt	none		text				en	The Fall, The Stand, and the Final Call					
text/Unorganized/en/The Fiery Trial Of Faith & The Approaching Global Terror.txt	match	b0MzxeRdYUA	text	Captain	Captain Joel		en	The Fiery Trial Of Faith & The Approaching Global Terror	0.684	0.546			
text/Unorganized/en/The Foundation of a Strong Nation 5_31_25_compressed.txt	match	bdJACRPIltE	text	Deacon	Deacon Malachiyah	2025-05-31	en	The Foundation of a Strong Nation-Deacon Malachiyah 5/31/25	0.691	0.456			
text/Unorganized/en/The Husband Who Hunted_ Covenant Con Artist_compressed.txt	none		text				en	The Husband Who Hunted: Covenant Con Artist					
text/Unorganized/en/The Power Hour Plus    _09092026_compressed.txt	none		text	Deacon	Deacon Yoshua	2026-09-09	en	The Power Hour Plus    |09092026					
text/Unorganized/en/The Power Hour Plus  _03-26-2026.txt	none		text	Deacon	Deacon Yoshua	2026-03-26	en	The Power Hour Plus  |03					
text/Unorganized/en/The Power Hour Plus  _03252026_compressed.txt	none		text	Deacon	Deacon Yoshua	2026-03-25	en	The Power Hour Plus  |03					
text/Unorganized/en/The Power Hour Plus  _10_compressed (2).txt	match	XgkRa80UHr8	text	Deacon	Deacon Yoshua		en	The Power Hour Plus  |10	0.706	0.422			
text/Unorganized/en/The Power Hour Plus  _10_compressed.txt	none		text	Officer	Officer Asher		en	The Power Hour Plus  |10					
text/Unorganized/en/The Power Hour Plus  _11_compressed.txt	none		text	Deacon	Deacon Yoshua		en	The Power Hour Plus  |11					
text/Unorganized/en/The Power Hour Plus  _12042025_compressed.txt	none		text	Deacon	Deacon Yoshua	2025-12-04	en	The Power Hour Plus  |12					
text/Unorganized/en/The Power Hour Plus  _12_compressed.txt	none		text	Deacon	Deacon Yoshua		en	The Power Hour Plus  |12					
text/Unorganized/en/The Power Hour Plus Crisis Across Borders .txt	none		text				en	The Power Hour Plus Crisis Across Borders					
text/Unorganized/en/The Power Hour Plus _ 01_compressed (2).txt	none		text	Deacon	Deacon Yoshua		en	The Power Hour Plus | 01					
text/Unorganized/en/The Power Hour Plus _ 01_compressed.txt	none		text	Deacon	Deacon Yoshua		en	The Power Hour Plus | 01					
text/Unorganized/en/The Power Hour Plus _ 03 (2).txt	none		text				en	The Power Hour Plus | 03					
text/Unorganized/en/The Power Hour Plus _ 03.txt	none		text				en	The Power Hour Plus | 03					
text/Unorganized/en/The Power Hour Plus _ 04012026.txt	none		text	Deacon	Deacon Yoshua	2026-04-01	en	The Power Hour Plus | 4					
text/Unorganized/en/The Power Hour Plus _ 04_compressed.txt	none		text (weak)	Deacon	Deacon Yoshua		en	The Power Hour Plus | 04					
text/Unorganized/en/The Power Hour Plus _ 07.09.25_compressed (2).txt	none		text	Officer	Officer Asher	2025-07-09	en	The Power Hour Plus | 07.09.25					
text/Unorganized/en/The Power Hour Plus _ 07.09.25_compressed.txt	none		text	Officer	Officer Asher	2025-07-09	en	The Power Hour Plus | 07.09.25					
text/Unorganized/en/The Power Hour Plus _ 07.23.25_compressed.txt	none		text	Deacon	Deacon Yoshua	2025-07-23	en	The Power Hour Plus | 07.23.25					
text/Unorganized/en/The Power Hour Plus _ 07_compressed.txt	none		text	Officer	Officer Job		en	The Power Hour Plus | 07					
text/Unorganized/en/The Power Hour Plus _ 08.06.25.txt	none		text	Deacon	Deacon Yoshua	2025-08-06	en	The Power Hour Plus | 08.06.25					
text/Unorganized/en/The Power Hour Plus _08_compressed.txt	none		text	Deacon	Deacon Yoshua		en	The Power Hour Plus |08					
text/Unorganized/en/The Power Hour Plus _09102025_compressed.txt	none		text	Deacon	Deacon Yoshua	2025-09-10	en	The Power Hour Plus |09102025					
text/Unorganized/en/The Red Dress Hypocrisy _compressed.txt	none		text				en	The Red Dress Hypocrisy					
text/Unorganized/en/The Sabbath Morning Class _ 04252026_compressed.txt	match	IyYFXp99olM	text	Captain	Captain Abiel	2026-04-25	en	The Sabbath Morning Class | 04	0.696	0.48			
text/Unorganized/en/The Sabbath Morning Class _ 06_compressed (1).txt	match	6Xq5GWJ0aeU	text	Captain	Captain Erel		en	The Sabbath Morning Class | 06	0.75	0.461			
text/Unorganized/en/The Sabbath Morning Class _ 07.05.25_compressed.txt	match	Z1U45T1gRsY	text	Captain	Captain Mattathias	2025-07-05	en	The Sabbath Morning Class | 07.05.25	0.681	0.534			
text/Unorganized/en/The Sabbath Morning Class _ 08.30.25_compressed.txt	match	yiW4ip0vgVg	text	Captain	Captain Mattathias	2025-08-30	en	The Sabbath Morning Class | 08.30.25	0.678	0.561			
text/Unorganized/en/The Sabbath Morning Class _ 08_1_2026_compressed.txt	match	jkjOxb1_w-k	text	Captain	Captain Shemaiah	2026-08-01	en	The Sabbath Morning Class | 08/1/2026	0.86	0.551			
text/Unorganized/en/The War of the Worlds-compressed.txt	match	qYmYCnlfsGQ	text	Captain	Captain Amaziah		en	The War of the Worlds	0.822	0.518			
text/Unorganized/en/The_Bible_Books_of_Our_Father_12052025_As_The_World_Turns_Still.txt	none		text			2025-12-05	en	As The World Turns Still Living in Lies					
text/Unorganized/en/The_Kingdom_of_Adam_and_the_Old_world_Escape_from_christmas_12_25.txt	match	SE81_Rxu5sM	text	Deacon	Deacon Malachiyah	2025-12-25	en	The Kingdom of Adam and the Old world_ Escape from christmas_12/25/25	0.62	0.369			
text/Unorganized/en/The_Melting_Pot_The_Cesspool_of_Confusion,_Revealing_the_Wicked.txt	none		text	Captain	Captain Seriyah	2025-06-20	en	The Melting Pot: The Cesspool of Confusion, Revealing the Wicked- Capt Seriyah June 20, 2025					
text/Unorganized/en/The_Sabbath_Morning_Class_01_31_26_My_Temple_My_Choice_compressed.txt	match	0nTb2YB-Tns	text	Captain	Captain Gideon	2026-01-31	en	My Temple My Choice	0.821	0.512			
text/Unorganized/en/The_Sabbath_Morning_Class_03_28_26_The_God_of_War_&_Salvation_.txt	match	C25twRrhOd0	text	Captain	Captain Yadon	2026-03-28	en	The Sabbath Morning Class | 03.28.26 | The God of War & Salvation	0.832	0.498			
text/Unorganized/en/Therefore_the_Law_is_Slacked,_and_Judgement_Doth_Never_Go_Forth.txt	none		text	Captain	Captain Nahshon		en	Therefore the Law is Slacked, and Judgement Doth Never Go Forth					
text/Unorganized/en/They Lied to You but We Waking Up Now _compressed.txt	none		text				en	They Lied to You but We Waking Up Now					
text/Unorganized/en/Trump_Sends_700_Marines_To_L_A_4_45_MILLION_MILITARY_BIRTH_DAY_PARADE (2).txt	none		text	Captain	Captain Mattathias		en	Trump Sends 700 Marines To L.A: 4 45 MILLION MILITARY BIRTH DAY PARADE					
text/Unorganized/en/Trump_Sends_700_Marines_To_L_A_4_45_MILLION_MILITARY_BIRTH_DAY_PARADE.txt	none		text	Captain	Captain Mattathias		en	Trump Sends 700 Marines To L.A: 4 45 MILLION MILITARY BIRTH DAY PARADE					
text/Unorganized/en/Truth Be Told - IUIC DMV - 2819_ No Access Granted -101425.txt	none		text			2025-10-14	en	Truth Be Told - IUIC DMV - 2819: No Access Granted -101425					
text/Unorganized/en/Truth Be Told - IUIC DMV - Edomite Fatigue Pt. 2 - 071525.txt	none		text			2025-07-15	en	Truth Be Told - IUIC DMV - Edomite Fatigue Pt. 2 - 071525					
text/Unorganized/en/Truth Be Told - IUIC DMV - No E.A.T. Without E.B.T. - 102825.txt	none		text			2025-10-28	en	Truth Be Told - IUIC DMV - No E.A.T. Without E.B.T. - 102825					
text/Unorganized/en/Truth_Be_Told_IUIC_DMV_Distraction_From_Destruction_06032025_compressed.txt	none		text	Bishop	Bishop Nathanyel	2025-06-03	en	Truth Be Told - IUIC DMV - Distraction From Destruction - 06032025					
text/Unorganized/en/Truth_Be_Told_IUIC_DMV_Edomite_Fatigue_070825_compressed (2).txt	none		text			2025-07-08	en	Truth Be Told - IUIC DMV - Edomite Fatigue - 070825					
text/Unorganized/en/Truth_Be_Told_IUIC_DMV_Edomite_Fatigue_070825_compressed.txt	none		text			2025-07-08	en	Truth Be Told - IUIC DMV - Edomite Fatigue - 070825					
text/Unorganized/en/Truth_Be_Told_IUIC_DMV_Labor_Of_The_Saints_090225_compressed.txt	none		text			2025-09-02	en	Truth Be Told - IUIC DMV - Labor Of The Saints - 090225					
text/Unorganized/en/Truth_Be_Told_IUIC_DMV_Men's_Conference_Recap_2025_080525_compressed.txt	none		text			2025-08-05	en	Truth Be Told - IUIC DMV - Men's Conference Recap 2025 - 080525					
text/Unorganized/en/Tu Dios No Existe, Es Hora De Despertar_compressed.txt	none		text				es	Tu Dios No Existe, Es Hora De Despertar					
text/Unorganized/en/Una Casa Dividida No Puede Permanecer 04252026_compressed.txt	none		text			2026-04-25	es	Una Casa Dividida No Puede Permanecer					
text/Unorganized/en/Unresolved Trauma.txt	match	gC6W4IPehhw	text	Captain	Captain Enoch		en	Unresolved Trauma	0.732	0.55			
text/Unorganized/en/Uterus Maximus_compressed.txt	none		text	Bishop	Bishop Kani		en	Uterus Maximus					
text/Unorganized/en/Vuelve A Dios El Poder del Arrepentimiento_compressed.txt	none		text				es	Vuelve A Dios: El Poder del Arrepentimiento					
text/Unorganized/en/WCO_Broken_Tribes_09_13_26_One_Throne_The_Return_Of_True_Unity_compressed.txt	none		text			2026-09-13	en	WCO Broken Tribes: _09/13/26_ One Throne:  The Return Of True Unity					
text/Unorganized/en/WISDOM CRIETH OUT  Babylon on Trial 4_6_25_compressed.txt	none		text			2025-04-06	en	WISDOM CRIETH OUT  Babylon on Trial 4/6/25					
text/Unorganized/en/WISDOM CRIETH OUT 01_12_2025_compressed.txt	none		text			2025-01-12	en	WISDOM CRIETH OUT 01/12/2025					
text/Unorganized/en/WISDOM CRIETH OUT THE COMFORT IN CHAINS 01_26_2025.txt	none		text			2025-01-26	en	WISDOM CRIETH OUT THE COMFORT IN CHAINS 01/26/2025					
text/Unorganized/en/WISDOM CRIETH OUT _ They Hate Us But They Want To Be Us.txt	none		text				en	WISDOM CRIETH OUT : They Hate Us But They Want To Be Us					
text/Unorganized/en/WISDOM CRIETH OUT_  _12_7_25_The Wicked Bible_compressed.txt	none		text			2025-12-07	en	WISDOM CRIETH OUT:  _12/7/25_The Wicked Bible					
text/Unorganized/en/WISDOM CRIETH OUT_ _08_16_26_ Current Events_compressed.txt	none		text			2026-08-16	en	WISDOM CRIETH OUT: _08/16/26_ Current Events					
text/Unorganized/en/WISDOM_CRIETH_OUT_05_10_26_Torn_Apart_Repairing_The_Breach_compressed.txt	none		text			2026-05-10	en	WISDOM CRIETH OUT: _05.10.26_Torn Apart | Repairing The Breach					
text/Unorganized/en/WISDOM_CRIETH_OUT_07_06_25_THIS_PRESENT_EVIL_WORLD_compressed (2).txt	none		text			2025-07-06	en	WISDOM CRIETH OUT_07/06/25_THIS PRESENT EVIL WORLD					
text/Unorganized/en/WISDOM_CRIETH_OUT_07_06_25_THIS_PRESENT_EVIL_WORLD_compressed.txt	none		text			2025-07-06	en	WISDOM CRIETH OUT_07/06/25_THIS PRESENT EVIL WORLD					
text/Unorganized/en/WISDOM_CRIETH_OUT_08_31_25_Feed_Or_Fleece_What's_A_Pastor_To_Do!!.txt	none		text			2025-08-31	en	WISDOM CRIETH OUT_08/31/25_Feed Or Fleece: What's A Pastor To Do!!					
text/Unorganized/en/WISDOM_CRIETH_OUT_11_09_25_The_Hour_of_Tribulation_Loss,_Separation.txt	none		text			2025-11-09	en	WISDOM CRIETH OUT: _11/09/25_The Hour of Tribulation: Loss, Separation, and Death					
text/Unorganized/en/WISDOM_CRIETH_OUT_11_16_25_Debate,_Distract,_Deceive_The_Apologetic.txt	none		text			2025-11-16	en	WISDOM CRIETH OUT: _11/16/25_Debate, Distract, Deceive The Apologetic Doctrine					
text/Unorganized/en/WISDOM_CRIETH_OUT_12_28_25_F_The_Streets_Movement_Good_or_Bad_compressed.txt	none		text			2025-12-28	en	WISDOM CRIETH OUT: _12/28/25_ F The Streets Movement Good or Bad					
text/Unorganized/en/WISDOM_CRIETH_OUT_Is_Black_Culture_Killing_Faith_compressed.txt	none		text				en	WISDOM CRIETH OUT: Is Black Culture Killing Faith?					
text/Unorganized/en/WISDOM_CRIETH_OUT_Is_Black_Culture_Killing_Faith_compressed_1.txt	none		text				en	WISDOM CRIETH OUT: Is Black Culture Killing Faith?					
text/Unorganized/en/WISDOM_CRIETH_OUT_Mother's_Day_Or_God's_Way_05_11_2025_compressed.txt	none		text			2025-05-11	en	WISDOM CRIETH OUT: Mother's Day Or God's Way 05/11/2025					
text/Unorganized/en/WOTW 06042026_compressed.txt	none		text	Captain	Captain Mattathias	2026-06-04	en	WOTW 06042026					
text/Unorganized/en/WOTW 3_12_26_compressed.txt	none		text	Captain	Captain Mattathias	2026-03-12	en	WOTW 3/12/26					
text/Unorganized/en/WOTW Christians vs Muslims_compressed.txt	none		text	Captain	Captain Mattathias		en	WOTW Christians vs Muslims					
text/Unorganized/en/WOTW_10_23_25_The_White_Church_vs_the_Black_Church_compressed.txt	none		text	Captain	Captain Mattathias	2025-10-23	en	WOTW_10.23.25_The_White_Church_ vs_the_Black_Church					
text/Unorganized/en/WOTW_Crooked_Serpents_&_the_Way_of_the_Eagle_7_24_25_compressed.txt	none		text	Captain	Captain Mattathias	2025-07-24	en	WOTW_Crooked Serpents & the Way of the Eagle-7.24.25					
text/Unorganized/en/WOTW_The_Israelites_US_SpaceWeapon_Q50_Murder_Ep_197_compressed.txt	none		text				en	WOTW-The Israelites-US SpaceWeapon-Q50 Murder-Ep 197					
text/Unorganized/en/WOTW_U_S_Space_Command_HQ_Moving_to_Alabama_9_4_25_compressed.txt	none		text	Captain	Captain Mattathias	2025-09-04	en	WOTW_ U.S.Space_Command_HQ_Moving_to_Alabama_9.4.25					
text/Unorganized/en/When Adultery Is On The Brain.txt	match	qXlhABHmM5E	text	Captain	Captain Gad		en	When Adultery Is On The Brain	0.676	0.687			
text/Unorganized/en/Wisdom Crieth Out _06_21_26_CURRENT EVENTS_compressed.txt	none		text			2026-06-21	en	Wisdom Crieth Out _06/21/26_CURRENT EVENTS					
text/Unorganized/en/Writing on the Wall_compressed.txt	none		text	Captain	Captain Mattathias		en	Writing on the Wall					
text/Unorganized/en/Writings On The Wall _ 03.txt	none		text				en	Writings On The Wall | 03					
text/Unorganized/en/Writings On the Wall_compressed.txt	none		text	Captain	Captain Mattathias		en	Writings On the Wall					
text/Unorganized/en/_BBOOF_JACOB’S_HOPE_WHO_GETS_MERCY_When_Justice_Has_Two_Standards.txt	none		text				en	BBOOF | JACOB’S HOPE: WHO GETS MERCY? When Justice Has Two Standards					
text/Unorganized/en/_Escaping_the_Plantation_2_0_06_30_2025_Bound,_Loosed_&_Burned_The.txt	match	_SOqkX5UMlE	text			2025-06-30	en	Escaping the Plantation 2.0_ 06/30/2025_Bound, Loosed & Burned: The Final Defeat Of Whyt Man And The Nations	0.559	0.36			
text/Unorganized/en/_FOUR_CORNERS_NEWS_AUGUST_14,_2025_TO_HELL_WITH_INTEGRATION_CAPTAIN.txt	none		text	Captain	Captain Tobias	2025-08-14	en	FOUR CORNERS NEWS | AUGUST 14, 2025 TO HELL WITH INTEGRATION CAPTAIN TOBIAS					
text/Unorganized/en/_FOUR_CORNERS_NEWS_NOVEMBER_13,_2025_SEDUCERS_SHALL_WAX_WORSE_AND.txt	none		text			2025-11-13	en	FOUR CORNERS NEWS | NOVEMBER 13, 2025 SEDUCERS SHALL WAX WORSE AND WORSE E.P. 414 IUIC MIAMI					
text/Unorganized/en/_IN_THE_SCRIPTS_RELOADED_DEI_Deportation_and_Current_Topics_01_28.txt	none		text			2025-01-28	en	IN THE SCRIPTS RELOADED DEI Deportation and Current Topics 01/28/25					
text/Unorganized/en/_ITSR_09_09_25_Matthew 24 In Real Time.txt	none		text			2025-09-09	en	ITSR_09/09/25_Matthew 24 In Real Time					
text/Unorganized/en/_Para Bien O Para Mal_ El Cortejo_compressed.txt	none		text				es	Para Bien O Para Mal: El Cortejo					
text/Unorganized/en/___ ESCP 2.0 (Air Date_ June 9, 2025)_compressed (2).txt	none		text			2025-06-09	en	*** ESCP 2.0 (Air Date: June 9, 2025)					
text/Unorganized/en/___ ESCP 2.0 (Air Date_ June 9, 2025)_compressed.txt	none		text			2025-06-09	en	*** ESCP 2.0 (Air Date: June 9, 2025)					
text/Unorganized/en/huey_p_newton_to_die_for_the_people_the_writings_of_huey_p_newton.txt	none		text				en	huey_p_newton_to_die_for_the_people_the_writings_of_huey_p_newton					
text/Unorganized/en/o The Black Woman (Part 2)-compressed.txt	none		text	Captain	Captain Seriyah		en	BBOOF: Black Man Against Adversity, Adversary w/o The Black Woman (Part 2)					
text/Unorganized/en/¿Por_Qué_No_Podemos_Apoyarnos_Unos_A_Otros_Por_Diácono_Malachi.txt	match	Zk9FA121PN4	text	Deacon	Deacon Malachi		es	¿Por Qué No Podemos Apoyarnos Unos A Otros? Por Diácono Malachi (Clase De La Tarde) 16/09/23	0.7				
text/Unorganized/en/¿Quién Gobierna Tu Mente__compressed.txt	none		text				es	¿Quién Gobierna Tu Mente?					
text/Unorganized/es/04_15_23_Sabbath_Noon_Class_Niggers_in_Africa_God's_Jew_El_Scattered.txt	match	xg-bg9f8vSM	text	Deacon	Deacon Isaac	2023-04-15	en	04.15.23 Sabbath Noon Class: Niggers in Africa: God's Jew-El Scattered Part 3	0.608	0.439			
text/Unorganized/es/Afternoon_Sabbath_Class_BABYLON_SPEAKS_PLAINLY_VENEZUELA_THE_REAL.txt	match	ExR7Cd5rqyQ	text	Deacon	Deacon Yoshua	2025-12-20	en	Afternoon Sabbath Class_ BABYLON SPEAKS PLAINLY: VENEZUELA THE REAL WMD_122025	0.583	0.662			
text/Unorganized/es/BBOOF_Ahab_and_Jezebel_Whose_Mind_Is_It_Borrowed_Authority_In_A.txt	none		text	Captain	Captain Eli	2026-07-31	en	BBOOF_Ahab and Jezebel Whose Mind Is It? Borrowed Authority In A Broken House_07/31/2026					
text/Unorganized/es/Captian_Joel_Man_Up_Mondays_Operation_Epic_Fury_Will_the_World_Survive.txt	none		text	Captain	Captain Joel	2026-03-09	en	Captian Joel - Man Up Mondays - Operation: Epic Fury Will the World Survive? - 03092026					
text/Unorganized/es/Clase_denocheSabÃ¡tica_01312026_Reconociendo_A_Un_Buen_Siervo_compressed.txt	none		text			2026-01-31	es	Reconociendo A Un Buen Siervo					
text/Unorganized/es/Cuando_Babilonia_Invade_PetrÃ³leo,Cambio_de_RÃ©gimen_Y_ProfecÃ.txt	none		text	Captain	Captain Abiel		es	Cuando Babilonia Invade: Petróleo, Cambio De Régimen Y Profecía Bíblica					
text/Unorganized/es/De_Altares_al_Cuerpo_La_Dedicación_de_la_Casa_de_Dios_compressed.txt	none		text				es	De Altares al Cuerpo: La Dedicación de la Casa de Dios					
text/Unorganized/es/De_Mara_A_Misericordia_Aprendiendo_A_No_Vivir_En_Amargura_compressed.txt	none		text				es	De Mara A Misericordia: Aprendiendo A No Vivir En Amargura					
text/Unorganized/es/Deacono_Labacha_Clase_de_Sabado_por_la_tarde_la_imaginacion_del.txt	match	lv3c6Uw_S10	text	Deacon	Deacon Labachaa	2023-10-07	es	Deacono Labacha - Clase de Sabado por la tarde - la imaginacion del humanidad  - 10/07/2023	0.657				
text/Unorganized/es/Diacono_Malachiyah_Clase_de_sabado_par_la_tarde_Los_Segadores_de.txt	match	MQC7LD_kbeo	text	Deacon	Deacon Malachiyah	2023-09-09	es	Diacono Malachiyah - Clase de sabado par la tarde - Los Segadores de Almas 9/9/23	0.622				text/Unorganized/en/Sabbath Afternoon 9.9.23_compressed.txt
text/Unorganized/es/Diácono_Malachi_El_Amor_Al_Dinero_Es_La_Raíz_De_Todo_Mal_Sabado.txt	none		text	Deacon	Deacon Malachi		es	*Diácono Malachi El Amor Al Dinero Es La Raíz De Todo Mal : Sabado Por La Tarde | 30.9.23					
text/Unorganized/es/Diácono_Malachiyah_La_Mayor_Conspiración_Y_Controversia_Del_Mundo.txt	none		text (weak)	Deacon	Deacon Malachiyah		es	*Diácono Malachiyah La Mayor Conspiración Y Controversia Del Mundo : Sabado Por La Tarde  | 28.10.23					
text/Unorganized/es/El_Matrimonio_Que_Trae_Honra_y_La_Cama_Que_Destruye_Almas_compressed.txt	none		text				es	El Matrimonio Que Trae Honra y La Cama Que Destruye Almas					
text/Unorganized/es/Eres Cristiano Northern Kingdom 02152025.txt	none		text			2025-02-15	es	Eres Cristiano					
text/Unorganized/es/Escaping_the_Plantation_2_0_12_29_2025_How_Does_God_Feel_About_The.txt	match	1dB7UHoEdqo	text	Captain	Captain Gedaliah	2025-12-29	en	Escaping the Plantation 2.0_12/29/2025_ How Does God Feel About The Other Nations?	0.728	0.493			
text/Unorganized/es/FCN_ISRAELITES_WORLDWIDE_GET_YOUR_SH!T_TOGETHER_EP_417_01152026.txt	none		text			2026-01-15	en	FCN_ ISRAELITES WORLDWIDE GET YOUR SH!T TOGETHER EP 417_01152026					
text/Unorganized/es/Graveyard_Gospel_Wood_&_Stone_for_Dry_Bones_1_compressed.txt	none		text				en	Graveyard Gospel Wood & Stone for Dry Bones					
text/Unorganized/es/ITSR _11_18_25_  Racism In Israel_compressed.txt	none		text			2025-11-18	en	ITSR _11:18/25_  Racism In Israel					
text/Unorganized/es/La_Guerra_Oculta_Contra_Los_Inmigrantes_Spainsh_NK_Sabbath_class.txt	none		text				es	La Guerra Oculta Contra Los Inmigrantes					
text/Unorganized/es/La_HipocresÃ_a_Entre_El_PrÃ³jimo_Y_TÃº!_NK_Sabbath_Class_05022026.txt	none		text	Captain	Captain Abiel	2026-05-02	es	La Hipocresía Entre El Prójimo Y Tú!					
text/Unorganized/es/Las_Pasiones_Del_Pecado_CÃ³mo_El_PecadoSe_Mueve_A_TravÃ©s_De_La.txt	none		text				es	Las Pasiones Del Pecado: Cómo El PecadoSe Mueve A Través De La Carne, El Mundo Y El Diablo					
text/Unorganized/es/Man Up Mondays   _08172026 Ofc Jahleel_compressed.txt	none		text	Officer	Officer Jahleel	2026-08-17	en	Man Up Mondays   |08					
text/Unorganized/es/Obispo_Kani_Clase_De_La_Tarde_Superando_La_Tentación_23_09_23.txt	none		text	Bishop	Bishop Kani		es	Obispo Kani - Clase De La Tarde - Superando La Tentación - 23/09/23					
text/Unorganized/es/Our_Anxiety_The_Fear_of_Standing_Up_Inside_Ourselves_part_2_compressed.txt	match	BaXhDQZ7dNY	text	Bishop	Bishop Yawasap		en	Our Anxiety: The Fear of Standing Up Inside Ourselves (part 2)	0.507	0.618			
text/Unorganized/es/PRECEPTUPONPRECEPT_08_14_25_MARTIAL_LAW_FIRST_LOS_ANGELES_&_NOW.txt	none		text			2025-08-14	en	PRECEPTUPONPRECEPT_08/14/25_MARTIAL LAW: FIRST LOS ANGELES & NOW DC					
text/Unorganized/es/Presidente_Trump_Y_La_Guerra_En_Venezuela_Contra_Maduro_compressed.txt	none		text				es	Presidente Trump Y La Guerra En Venezuela Contra Maduro					
text/Unorganized/es/The Power Hour Plus  _08262026 Capt Kemuel_compressed.txt	none		text	Captain	Captain Kemuel	2026-08-26	en	The Power Hour Plus  |08					
text/Unorganized/es/WISDOM_CRIETH_OUT_01_04_26_The_pride_of_Edom_Lucifer_&_The_prince.txt	none		text			2026-01-04	en	WISDOM CRIETH OUT: -01/04/26_ The pride of Edom Lucifer & The prince of Tyrus					
text/Unorganized/es/WISDOM_CRIETH_OUT_ANOTHER_GOSPEL_CHRISTIANITY_IS_DEAD_06_15_25_compressed.txt	none		text			2025-06-15	en	WISDOM CRIETH OUT:  ANOTHER GOSPEL: CHRISTIANITY IS DEAD 06/15/25					
text/Unorganized/es/WOTW_Satan’s_campaign_to_Destroy_12_Tribes_Episode_145_7_3_25.txt	none		text	Captain	Captain Mattathias	2025-07-03	en	WOTW_Satan’s campaign to Destroy 12 Tribes_ Episode 145_7/3/25					
text/Unorganized/es/_PRECEPTUPONPRECEPT_01_15_26_THE_CRUDE_DIVIDES_THE_CRUDE_OIL_&_THE.txt	none		text			2026-01-15	en	PRECEPTUPONPRECEPT: _01/15/26_ THE CRUDE DIVIDES THE CRUDE: OIL & THE EVIL EMPIRE					
