klNHxqN-aK4	20260827	617	The History Of The Israelites	15640
H5r5CisviT8	20260604	11807	In a Game of Fools Without The Rules	21842
mjYPN6fe6DY	20260309	6944	America At War With Iran: Preparation For Conflict	18285
r1rk8TpIX_A	20260224	3041	Our Forefathers Built This; We as Sons Must Preserve This!	21982
6HLJHuzYquc	20260208	105	Esau’s Achilles Heal  [Trailer]	6428
LWGOfVeOKTs	20251202	618	Lying Christians | Excerpt from "The Negro Bible: The Making Of A Slave"	6782
8F_OivZ9pYg	20251201	2263	Matthew 25:1-12 | Excerpt from "The Negro Bible: The Making Of A Slave"	19128
ZiwI9Yiq9cA	20251127	1178	Ezekiel 37:1-11 | Excerpt from “The 4 Temples of Jerusalem”	8457
N4LZhnhIt8E	20241203	74	Giving Tuesday is tomorrow help us complete the film “3 Days Later”! Donate now RoyaltyFilms.Com	8028
P3SqX9IVCxw	20241014	5264	The Hidden Truth About The Feast of Tabernacles	98437
MVbJVpsf2Vo	20240811	55	Mens Conference 2024! Waging war on sin all across the world! The Journey To Redemption!  #BayArea	18466
4fEHRn5rejU	20240807	64	Have you prayed for vengeance? It’s coming don’t worry! 2 Thessalonians 1:6	9655
WVY5LIbRivs	20240804	2980	Feast of Tabernacles 2023	11078
QupQ4KDBWBw	20240401	85	“The insurrection and civil war will be against the righteous! #IUICTV	7724
vo7rOXn568w	20240328	89	“He that loseth his life shall find it!”	5441
9YNB-9a_AGM	20240328	64	Tune Into “The Power Hour” ever Wednesday at 10pm est	2422
DIxVZoHEivs	20240322	90	“He who overcometh will rule over the nations!”	3306
Vx4tqlITIfE	20240322	90	“He who overcometh will rule over the nations!”	1876
T6jwWgScUMc	20240317	85	“They have changed the image of God to white men and birds!”	3365
10uZ3bn5GNM	20240316	67	The Abimelech Code on #IUICTV app	4385
gS0r7hXoZgw	20240303	38	The Prophets Break ground in Italy! 🇮🇹 #Italia #Rome #diaspora	4707
G6Um6fJj0oQ	20240224	79	Evening Sabbath Class  “Judgement for the Mysteries of God” on #IUICTV app & #IUICintheClassroom	3672
xMaC7op9eCI	20240224	70	Come out and join us in your local school today! Call 855-484-4842 to get in contact with us!	2618
e4lxfrqV40Y	20240115	57	Coming Soon The Full Album from The Pen “Journey To Freedom” will be available for all the world!!	4479
ANEux36zFOU	20231220	185	#MotivationMondays Inspiring Words from the Deacons	4135
5bge36gZ3ug	20231020	100	TRAILER | THE PLOT & DEVASTATION OF GAZA IN THE BIBLE | Friday @4pm	11515
4DbhCfFMgT4	20231014	3245	AMARE STOUDAMIRE & THE ISRAELI WAR	145535
uIMccr6nLMU	20231001	124	LIVE Listening Party for the First Ever VIDEO ALBUM October 6th on FIXX YA FACE	5884
7fhMrOo6Ujs	20230718	1834	Black on Black Violence: in Service to WHITE DOMINATION	9053
S9URTJZf1gI	20230709	109	Story Time with General… watch full class “Lazarus & the Lake of Fire”  #IUICTv #Youtube  #Facebook	6342
DABTWkqCAH4	20230516	70	Justice For Rasheem Carter | Touch One You Touch Us All	3337
VWh0WZ6ZdQY	20230403	178	The Leader of IUIC Requests Sit Down with Jewish Leaders	19027
g_ywdrp1hbU	20230331	138	Our Ancestors Always Knew Who The #Antichrist Was | #iuictv #iuicintheclassroom	13886
GS-YpMmtSxk	20230330	138	Excerpt: “Global Racism Against God’s Black People” #IUICEvents2	5482
YvXpHZUjUxI	20230321	68	Excerpt from “ 3 Abrahamic Houses Uniting the World in Sin” available now on #IUICEvents2 👇🏿👇🏿	5153
V3iwKxbt3ZM	20230205	31	NEW CHANNEL - IUICEVENTS2  | SUBSCRIBE NOW!	4928
mQJf34BY7wg	20230205	68	BREAKING GROUND IN SPAIN	4615
Lrt4u05TEg4	20230123	384	The Star of David is Idolatry | excerpt: “Faith is Bigger than Fear”	11956
7rYPvyhvvXA	20230118	122	The Story of Sister Set It Off 🔫💰 & Divine Intervention	5983
l_rRcaXT4Zo	20230117	60	January 16, 2023	2513
yk8pOJswPlg	20221122	267	PUBLIC SERVICE ANNOUNCEMENT TO BLACK ATHLETES & ENTERTAINERS	19619
Fz9yrlsI4Y4	20221113	130	SPOKEN: VOICE OF THE VOICELESS!!! Documentary coming Soon to IUIC TV AND OTHER PLATFORMS!	6916
l1vWx_0R9Rg	20221106	39	Israel the Time is Now	8729
rCF1RtyZnKs	20221031	97	OPEN CHALLENGE TO THE ✡️ #JEWISH COMMUNITY ✡️	6320
2m8jVIrelQE	20221030	83	PSA to all celebrities!! If you want to go to war you need an Army! We ain’t hard to find!	4684
kGQ0391lKLk	20221020	7318	#IUIC | Murmuring Is Unprofitable	9113
GusxbS6IZ-c	20221018	1115	#IUIC | MODERN WARFARE IS IN THE BIBLE	9168
sUBiNaN_c7Q	20221011	8703	#IUIC | Evil Black Women & Weak Men That Follow	22408
zt_x_2E3Bv0	20221010	8439	#IUIC |STAND UP AND BE COUNTED #bible #biblestudy #scripture	42533
Aiok9-6FrT0	20221010	11125	#IUIC | Overcoming When Satan Enters In |	273128
9llsVmdsPWo	20220930	8479	#IUIC | SAINTS & the CITY | TABERNACLES OPENING CLASS with BISHOP YAWASAP #feastoftabernacles	16784
liMF7agOzio	20220725	7214	#IUIC | SABBATH MORNING CLASS: The Beauty of God's People Runs Deep	5914
_GfIQUXqcP0	20220717	90	Gino Jennings is all bark no bite, everything sounds good until the purple and gold is outside!!	5164
lSkVBe55geU	20220411	6812	#IUIC | #WAKEUP THE LORD IS CALLING YOU | PART 2	37458
DRdlMe8ex2c	20220409	90	Bishop Nathanyel Message to Christians	212007
CNbv-5_t2sI	20220318	3209	#IUIC | WAKE UP!!! THE LORD IS CALLING YOU | PART 1	31595
Qj-nYSq9sS0	20220228	9820	#IUIC | OUR SPIRITUAL MAINTENANCE TO ENDEAVOR IN UNITY	20037
7Lsmv3rE73s	20211226	11672	#IUIC | HOLIDAY TEMPTATIONS	64666
u9OTqXnilx4	20211205	160	#IUIC | BITTER NEGRO BLUES | #AvailableNow on #IUICtv on demand	2600
0WgjJyQ9weY	20211119	3088	#IUIC | ALTHOUGH MY BEHAVIOR HAS CHANGED, I'M STILL FOLLOWING CHRIST	16319
a9H3lMfy-1E	20211102	66	#IUIC | CREFLO DOLLAR DESTROYS MARRIAGES | Available on #IUICTV APP	4099
_m2q1DuB8Tw	20211101	10482	#IUIC | #WITCHCRAFT SPIRITUAL WICKEDNESS IN HIGH PLACES	37704
olS_GlacdD0	20211025	9639	#IUIC | THE CITY OF ISRAEL || BISHOP YAWASAP	22864
1DPLsdVgcvU	20210913	7074	#IUIC | CLICK BAIT | #FIXXYAFACE #TGIF	7102
AbH_DBzsS8c	20210903	110	#IUIC | BEING MARRIED TO EVE | TRAILER	7288
feYeVMlULAI	20210720	8435	#IUIC | THE AMERICAN SYSTEM OF HYPOCRISY	23461
0fVnF3rHHfw	20210629	82	#IUIC | DELIVER US FROM EVIL #TRAILER | #IUICTV	6172
F_zg4UBZdeQ	20210619	86	#IUIC | RATED R FOR RETARD RELATIONSHIPS | DOWNLOAD #IUICTV APP	4811
Q4SUeYbo_fk	20210524	4557	#IUIC | THE INHERENT ROLE OF LEADERS	13758
n8xqmZN3VIs	20210514	2439	#IUIC | WHEN DREAMS BECOME NIGHTMARES | PART 3 FINALE	7215
ok5FW8zxVDw	20210507	2106	#IUIC | MARRYING OUTSIDE YOUR RACE	19749
7mYO0yX8TKA	20210503	3643	#IUIC | WHERE SINNERS FEAR TO TREAD | PART THREE	10909
P-YJMnefSSc	20210429	4261	#IUIC | WHERE SINNERS FEAR TO TREAD | PART TWO	13053
VInxUsHiO2g	20210427	7624	#IUIC | DEFLECTION IS DECEPTION BUT THE ELECT WON'T BE DECEIVED	15239
LbuZlx1tIw4	20210426	4436	#IUIC | WHERE SINNERS FEAR TO TREAD | PART ONE	15904
K15HaJ3f880	20210423	8581	#IUIC | WE ARE NOT A HATE GROUP | THE WAR AGAINST FALSE MEDIA PERSUASION | PART 2	19141
rXglkmd7-Eo	20210413	450	April 12, 2021	4264
1q3OeRGdZeE	20210329	2694	#IUIC | #APOLOGETICS MODERN HERODIANS & INQUISITORS | PART THREE	8735
HSe9UGknjbs	20210318	4069	#IUIC | #APOLOGETICS MODERN #HERODIANS & #INQUISITORS | PART 2	9468
aCAcxc01Yyg	20210311	3708	#IUIC | #APOLOGETICS MODERN #HERODIANS & #INQUISITORS | PART 1	12900
XjqPJViDFy0	20210304	3714	#IUIC | MY SPOUSE AINT RIGHT | PART 3	14508
6lXHLXpdqVg	20210226	5123	#IUIC | MY SPOUSE AIN'T RIGHT | PART TWO	23145
KbnsMIzz_n8	20210222	3843	#IUIC | MY SPOUSE AIN'T RIGHT | PART ONE	34710
z5rT8hmSjkI	20210204	3004	#IUIC | DAMN! I MARRIED A MONSTER | PART THREE	13076
LYioIFYYTrc	20210105	6875	#IUIC | BISHOP SINEGAL #CLUBHOUSE CONFUSION IN #EGYPT | SHOUTOUTTUESDAY	53247
CNqzGtVQucc	20210104	3999	#IUIC | DAMN I MARRIED A MONSTER | PART ONE	28125
VQJI80HT1gc	20210101	2323	#IUIC | GOOD NEWS FOR OUR OPPRESSED PEOPLE | PART THREE	17915
94kLbHPp0wc	20201228	2970	#IUIC | GOOD NEWS FOR OUR OPPRESSED PEOPLE | PART TWO	18524
IalD1ZclfVU	20201206	5659	#IUIC | WHITE SHEPHERD'S OVER BLACK SHEEP | PART TWO	28066
MaFFssT6Mqc	20201202	4425	#IUIC | WHITE SHEPHERD'S OVER BLACK SHEEP | PART ONE	24249
MK2hPW2wWKU	20201125	3138	#IUIC | CRUSHING COLOSSIANS HERESIES | PART TWO	17363
vO-ONHxWBMc	20201123	3124	#IUIC | CRUSHING COLOSSIANS HERESIES | PART ONE	22513
bJcpoWHP4DQ	20201113	6608	#IUIC | THE UNDERSTANDING OF PSALMS 18	97550
_peqP-M86hk	20201110	3933	#IUIC | The Uplifting of Leaders | #MensConference2020	6668
VCEKzltfQMo	20201110	2745	#IUIC | EXPLAINING DARK SENTENCES | PART 3	21176
tfH_TDX9BLc	20201109	100	Is #Thanksgiving a day to Celebrate as the Israelites?	6762
MOYpU5Zj150	20201106	4005	#IUIC | EXPLAINING DARK SENTENCES | PART 2	26382
uWMw7Kl9AQE	20201106	119	The #Revolution will not be televised! Join the solution today! Visit IsraelUnite.org now!	10843
OVy9G-KuVDo	20201104	3091	#IUIC | EXPLAINING DARK SENTENCES | PART 1	30772
IHEYv1O98FM	20201102	4018	#IUIC | A NEW RELIGION | PART THREE	20595
pQ_MnGdZ9to	20201023	2858	#IUIC | A NEW RELIGION | PART TWO	25476
syfzOMN55hs	20201019	2589	#IUIC | A NEW RELIGION | Part One	32998
xniCd7Khc8g	20201016	9367	#IUIC | The Four Carpenters and The Five Levels of Discipleship	29748
kZ25eLUcszI	20201009	5058	#IUIC | Deacon Yawasap | LEVELING UP IN ORGANIZATION | #MensConference2020	17522
w9pAQ71idGY	20201005	8076	#IUIC | Deacon Eythan | Walking in Elijah's Footsteps	53794
389yudB92Ps	20200821	6656	#IUIC | GIVING HEED TO DOCTRINES OF DEVILS	38447
3hA-iEyNT1E	20200723	7406	#IUIC | IF ANY MAN BE IGNORANT | #THROWBACKTHURSDAY	31051
OyNau34WdA4	20200706	3134	#IUIC | THE PRINCIPAL THINGS & SPIRITS THAT ARE CREATED | PART 2	14130
ZyUvI7L5Zus	20200702	3054	#IUIC | The Principle Things & Spirits That Are Created | Part One	25468
3HJEL3LqTec	20200625	9476	#IUIC | THE PAIN OF CHANGE OR REGRET | DETROIT CLASS | #throwback	20066
fLwBdYSXaJY	20200612	9265	#IUIC | FIXING THE CRACKS IN OUR LIVES	53802
7MConV-jXww	20200605	1780	#IUIC | 1 CORINTHIANS 13 | #LOVETHYNEIGHBOR	23992
sDkXh1VGrzg	20200601	2829	#IUIC | COMFORT IN TIME OF TROUBLE | PART ONE	11305
-K7aqromATQ	20240214	10781	The Keys Of Hell & Death: The Lake Of Fire	240313
-QSqG6-AL5g	20200527	2202	#IUIC | #EATTOLIVE & #BURNTHEFAT	28406
81Se27i_p6k	20200518	1759	#IUIC | HABAKKUK 3: INVASION OF THE LORDS ARMY	38707
VbGK_GeP1Ho	20200511	2214	#IUIC | 400 YEARS FROM EZRA TO CHRIST | PART THREE	14392
A1kUi4LyPYA	20200506	1869	#IUIC | 400 YEARS FROM EZRA TO CHRIST | PART TWO	15845
L1NjdyONX-4	20200501	3918	#IUIC | 400 YEARS FROM EZRA TO CHRIST | PART ONE	37898
_PRRQzQggK0	20200424	2510	#IUIC | 70 WEEKS EXPLAINED | PART THREE	7863
l0F7OE5bS44	20200419	2932	#IUIC | 70 WEEKS EXPLAINED | PART TWO	13027
fKGwLqUJutA	20200417	3232	#IUIC | 70 WEEKS EXPLAINED | PART 1	21325
eFsQ6co-698	20200401	2106	#IUIC | Colossians 1 Explained	51306
1ZCTyqoKbVs	20200309	2776	#IUIC | GALATIANS 3 THEN & NOW | PART THREE | FINALE	26428
E9NLfVZ09Tc	20200306	2823	#IUIC | GALATIAN 3 THEN & NOW | PART TWO	24607
qnlwHSrZQ04	20200301	2674	#IUIC | GALATIANS 3 THEN & NOW | PART ONE	66828
TpURVRKeA1s	20200128	3218	#IUIC | CAMPAIGN FOR CHANGE | PART TWO	7919
-oIW6wISGJA	20200124	3158	#IUIC | #CAMPAIGN FOR CHANGE | PART ONE	7437
FMMiNm4MHhE	20200121	5041	#IUIC | A Time Of Defamation	40137
34y8sqZg3MQ	20200110	3443	#IUIC | GOD & THE IRON FIST PROGRAM | BLACK IDENTITY EXTREMIST | PART 3 FINAL	16490
Cb9d6sQP32c	20200103	4160	#IUIC | #America Is A Reflection Of Ancient #Assyria | PART 2	45262
bxk6_iD0iz8	20200102	3904	#IUIC | GOD & THE IRON FIST | BLACK IDENTITY EXTREMIST | PART 2	16493
ixoMGS1rXrs	20191227	3445	#IUIC | Red Dragon Red Herring	22442
KlsPyMCQ8u4	20191225	3165	#IUIC | #America Is A Reflection Of Ancient #Assyria | Part 1	18468
XZDKYEEtRLc	20191219	3125	#IUIC | GOD & THE IRON FIST PROGRAM | PART 1	23908
yQQaFfuCZKY	20191211	2164	#IUIC | IDENTIFYING YOUR MARRIAGE IN THE BIBLE | PART 4	5437
NS-WcvaWM2g	20191208	3127	#IUIC | IDENTIFYING YOUR MARRIAGE IN THE BIBLE | PART 3	7855
208EPMwAq6s	20191204	1914	#IUIC | IDENTIFYING YOUR #MARRIAGE IN THE #BIBLE | PART TWO	7368
kaC-XyyC4Gs	20191201	3004	#IUIC | IDENTIFYING YOUR #MARRIAGE IN THE #BIBLE | PART 1	11533
hOkLRJ-FpEk	20191127	5908	#IUIC | HIP HOP MARRIAGE...DRAMA | PART TWO	9173
fjfKT4t1ZPU	20191125	3160	#IUIC | HIP HOP MARRIAGE...DRAMA | PART ONE	10649
u-WGaKqblBA	20191120	3164	#IUIC | I LOVED THE HEBREW STRANGLER | PART THREE	6738
azmakNi7xa0	20191113	2909	#IUIC | I LOVED THE HEBREW STRANGLER | PART TWO	8304
tT4N3SiU-XI	20191111	2882	#IUIC | I LOVED THE HEBREW STRANGLER | PART ONE	14345
nqtwhael0Ug	20191104	2673	#IUIC | #BLACK #CHRISTIAN #CRIMINALS | PART 3	6243
iYmenWPdA8Q	20191030	3170	#IUIC | #BLACK #CHRISTIAN #CRIMINALS | PART 2	8217
xgk9UBqUbpY	20191028	3292	#IUIC | #BLACK #CHRISTIAN #CRIMINALS	15285
zQhyh2DpqQg	20191023	1544	#IUIC | HELP I MARRIED A N199@ | PART 3	4921
1tvr0P1yepQ	20191021	2732	#IUIC | HELP I MARRIED A N!99@! | PART 2	10139
jDJEdX-ldis	20191018	1911	#IUIC | HELP I MARRIED A N!99@	15427
sFEbFZtK8rE	20190920	1098	#IUIC | THE #SPLC #EXPOSED!	12882
xOlxI1QUs1s	20190912	9119	#IUIC | #BBCNEWS RESPONSE #JOYMORGAN	28366
3E0PrA6Vvro	20190902	71	#IUIC • #ChicagoCampaign • #MensConference2019	6129
HnE-hxeXkN8	20190831	13028	Stay Focus, Stay Strong!	4585
qyYpXgI0jrk	20190826	2251	#IUIC | THE REAL DEAL ABOUT WEEZALEEL	22988
OzLsih1qjRI	20190824	13834	BEWARE! Some People Make Things Up	5159
qyF-0jqoePo	20190817	3537	The Israelites: The Purpose & #Terror of #Religion | Part 4 | Final	8071
gPm7KQW3vzM	20190817	15463	Atheists Are Dangerous!	3502
NU96itrHJuo	20190810	11948	Arguing, And People Who Love It! (Pt. 2)	3738
svRZ8212xLU	20190810	2003	Arguing, And People Who Love It! (Pt. 1)	3562
LvaVB9IoSZ4	20190805	1348	#IUIC | The Purpose & Terror Behind Religion | Part 3	6681
XlItlQ-k_HU	20190803	15292	What Is Blasphemy?	4032
jOWyjz29q-o	20190727	14028	Jealousy	5505
7xR17SxkAuw	20190726	9628	The Israelites: Time Management In 8 Hours	136075
nNRoDv-ND10	20190721	2489	The Israelites: Purpose & Terror Behind Religion | Part 2	11063
CAcNYmcWGu8	20190720	13042	Count Your Blessings & Keep Your Faith	3604
BDpw3aNGkUc	20190620	4205	#IUIC | THE TIME, DEATH & RESURRECTION OF CHRIST | PART 2 OF 3	24926
GgkEkWnwL74	20190608	17377	Our People Have No Fear	3738
kptVHZxvBqQ	20190604	16377	Complainers And The Ungrateful	3009
fFmBYo-6Opc	20190426	8668	#IUIC | TRIALS TURNED INTO TRIUMPHS	27068
d319vSo53xQ	20190419	4776	#IUIC | THE TIME, DEATH & RESURRECTION OF CHRIST | PART 1 OF 3	48922
aJVCpSb9t74	20190322	2114	#IUIC | THE REINVENTION OF THE REPROBATE | PART SEVEN	2716
-_AID-3zYOA	20190315	2042	#IUIC | THE REINVENTION OF THE REPROBATE | PART SIX	3414
15KXP2seX8A	20190306	1794	#IUIC | THE REINVENTION OF THE REPROBATES | PART FIVE	3014
Vytw5iT9vvk	20190301	930	#IUIC | THE REINVENTION OF THE REPROBATE | PART FOUR	3169
dfHCF1iB8nk	20190227	1261	#IUIC | THE REINVENTION OF THE REPROBATE | PART THREE	3517
q4_t8i6L3oo	20190224	1529	#IUIC | THE REINVENTION OF THE REPROBATE | PART TWO	4929
CK7X9dR_osA	20190222	1617	#IUIC | THE REINVENTION OF THE REPROBATE	9100
Afb4lk3q2FM	20190215	718	#IUIC | #AFRICA and the #GARDENOFEDEN | PART NINE | FINAL	7005
56DD0LN5VLQ	20190213	8983	#IUIC | Murmurers & Complainers in Jude | #Prophetic Class	18758
PkO-I3-e6mc	20190211	909	#IUIC | #AFRICA and the #GARDENOFEDEN | PART EIGHT	7073
mk83lubGzV0	20190210	1029	#IUIC | #AFRICA AND THE #GARDENOFEDEN | PART SEVEN	7815
YUlhSGB2oos	20190204	938	#IUIC | #AFRICA AND THE #GARDENOFEDEN | PART SIX	10131
pSkc1MXj1qQ	20190130	994	#IUIC | #AFRICA AND THE #GARDENOFEDEN | PART FIVE	10333
rwvT-sVIy2g	20190127	1052	#IUIC | #AFRICA AND THE #GARDENOFEDEN | PART FOUR	11220
uKJIuk23AGE	20190125	1044	#IUIC | #Africa and the #GardenOfEden | Part Three	12730
TcDn1hDWaXI	20190123	1109	#IUIC | #Africa and the #GardenOfEden | Part Two	16507
0YlsX48qUUM	20190122	894	#IUIC | #Africa and the #GardenOfEden | Part One	26585
6Sny-h-JKLo	20190120	9212	#IUIC | STAY IN THE SPIRIT	84955
1VbnMbblPCc	20190114	1582	IUIC || WHEN SHEEP BECOME LIONS | PART FIVE	5565
PAH1weyiGqU	20190111	1458	IUIC || WHEN SHEEP BECOME LIONS | PART FOUR	6810
c2hR9_dKVoE	20190109	1678	IUIC || WHEN SHEEP BECOME LIONS | PART THREE	8601
xbAqwEqlec0	20190108	1057	IUIC || WHEN SHEEP BECOME LIONS | PART TWO	7401
cAs8X0ySE74	20190107	925	IUIC || WHEN SHEEP BECOME LIONS | PART ONE	10761
UJ0nRIVRPls	20190104	7689	#IUIC | THE CONCEPT OF TIME | Destruction of the Morning #Sabbath	35939
aM7GF8dNh3w	20190101	1435	IUIC | EYES WITHOUT #VISION | PART THREE	4732
R723sJumTgI	20181230	1421	IUIC | EYES WITHOUT #VISION | PART TWO	5630
pSUxIEtPtBQ	20181228	1089	IUIC | EYES WITHOUT VISION | PART ONE	7786
DpogEw3UGFs	20181227	1108	IUIC | WISE AS A SERPENT | PART THREE	4626
mFGRj-HXKrU	20181224	1805	IUIC | WISE AS A SERPENT | PART TWO	6058
lnwzJBhTPiI	20181220	1158	IUIC | WISE AS A SERPENT | PART ONE	10389
KAd224HuW8k	20181212	2955	The Israelites: JUST ONE MOVE FROM GOD | PART THREE	9060
YEBaRHrjFzU	20181209	1889	The Israelites: JUST ONE MOVE FROM GOD | PART TWO	7636
vp8CfqGVHW8	20181207	2106	The Israelites: JUST ONE MOVE FROM GOD | PART ONE	9582
k9YLfGr3pUk	20181206	1818	IUIC | WHY #WHITEPEOPLE HATE #BLACKPEOPLE PART SIX	19149
C8kYdKZyl4Q	20181204	1366	IUIC | WHY WHITE PEOPLE HATE BLACK PEOPLE | PART FIVE	19577
VzZ5eBcbeX0	20181128	1302	The Israelites: A BROKEN RELATION MAKES FOR A BROKEN NATION | PART 5	3858
A0gJ_kka3Cw	20181124	1894	IUIC | WHY #WHITEPEOPLE HATE #BLACKPEOPLE | PART FOUR	28540
fjgE8J4BsOo	20181123	1556	IUIC | WHY #WHITE PEOPLE HATE #BLACK PEOPLE | PART THREE	43683
D1VDY-NigWw	20181121	1532	IUIC | WHY DO WHITE PEOPLE HATE BLACK PEOPLE | PART TWO	73044
oQWTFNKxnnM	20181120	887	IUIC | WHY DO #WHITEPEOPLE #HATE #BLACKPEOPLE | PART ONE	166272
P_qHfsSfObE	20181119	1076	The Israelites: How To Know If You Left The Truth	8024
HiNtWRxe9IA	20181115	1041	The Israelites: SABBATH 101 FOR IDIOTS	38020
eSLLCRV05Ls	20181112	1391	The Israelites: A BROKEN RELATION MAKES FOR A BROKEN NATION | PART 4	3520
ABdNOPKoNmM	20181108	1090	IUIC | #SALVATION WITHOUT #OBLIGATION | PART FIVE	3884
bYu5n7KExQg	20181107	946	IUIC | #SALVATION WITHOUT #OBLIGATION | PART FOUR	4509
xa5QGWniXEw	20181105	1095	IUIC | #SALVATION WITHOUT #OBLIGATION | PART THREE	6383
Zz6Z_BwOnDg	20181101	1493	The Israelites: A BROKEN RELATION MAKES FOR A BROKEN NATION | PART 3	3834
k6tFRGjwAU0	20181026	1457	The Israelites: A BROKEN RELATION MAKES FOR A BROKEN NATION | PART 2	4673
iteDfHtjLrY	20181025	1284	The Israelites: IGBOS CELEBRATE NEW FULL MOON	8618
X8ihskOiSw0	20181024	1646	The Israelites: A BROKEN RELATION MAKES FOR A BROKEN NATION | PART 1	7713
6d3UviwmzeY	20181022	1016	The Israelites: A STRONG MARRIAGE MAKES A STRONG NATION | PART 8	4492
BX6VA_7WgqM	20181019	1081	The Israelites: A STRONG MARRIAGE MAKES A STRONG NATION | PART 7	4786
Y2GgKsHIYiY	20180211	8826	The Israelites: A Gift Destroyeth the Heart	26046
RxB3mDmfLok	20180129	7918	The Israelites: JERUSALEM, THE WHITE MAN'S BURDEN	93173
KhZQ9_OYKN0	20180117	1789	The Israelites: SPECIAL REPORT: JIM CROW RACISM ALIVE IN CAMILLA, GA	14030
hkMoeacCOJ8	20171229	8052	The Israelites: Messiah in the Old Testament	75625
BuE3zdB4XbE	20171215	5192	The Israelites: Religions of compromise converting into convenience	24189
HZ_9W9QO8gw	20171215	6658	The Israelites: Why Create Who You Hate?	87765
G134IO9kOOg	20171207	5248	The Israelites: The Image of God	85134
Cp0MZRokXYw	20171124	7202	The Israelites: Curse of the Law	60134
_HLJVhTpehs	20171117	7989	The Israelites: Your Nationality Doesn't Matter?	58918
kXj1EbGu9Q8	20171103	6427	The Israelites: Race, Colonialism & The Golden Coach	33952
x6JFOyU-WT0	20171026	3226	The Israelites: BUILDING STRONG CHILDREN	35344
uBaRf1CP_cw	20171019	992	The Israelites: South Afrikaans Denial of Truth	3992
bkW1A5IL0sQ	20171013	2470	The Israelites: Sorry! Job is NOT an Edomite	47558
tkbaJ7jO7Hs	20171006	7545	The Israelites: The Star Spangled Banner is RACIST	45026
YdlnEhGjRwY	20171002	1435	The Israelites: WOMEN'S WORK	63391
519be5lb1xI	20171001	639	The Israelites: Akon Knows Jesus is Black	27419
dq6DsAefGfo	20170929	825	The Israelites: #AssataShakur And A #RevolutionaryPeople	12426
BR_sMZUgBuE	20170925	1027	The Israelites: STUDY FOR  CAUSE NOT APPLAUSE	14466
mtWQI-mhmQc	20170919	9636	The Israelites: #WhitePrivilege in Both Kingdoms??	141305
PeWDLTXxIuQ	20170915	3551	The Israelites: UNDERSTANDING OF PSALM 23	110668
d_canMfJjoU	20170906	1383	The Israelites: The NFL Has Lost Their Minds	20749
vjMlHls5vDc	20170831	120	IUIC Commercial: Tamir Rice, Sandra Bland, Philando Castile. Wake Up Israel!!!	11785
YHGmttTzcWs	20170828	1343	The Israelites: HOLLYWOOD Knows the TRUTH | Dracula Untold Commentary	41325
mlLVptTrmKE	20170823	2003	The Israelites: Kneeling Against Injustice #ColinKaepernick #BoycotttheNFL	16606
ITBO5EN0gdw	20170810	8710	The Israelites: Race In The Bible	87856
pctznvHL46o	20170804	5088	The Israelites: Identity - I Got Royalty Inside My DNA	29492
hgF0VF-5XxA	20170729	8475	The Israelites: The 8 Deadly Atrocities Committed Against Puerto Rico	41192
a-Cijs75ULI	20170719	4770	The Israelites: The World's CONSPIRACY to OPPRESS	62599
O6MuyvWWwKw	20170704	8400	The Israelites: ENEMY OF THE STATE	67411
BA5rWWQATHE	20170629	3111	The Israelites: Sovereignty	18146
N01EBFNIIqw	20170622	9722	The Israelites: The Leaders that gave their lives for THEIR people	29229
3ve_CmppZH8	20170613	541	The Israelites: A CALL TO ARMS: DIASPORA	12071
fHttq6AcbVk	20170609	8899	The Israelites: Christianity Is The Face Of Paganism & Hellenism	108048
1OFE8p0VnoQ	20170506	8869	The Israelites: Black Hebrew Israelites & the One Lie Conference	86992
EYRSOHUmIiQ	20170501	5580	The Israelites: Conscious Community And The Israelites In Prophecy!!!	50444
bbLhyOLU-c4	20170427	4405	The Israelites: DAMN. #KENDRICKLAMAR	131060
AAjBbAznX_8	20170425	280	The Israelites: #ThrowBack Who or What Is An Israelite?	12430
2O_hrf78xoU	20170414	5904	The Israelites: The Untruthful Trinity!!!	124762
iWpDmZBoyZc	20170411	10214	The Israelites: No Revolution Without Evolution	85874
TCiR1QqdixE	20170406	5942	The Israelites: FOOD & MEDICINE Destruction of Our People	61459
j5JmPIRIEZ4	20170403	8795	The Israelites: The FEAR of the FRINGES	87167
5dK6IVRnoeg	20170324	4159	The Israelites: Christian Gospel Gender Bending	31745
KXHV35e4bCg	20170320	731	The Israelites: BEN CARSON GET OUT!!!	15525
GobOW7HtPhw	20170304	9098	The Israelites: A Colonized Occupied Population	66632
3aT8epWIGkE	20170216	7565	The Israelites: Hebrew Pimps and Hotep Hustlers	42583
di_0ARTD1SM	20170131	2644	The Israelites: The Name Doctrine...Destroyed!	32682
7CIoec7oJxE	20170109	8326	The Israelites: What Is Black Power & A Black Community?	36326
QWW6NLTH1-M	20170106	3305	The Israelites: Signs Of A Sociopath	22344
Yg5np4YgTWU	20170104	1660	The Israelites: WILL NEVER BE DEBUNKED!!!	24784
zIv9V3jfOW4	20161230	6191	The Israelites: We Fear No One	58889
U6hTs0vErVQ	20161229	1563	The Israelites: The Importance Of VisioNATION	8604
8NcN9R0Stoc	20161221	2016	The Israelites: Kwanzaa vs Hanukkah	36174
52TbjmVrVZM	20161220	4406	The Israelites: COINTELPRO is EO12333	14667
gX1efeCTGTs	20161202	5471	The Israelites: Leadership For Beginners	56419
VmXofTTT6oM	20161115	4582	The Israelites: Negroes That Join With Their Oppressors	32800
XW5ty5rIGn8	20161112	1019	The Israelites: The Birth Of A Nation	12227
cxZW3P_kaTw	20161110	354	The Israelites: New Moon is Full Moon is Super Moon	8866
W9jgwUu7bSk	20161108	1195	The Israelites: The 7th Day Sabbath Is NOT Based On The New Moon	25045
SAlzoTnIIuk	20161030	1118	The Israelites: A People Not Desired	7666
m8Z29eT8XZo	20161030	108	America: Cesspool of Racism	4346
7q6XySH_xAc	20161007	4792	The Israelites: SPLC Anti-Semitism and Black Separatist	21701
YRtnO83em84	20181015	1171	The Israelites: A STRONG MARRIAGE MAKES A STRONG NATION | PART 6	5935
wxiyRcs-7Fw	20181010	1258	IUIC | DO NOTHING WITHOUT #COUNSEL | PART FIVE	3658
qAOcrlfCx3E	20181008	1138	The Israelites: FOR SCOFFERS THAT DON'T LIKE CAMPS	7017
4gDLtRj5fFE	20181007	1025	IUIC | DO NOTHING WITHOUT #COUNSEL | PART FOUR	3060
dnI9WGx_PiQ	20181006	1265	IUIC | DO NOTHING WITHOUT #COUNSEL | PART THREE	4150
etIPZg_Wjss	20181005	1088	The Israelites: A Strong Marriage Makes A Strong Nation | Part 5	5344
eqii7obgo_4	20181004	1942	IUIC | DO NOTHING WITHOUT #COUNSEL | PART TWO	6573
BfS1PT6HI8c	20181002	1098	The Israelites: A STRONG MARRIAGE MAKES A STRONG NATION | PART 3	6816
PjR5XtFo0LA	20181002	984	The Israelites: A STRONG MARRIAGE MAKES A STRONG NATION | PART 4	5123
7klbg9NFve0	20181001	1161	The Israelites: A STRONG MARRIAGE MAKES A STRONG NATION | PART 2	8296
DsFiaAZPySw	20180930	1088	The Israelites:  A STRONG MARRIAGE MAKES A STRONG NATION | PART 1	12509
LR-oZ0NDjxI	20180926	1160	The Israelites: OUR SOJOURN IN AFRICA | PART 5	6489
pFa3b8rhZss	20180924	2941	The Israelites: ROMANS 16:17 EXPLAINED FOR THE RATCHET NEGRO	23982
dZ8CH8TgWz0	20180923	1976	IUIC | THE 5 TYPES OF #WOMEN | PART SIX	23654
3KtkGXbMImc	20180921	1139	The Israelites: WHAT DOES GOD LOOK LIKE? | PART 4	4667
8dYvrBqkhCo	20180920	1427	The Israelites: WHAT DOES GOD LOOK LIKE? | PART 3	5891
IpFxfYpUJVU	20180918	1365	The Israelites: WHAT DOES GOD LOOK LIKE? | PART 2	8868
Au_a5-3XFmc	20180917	1076	The Israelites: WHAT DOES GOD LOOK LIKE | PART 1	11544
FjpSEA7HTDc	20180910	1031	The Israelites: SECRET PLOTS TO DESTROY BLACK PEOPLE | PART 2	16745
h50UCqIh3oo	20180909	412	IUIC RECAP ON MISSION TO HAITI	4289
7WSaX03H1Hk	20180907	707	IUIC | Old Man Ebro & WSHH Shine Some Light on the Memphis Milestone March	24659
X9dUowAmTzQ	20180906	400	IUIC | ACTS OF THE APOSTLES | CINCINNATI OHIO	6733
Udm6xATm9ZI	20180905	1096	The Israelites: OUR SOJOURN IN AFRICA | PART 4	6851
CDVz4v7WuYY	20180903	1713	The Israelites: THE THREE COMMITMENTS | PART 6	5966
eVSm11TcYVw	20180901	483	The Israelites: THE LORDS PRAYER | THY KINGDOM COME	8664
RNGADrqjTeY	20180831	608	The Israelites: S.O.R.A. = STINKY ORAL RATTY ATTACKS	9122
xaFF2NYGky4	20180830	1402	The Israelites: THE THREE COMMITMENTS | PART 5	6563
FXKqQfQFQ_c	20180828	1913	The Israelites: SPLC & CHRISTIANS AGREE WITH CATHOLIC PEDOPHILES	7435
BNaqsgOrKV4	20180823	2158	IUIC | TD JAKES MAD AT THE ISRAELITES	128869
mlREwE83_wc	20180822	914	The Israelites: OUR SOJOURN IN AFRICA | PART 3	7326
IwSMQqSIr48	20180821	989	The Israelites: OUR SOJOURN IN AFRICA | PART 2	8583
EWJ5I0C__K4	20180820	964	The Israelites: OUR SOJOURN IN AFRICA | PART 1	10977
PJDf890Sbn8	20180810	1262	The Israelites: The Three Commitments | Part 4	7445
AVhT4a3vubg	20180808	1258	The Israelites: The Three Commitments | Part 3	7621
aWjpnQ870Lg	20180807	134	ISRAEL UNITED IN CHRIST | THE MEMPHIS MILESTONE	9482
ZD1T6XHBMnU	20180802	1950	The Israelites: The Three Commitments | Part 2	12263
kdXDuP5RWFE	20180731	1158	The Israelites: The Three Commitments | Part 1	14793
SLuJ-fjaVq8	20180723	1373	IUIC | DO NOTHING WITHOUT #COUNSEL | PART ONE	12102
SMaU6YarnDg	20180717	1715	IUIC | BLACK PEOPLE MUST LEAVE THE #CHRISTIAN #CHURCH | PART FOUR	20031
83GHiylYBKo	20180710	1328	IUIC | BLACK PEOPLE MUST LEAVE THE #CHRISTIAN CHURCH | PART THREE	25707
TyzsqBht5gY	20180709	2709	The Israelites: DO SNITCHES REALLY GET STITCHES?	14344
TZoP6cCswgM	20180706	1655	IUIC | The #FASHION OF #ISRAEL | PART FIVE	12225
oxTelQgobBA	20180705	1207	IUIC | #SALVATION WITHOUT #OBLIGATION | PART TWO	8510
KML9Oz7umQc	20180704	1220	IUIC | THE 5 TYPES OF WOMEN | PART FIVE	22712
LFpXI8mRgBo	20180629	1033	IUIC | #SALVATION WITHOUT #OBLIGATION | PART ONE	12151
A7HFXNdnI1s	20180625	1191	IUIC | BLACK PEOPLE MUST LEAVE THE #CHRISTIAN #CHURCH | PART TWO	25025
q2xa-IVs1Vo	20180622	929	IUIC | THE #FASHION OF #ISRAEL l PART FOUR	6053
phXSEZpsQYY	20180621	1266	IUIC | BLACK PEOPLE MUST LEAVE THE #CHRISTIAN #CHURCH | PART ONE	52659
xefiihRHmkI	20180615	1262	IUIC | THE FASHION OF ISRAEL | PART THREE	10965
JjoIvavIwwY	20180611	288	The Israelites: So called #Mexicans are of the tribe of #Issachar	85733
fbgT5sfWIYo	20180608	1089	IUIC | THE #FASHION OF #ISRAEL | PART TWO	12553
QuNoA-e75WI	20180605	901	IUIC | THE 5 TYPES OF WOMEN | PART FOUR	26467
CHSW_HCRmZI	20180602	1103	IUIC | THE FASHION OF ISRAEL | PART ONE	24367
KsBB5Q7QbVM	20180531	1611	IUIC | 5 TYPES OF WOMEN THAT CAN'T GET MARRIED | PART THREE	28536
qQ_8z8Hh6P8	20180530	1194	IUIC | The 5 TYPES OF WOMEN | PART TWO	36394
_BUj-SyEaxI	20180529	1401	IUIC | The 5 TYPES OF WOMEN | PART ONE	66110
KS6SGM8VHAo	20180528	1178	The Israelites: SENSITIVITY TRAINING MEANS YOU ARE A RACIST (PART 4)	5211
8KJE03_Jyu0	20180522	1077	The Israelites: SENSITIVITY TRAINING MEANS YOU ARE A RACIST (PART 2)	7037
bOEFjDIUu_U	20180521	1220	The Israelites: SENSITIVITY TRAINING MEANS YOU ARE A RACIST (PART 1)	9952
IVU5Rpk4gnM	20180518	1102	The Israelites: #THISISAMERICA According to Scripture	17268
03HhRsorhJo	20180517	1521	The Israelites: BLACK WOMAN IN THE GARDEN OF EDEN (PART 7)	11836
myjbETOV4ag	20180516	710	The Israelites: 12 TRIBES SIGN | EZ 37	23657
iQC2VRniqKQ	20180509	1095	The Israelites: BLACK WOMAN IN THE GARDEN OF EDEN (PART 5)	13028
vQUEsUzEsis	20180507	1774	The Israelites: BLACK WOMAN IN THE GARDEN OF EDEN (PART 4)	16876
wu3j1w_1d-g	20180504	999	The Israelites: BLACK WOMAN IN THE GARDEN OF EDEN (PART 3)	18478
Sq6cZlquZ4E	20180430	1845	The Israelites: AFRICA and the BLACK WOMAN	14591
tYl6C4cKZpU	20180427	1300	The Israelites: BLACK WOMAN IN THE GARDEN OF EDEN (PART 2)	24837
xR1vrZa18wU	20180426	1052	The Israelites: BLACK WOMAN IN THE GARDEN OF EDEN (PART 1)	40339
dCk9NaScR8A	20180425	8210	The Israelites: A GUIDE TO AVOID MARRIAGE MISTAKES (Complete Video)	91574
hj2zLR88AiI	20180420	11113	The Israelites: FEAR OF A BLACK PLANET (COMPLETE)	162663
to9aD74XR6s	20180418	1694	The Israelites: A guide to avoid marriage mistakes (part 6)	7476
atEOswP5ZfA	20180417	692	The Israelites: A GUIDE TO AVOID MARRIAGE MISTAKES  (PART 5)	5579
P0wqCqCYcfc	20180411	736	The Israelites: A Guide to Avoid Marriage Mistakes (PART 4)	7471
ilbDQQG6yfI	20180411	277	The Israelites: PROOF CHRISTIANS LIE TO GAIN AN AUDIENCE	8245
tWqoDd7SKxA	20180410	1155	The Israelites: A GUIDE TO AVOID MARRIAGE MISTAKES (PART 3)	9248
qwqZj8suhp4	20180409	8899	The Israelites: MODERN SODOM & EGYPT	32721
KKXBWF_FOJU	20180408	928	The Israelites: IUIC RECAP ON MISSION TO LIBERIA AFRICA	7078
huPmLHaRxp4	20180408	891	The Israelites: FEAR OF A BLACK PLANET (PART 6) CHRIST KEPT THE FEAST	6146
w5kPy6GjaZE	20180406	531	The Israelites: FEAR OF A BLACK PLANET (PART 5) SPIRITUAL DAGGER	6361
cW2jQSw8kWU	20180406	790	The Israelites: A GUIDE TO AVOID MARRIAGE MISTAKES (PART 2)	10291
FZYimydCPsg	20180405	1483	The Israelites: FEAR OF A BLACK PLANET (PART 4)	9817
1fLrFc4ONMg	20180404	1261	The Israelites: FEAR OF A BLACK PLANET (PART 3)	9763
4_v6cEvwz5w	20180404	727	The Israelites: A GUIDE TO AVOID MARRIAGE MISTAKES  (PART 1)	18816
v1uNAhYKs-8	20180403	1012	The Israelites: FEAR OF A BLACK PLANET (PART 2)	11752
fsxwx1LxKpU	20180403	5285	The Israelites: WHEN ALL ELSE FAILS, START LYING	11423
Usyd2PEgvDE	20180323	6865	IUIC | Mockings Of The Enemy	61418
l9LTvYlKRBo	20180320	3493	The Israelites: Yes, We Can Say Christ	19763
Pd1QQCdV0ws	20180316	12350	The Israelites: ISRAEL | SPECKLED AND UNTURNED	51727
FSuUXdNdYxo	20180309	7343	The Israelites: WAKANDA TO MT. ZION	73012
v0CBb0XYEGA	20180309	65	IUIC BOOSTER CLUB JOIN OR DONATE TODAY!	7044
gEhu3GKFKdU	20180307	3040	The Israelites: LEADERS CANNOT BE EMOTIONAL	54704
hD3KuA_DPn8	20180306	68	#IUIC #WAKANDA TO MT. ZION (Excerpt)	7993
rGb-bdOvfm4	20180221	802	The Israelites: BLACK PANTHER MOVIE MOCKERY?	69319
exL47xRYgFw	20160917	10469	The Israelites: When The Marriage Grows Cold	91050
drcyiZ8H1S8	20160910	4372	The Israelites: WEAPONS OF MASS DESTRUCTION #WMD	96796
ymLpuadXFGw	20160906	4860	The Israelites: Colin Kaepernick A Permanent Underclass #ColinKaepernick	54864
RM_RLK4Ihcc	20160823	736	The Israelites: TRUMP Speaks The TRUTH About BLACK PEOPLE!!!	740339
4AvijyZqTD8	20160805	5694	The Israelites: Liars Will Not Enter Into the Kingdom Of Heaven	64513
_27MRl_sNpQ	20160701	4819	The Israelites: The Scattered Israelites	82426
73KNo8gtIfw	20160514	6516	The Israelites: Genocide	70539
JdX_w99PPWY	20160430	8189	The Israelites: Suicide, Homicide, Genocide	25235
INKJldnUsGQ	20160426	9372	The Israelites: Single Parents Need Love Too	57953
P8-0nDD4eoA	20160413	2641	IUIC HEADQUARTERS SCHOOL GRAND OPENING	10260
aIGUL3xi6Sw	20160315	8006	The Israelites: A Brief History of Black America	443983
rb2kzYWcglc	20160314	2812	The Israelites: Speaking In Tongues Including HEBREW	64105
X_c7UhyB8LE	20160227	10073	The Israelites: The Origin of Black History Month and  an Emasculated People	133227
mzTspPOJNCA	20160205	8817	IUIC: DIOTREPHES: MINISTRY OF HATE	66707
X8kZo8CzFvw	20160123	8058	#IUIC: REVELATION 18 BABYLON IS FALLING	249224
VIS4b9dVqUE	20160116	7815	The Israelites: #WW3 | The E.U Vs #America	239659
wVhyzRfA7Qc	20151209	1380	The Israelites: IUIC HEADQUARTERS NEW SCHOOL GRAND OPENING	17917
5p__NO0vY1s	20151202	8983	The Israelites: Murmurers & Complainers In Jude	41528
61IDchMvA-E	20151115	4258	The Israelites: James the 4th Chapter	52754
Rd5Mjrl7o9A	20150526	878	The Israelites: Galatians: Distinctions In The Law	71587
powU4vAS7TI	20150327	8133	The Israelites: Christianity Is Worse Than Radical Islam	39283
fIb6iHdRDQY	20150324	839	The Israelites: Q & A	19922
9IcZEpjrZMY	20150315	68	Israelites: Text "ISRAEL"	12258
VMZXHSS3Uy8	20150314	3838	The Israelites: Gods & Fathers	36310
mblVohFUIZk	20150225	899	The Israelites: 1 Corinthians 12	48223
Ocb2H35RnCw	20150225	673	The Israelites: Some of the 2/3rd know The Name	23286
-pb-GAzX15k	20150216	5890	My Brothers Keeper,  Divine Solution	3197
bEclZYbayUY	20150129	1736	The Israelites: Result Of Relaxing Your Wool	197420
_ZezxIKVdzg	20150124	7607	The Israelites: Battling Lust Within	149736
3ewiabK3qP8	20150117	2495	The Israelites: Innocent Until Proven Guilty... Unless You're Black	36501
T90VzsSJDv0	20150115	2948	The Israelites: Protest & Ego Trippin'	11718
jjFvThUs3Ds	20150108	486	The Israelites: Do Not Post Threats On Social Media	6981
6NBC-KY-yp4	20141211	1388	The Israelites: Black Lives Don't Matter To The Devil	23082
tDvG3L2wZm4	20141116	389	The Israelites: What Is A Black Hebrew Israelite?	24432
NZ8qvPBF8ok	20141116	1194	The Israelites: The Demonic Star	72399
TKF8wJBziw4	20141008	5763	The Israelites: Ebola & Sin	30248
pULzLXt1xls	20141001	156	The Israelites: From Ferguson To Isis: COMING SOON!	10725
wMbRtcGaz1E	20140819	5597	The Israelites: Be Not Afraid	131337
6ygvHRqV9l8	20140819	62	JOIN ISRAEL UNITED IN CHRIST OFFICIAL SUBSCRIBER PAGE NOW!	2006
TDj2KSnbzkU	20140810	541	The Israelites: Thine Enemies Make A Tumult	9443
1V4h8KN_-GE	20140718	4159	Rise of God's Empire	115316
fwzKtA8cMjs	20140708	1399	The RFID Microchip Is A Hoax!!!	11630
qJtr1MtTaMg	20140707	110	From Cain to Esau: The Irish Are Not Israelites	32469
KETdbWiPLxw	20140707	91	Israelites From East Coast To West Coast	4390
A0Z5NHjPlCI	20140630	2117	Internet Chaos	7777
zDm8UMUzrv4	20140628	463	The Israelites: Reparations	4835
QVdCwUeOG9c	20140627	123	Traitors of the Truth: Excerpt from Cointelpro Is Alive Today	2627
BXbAsqBNYow	20140626	96	Cointelpro Is Alive Today	2913
UpdtoaDKzKE	20140625	105	From Cain to Esau: The Irish Are Not Israelites Excerpts	12947
f0l43aCRXR4	20140620	97	Cointelpro Is Alive Today Expose'	4022
ikHkJrlAuWI	20140609	156	My Brother's Keeper: Divine Solution	2668
fGHnLmI84uk	20140521	2213	Smashing The Lunar-tic Sabbath	21180
QZCgMs4JoNE	20140507	3186	NBA: Nigger Basketball Assimilationist	37180
TeUTyh41mRE	20140502	897	The Israelites:Our People Are Not Desired	7580
jbF8srQHQCE	20140421	713	Israelite Crabs	6577
wH54iF38054	20140418	841	Bible Bum Teaches Christ Was A Bum	11883
5Y894s_bch4	20140413	454	New Moon Based  Sabbath DEBUNKED!!!	33087
dbA7wuimgEc	20140405	62	Which Israelite Camp Is God Dealing With?	5427
SSa4KDtCrUw	20140401	224	Niger Originally Pronounced NIGGER	11854
O8D0jsT66rU	20140307	84	The Civil Rights Movement Was A Farce	4218
hHEyYHQsb6Q	20140303	611	Conspiracy Brothers: WARNING!!!	6883
jDxHY0koC-4	20140226	102	SON OF GOD MOVIE IS WHITE SUPREMACY	8877
cRYoX7F99HU	20140224	87	The Crumbs of Society	3439
63tOGnsKbdo	20140219	138	The Board Of Education Is An Academic Holocaust	2371
yWZU1ZlbrgY	20140202	68	A Preventive Guide To Marrying A Nutcase	6737
EkqWC9R5DOI	20140201	54	A Study Of King Solomon	4549
LhIPcUwEqSk	20140118	55	The Israelites: Destroy & Rebuild	3303
9F2Xzh79A0Q	20140109	171	JOIN IUIC ONLINE CLASSES	8087
jNh9AJtARN8	20140105	90	Incarceration & Mental Imprisonment Of Our People Today	1947
v0dhNnznAEc	20131219	120	Joining Israel: An Organized Nation	6509
yBGHgQoclw0	20131211	103	Lazarus Arises From The Dead	4892
pq8rl9O6Dv0	20131116	60	Our People Are Under Siege	3223
1RFkFeqj-f0	20131008	1737	HATRED & VAIN GLORY AMONG OUR PEOPLE	9924
6DeSTG7f-Is	20130921	4756	The Israelites: Trusting In Oppression	52295
lKMm0H820HE	20130821	4488	#Israel & the #Khemetic #Kings	173996
3mgTxTrNrdA	20130729	6853	When Our Enemies Dealt Wisely With Us	100341
CuPN3r7gous	20130717	4523	ISRAELITE BOOTLEG MARRIAGE- SETTING A BETTER EXAMPLE	65499
tIwqQbJo7Zc	20130715	8929	Sin and Spirits Of Bondage	28088
8FE1mxrylNM	20130715	381	FUTURE WORLD OF ISRAEL (f.w.o.i.) MEMBERS REPENT & RETURN HOME TO IUIC	11592
vSxmOVaUSzs	20130712	1146	The Israelites: Tax Exemption 501c3 Is It Evil?	15461
bwEtpXOgHWQ	20130708	7180	The Fear Of Being Born Again	125302
CTS-g-EuVJs	20130706	5712	MESSAGE TO ISRAELITES: WE ARE HIRED BY GOD	95261
TpEBGGE88KE	20130701	2585	Hebrew Israelites:The Name YHWH	55344
GF389uQryug	20130621	94	Israel United In Christ: 10th Anniversary	3843
podHrRMhfP8	20130619	6642	The Wants & Needs Of Our People	48003
5EJRDPC08GQ	20130526	8060	Oppression Has Made Us Weak & Lazy	124814
dbT550skUr4	20130517	9161	Our People Have Been Seduced	86159
vEkZFMFjIMc	20130507	2914	Will God's People Be Saved?	74151
6qLxfUs0iz8	20130501	6331	WHAT IS MY NAME? THE HISTORY BEHIND BLACK AND LATINO FAMILY NAMES	42253
uHjrcD2nBUU	20130429	6728	Boston Bomber Prophecy	32990
Q4vL3X9huPQ	20260908	25873	THE NATIVITY: THE BLOODLINE, BIRTHRIGHT, & THE MESSIAH	32665
I3EWylin-Oo	20260905	1665	WHEN CHILDREN WALK IN A LAND OF SHADOWS	31854
5Q2rftmZNcg	20260905	4287	WHEN CHILDREN WALK IN A LAND OF SHADOWS	54346
RtKx6aQEzDM	20260905	10328	THE PIT AND PENDULUM: THE SLOW GENOCIDE OF THE UNDESIRED	30536
nx0AUmr2DM0	20260905	9782	INTEGRATED BUT DIVIDED: WHAT DID WE LOSE?	22324
qTVrCZZKzes	20260905	9210	Unity: The Sweet Savor Of Salvation	19426
cnDvZpSxtIk	20260830	11755	THE WATERS OF NOAH WILL BE FIRE	66714
14p8vV6KBfI	20260829	9355	WHITE SUPREMACY & RACISM	35605
d9CXnvRB7es	20260829	9751	THE BUILDING BLOCKS OF BITTERNESS	27396
FSUFtJ08joo	20260829	9488	ABYA YALA UNDER FIRE	19836
RyRdIO615fU	20260823	11726	GOD'S PEOPLE NEED CHARITY, HEALING & TRUST	36677
JXJvcEn3q2g	20260822	9853	LUCIFER: THE ANTICHRIST	31509
a5Dzjsx02qA	20260822	9189	Foundational Babylonian Advocates Division: Among the Dispersion	26283
0yyd-1tBSXU	20260822	9746	ESAU THE HATER, LIAR, AND KILLER	18924
maQroMAMqbw	20260816	12868	PRISON HOUSE OF SHADOWS	50947
k7yNCvKWhYw	20260815	9798	The Exponential Maturation In The Days Of Decadence	23949
fI3hRBaEuAw	20260815	9467	DESTRUCTIVE BEHAVIORS AMONG OUR PEOPLE	22731
ABr5bgs96vY	20260815	7415	GIVE DILIGENCE	16692
e_p4gPwtBGA	20260809	13631	WHEN GOD REVEALS HIS SECRETS!	47109
5UuToCN9Irg	20260808	9290	ECONOMIC COLLAPSE & UNCERTAIN RICHES	28119
NC4TDVnDpN8	20260808	9494	STAY IN THE SPIRIT	28154
gNwLUTO-JOc	20260808	9253	From Broken Men Comes Ungodly Generations	17000
FpEHxWGgai8	20260802	13628	WE ARE BORN IN BABYLON	65404
6gzqYKSUmS4	20260801	9480	BEGINNING OF SORROWS & GREAT PAIN	27784
fJ_pW-RImxU	20260801	9181	NOLAN WELLS: THE PERPETUAL HATRED WE NEVER LEARNED	37393
jkjOxb1_w-k	20260801	9622	STRANGE FRUIT	19348
stGojnrSmJA	20260730	8379	The End Of PAX Americana	27886
AEtwteuLiy4	20260726	12230	Living Your Life As A Hireling	54415
Oas2Tg98VMA	20260725	9823	MAKING THE GREAT RED DRAGON'S 8TH HEAD "GREAT AGAIN"	27057
hEWhwtZEqxk	20260725	9634	FDA: Food And Drug Assassination	32710
kxiMez1I0_U	20260725	8104	AWAKE AND RETURN: OVERCOMING BABYLON'S HYPNOSIS	14910
ND_RbWngH9I	20260719	12732	DROWNING IN SIN & PERDITION	61634
5HhDt1m5mGc	20260718	5698	The Inevitability of Obsolescence & Agony of Defeat	14643
-7xODUkUKrQ	20260718	3373	The Inevitability of Obsolescence & Agony of Defeat	13536
Vfe5PILSbsU	20260718	89	AS IN THE DAYS OF NOAH: PAST & PRESENT	2198
nwLjEGhd2oA	20260718	9113	AS IN THE DAYS OF NOAH: PAST & PRESENT	38213
mbZ3tmc48C0	20260718	8467	The Colossians & The CHRISTIANS of America	17877
o5Xl6CIPOgk	20260712	14315	RAISING UP THE TABERNACLE OF DAVID THAT FELL	65819
C5q-raZJyNA	20260711	9495	250 YEARS OF CELEBRATION 400 YEARS OF SWEAT EQUITY (PT 2)	24868
lLFXQr1FYm0	20260711	6844	PERILOUS TIMES: JUDGES AND SOLDIERS	16128
oDJQWLjahKg	20260705	12139	JOB SEES AMERICA'S 250TH ANNIVERSARY	66595
4fML805MO8A	20260704	10113	250 YEARS OF CELEBRATION; 400 YEARS OF SWEAT EQUITY!	31834
XLxd9su1ZIk	20260704	8949	KNOW YOUR ENEMY: GOD'S FOES & OURS	19291
uINOczaGz48	20260704	9400	WOE TO AMERIKKKA	18953
PigequaBCsA	20260701	9374	SEXUAL DISCIPLINE	28617
U39hwR1pDTQ	20260628	13093	THE NEGRO COMMUNITY: A WASTELAND OF TEARS	47613
LmH1fhfwlzM	20260627	9889	BORN FOR ADVERSITY	26659
SxDuvLQEkHI	20260627	9233	BLASPHEMERS & TRAITORS: JUDGE NOT BEFORE THE TIME	26043
NtwCJWtpPQY	20260627	9073	Satan's Kiss To Your Demise	15443
6XyhSewrzz0	20260621	11804	The Madmen Of China And Their Hatred For Black People	59982
EtPB8pdK2XE	20260620	8648	Daily Bread for a Dying Man	23275
j2FoUSpuWIs	20260620	9084	TRAITORS AND THEIR EXQUISITE SUBTLETY: THE JUDAS ISCARIOT EFFECT	27312
KcKlRTSaOVM	20260620	8966	THE BOTTLE, THE BATTLE, AND THE BIBLE	13695
Qw2v07pohR4	20260614	10200	From Brother To Betrayer	49877
bvqCl9KmDt4	20260613	9253	MEMBERS OF THE BODY  PT2	19771
qPKSyeIvjDI	20260613	10523	SEEKING JUSTICE IN AN UNJUST SYSTEM	28416
cdxo7DlRCrc	20260613	6761	FORGED BY FIRE	13491
QjcvHQtrDrw	20260608	22233	Acts 10 Reloaded: Call No Man Common	30746
AP1-gbdhOv8	20260607	12943	DECEIVED BY ENTICING WORDS: COLOSSIANS 2	64795
MYjE1-GE1kg	20260606	9188	Member's In The Body	21378
7vmCIf3gj2I	20260606	10494	God, Purpose, and Sacrifice	23237
ZztygjY4U2w	20260606	9432	In Vain Do They Worship Me! Religious Syncretism	14574
PrZE7A1aloo	20260601	7634	The Secret Hands Behind South Africa's Xenophobia	19608
075qOUs8Sbc	20260531	13239	JOSEPH IN EGYPT: THEN & NOW	62117
LmS2WNcC-Rk	20260530	9623	Pay The Price: Pleasure Now Regret Later	24361
o6lTUvedO-s	20260530	9088	Popular Persuasions: Fighting Against Heaven Defending Earth	24066
sswMP7Skv-4	20260530	9454	SHAPEN IN INIQUITY: RESETTING THE NERVOUS SYSTEM	34823
xHfm0T2bm8w	20260526	23882	THE SUPERIORITY OF THE CHOSEN PEOPLE	37060
xa6eyWlShws	20260524	15279	They Say We Hate White People	39997
GbkgUFGpeY8	20260523	10008	70 TIMES 7: THE PERFECTION OF MERCY THROUGH CHRIST	23780
0N1tUWScwMU	20260523	9718	WHY THEY HATED US: WALKING IN THE FOOTSTEPS OF THE PERSECUTED	19933
G8e9rhvB-W0	20260523	3387	CHARACTER & INTEGRITY: THE HIDDEN STRENGTH BEHIND WISDOM	10214
T-g4PozGSnM	20260523	3583	CHARACTER & INTEGRITY: THE HIDDEN STRENGTH BEHIND WISDOM	9486
jsT6wS00jmw	20260517	17268	THE DEVELOPMENTAL PSYCHOLOGY OF BEING HATED	41037
Bb3r5SDV3PI	20260516	10290	INTEGRATING INTO A BURNING HOUSE	25656
z55asCbUER8	20260516	9567	THE BOLD AND THE BASHFUL	20315
WzA8Ub2DhXk	20260516	9426	CALLED TO MAGNIFY THE LAW: LORD INCREASE OUR FAITH	14392
T2fTN52Aq_U	20260510	15496	AGREE TOGETHER | BOUND NOT BONDAGE	54330
wTuOGE-zMSs	20260509	9490	Listen, Learn & Live The Art of Enduring in The Truth	26285
3eKbwUxDlvE	20260509	9236	THE RELIGIOUS PEER PRESSURE OF FRED PRICE JR	30159
93fP6cddXrs	20260503	13889	RECOVERING THE REMNANT: WORLDWIDE BLITZ	57771
8naOiSKAyVg	20260502	8077	JUDE 1:16	23426
-cEhJw1V02Y	20260502	9093	CALLED TO JUDGE: COMMANDED TO BE JUST	19102
PT0-nh5g0VA	20260502	7575	THIS WOMAN'S WORK	19253
Qd8NC9s9670	20260502	8625	THE RETURN OF JIM CROW	32698
tsdO9OrUI54	20260426	13863	Are You A Strong Independent Woman?	38514
vJ3j9kchmtI	20260425	10225	JUDGEMENT! TO HELL WITH YOUR REPARATIONS!	31586
YVvCyl2ZZUQ	20260425	9756	Puerto Rico: The Flame Of Resistance	18466
IyYFXp99olM	20260425	9381	Edom: The Greatly Despised	17942
x9xrlD12Rj4	20260423	11615	THE PLAGUES COMING TO AMERICA	37430
D6rveJsP3f8	20260420	5932	LEAVEN: THE ROOT OF BITTERNESS PART 2	15010
6qcYL9qpE7o	20260419	13801	THE BOOK OF THE WARS OF THE LORD	42373
hlZo30CYViE	20260418	10248	The Pride Of Thine Heart Hath Deceived Thee!	28275
g6d_wBWW2IE	20260418	7619	I Come In Peace	14758
rBRp1JXmK6U	20260418	8714	Bitterness: The Hidden Leaven From Cain To Esau	15527
3Qdksp7DVZI	20260418	9648	LEAVEN: THE ROOT OF BITTERNESS	24596
VyDEbsxgcas	20260417	11402	Passover Class: Exodus From America Modern Day Egypt	37690
ZnReLwFHcS8	20260412	13908	AMERICA: THE NEW ROMAN EMPIRE	73920
ycwlj8bXhh8	20260411	8893	WORLDWIDE UPHEAVAL: THE COMING CRISIS	20930
Dkl9wrJtETw	20260411	10175	Armageddon: Islam and the Armies of the East	35132
z_QujypG9RI	20260411	9335	MAKING OUR FACE HARDER THAN THEIR FACE	16927
JLhHPemmiSk	20260405	14243	RELIGION - THE FALSE PROPHET	92727
hKifTTWBba8	20260404	9206	Respect: The Evidence Of Her Faith	33134
5tWDINEq3UI	20260404	8651	THE MERCY AND HUMILITY OF KING MANASSEH	25403
OArV9VzQQ3U	20260404	9258	ELEUTHEROPHOBIA THE FEAR OF FREEDOM	16096
E7-T_cAwLUc	20260403	9934	Edom: The Robbers of thy people revealed past and present	44384
1vtxrpoLjyM	20260329	14193	ZIONISM IN THE FACE OF SYRIA & HEZBOLLAH	78103
GEZnJtTw5Bs	20260328	8743	Why Do Fools Fall In Love	28256
tbNxY_tnFF4	20260328	9790	TRUMP IS FULFILLING GOD'S PROPHECY	36878
C25twRrhOd0	20260328	7428	The God Of War & Salvation	15623
1jXnB9u2FpU	20260322	14753	FROM EXILE & TRIBULATION TO PROMISE	66794
1qC2mwBgisM	20260321	9201	Much Is Given, Much Is Required	24588
3xuIqTWwXmA	20260321	8497	Navigating Through Paul's Letters: Works Of The Law & Liberty	28233
U7sjvP8Tio4	20260321	9333	Mindset Of A Leader, Actions Of A King	16888
EUL_omVPaWc	20260315	14064	PROPHESY FROM PAIN TO PEACE	69453
mRCyPWIqvlE	20260315	10513	THE DIVINE ORCHESTRATION AND PURPOSE OF THE PEOPLE YOU ENCOUNTER	30218
HXteD06sNrk	20260314	9681	THE STORM BEFORE THE KINGDOM	23499
gTc6TQLSDrI	20260314	8879	The Beauty And The Beast	20827
YYnF3f_6x1g	20260314	6464	FIXX YA FACE FRIDAYS | AS WAS SUPPOSED!!	21247
CHlrm-QsbBM	20260308	10982	HOPE AMID DESTRUCTION	56164
zEm9Tb1jLDg	20260307	9961	Marriage Beyond Romance: From Eden to Modern Confusion	23469
CC4-qipCtzY	20260307	6968	Wars Are Here: Seek Good Not Evil	26772
HcXv7k6Zk5k	20260304	9272	THE REAL REASON IRAN WAS ATTACKED	53786
hGuiflP0yaw	20260301	13501	WAR & THE PAIN OF REPENTANCE	78342
e6T83y297Cc	20260228	9167	THE VANTAGE POINT OF THE ELDERS & FATHERS: THE CHILDREN ARE LISTENING	24778
XOMlLvwK8mI	20260228	8057	NAVIGATING THROUGH PAUL'S LETTERS: WALKING THROUGH GALATIANS	26179
MSghv3QbJAo	20260228	8328	Power Under Control: Food, Sex & Self-Mastery	21981
0VT8V-zyVD8	20260222	12547	AMERICA: HAMMER OF THE EARTH	61676
tjzg3IL4JAA	20260221	10385	THE VANTAGE POINT OF THE ELDERS: THE FATHERS HAVE SPOKEN	25378
OKnkK-FyKyQ	20260221	7551	NAVIGATING THROUGH PAUL'S LETTERS: WALK THROUGH OF ROMANS 5	30287
edLGM5R-Ct0	20260214	9217	FIGHTING SATAN - THE WAR WITHIN	40096
RgBIWDUzPU0	20260214	6465	PREPARE YE WAR	20828
0FPiXYsd-z8	20260214	7123	The Iranians & The Ephesians	28354
wwW7PKHkqjs	20260214	7622	COVETOUS EYES WILL BE PUT OUT	13432
QNTH14obhzs	20260208	13349	EDOM'S ACHILLES' HEEL	78157
jW1q4_5PWP0	20260207	8754	DARK PLACES OF THE HEART: THE HIDDEN COST OF SIN	22682
k68LEa5wIdY	20260207	8365	A Soul Without Purpose	21519
1VlT_mXYuaU	20260207	7318	There Is No Hate Like Christian Love	17102
6Pzne8A1Nww	20260202	6967	A TREE BEARING NO FRUITS	28407
nTA1a6EVDis	20260202	935	A TREE BEARING NO FRUITS	9974
g3Yh2GSq8E4	20260201	13170	THE DIVIDING HATRED: THE GRAFTED IN STRANGERS	48455
lTBgozGnw30	20260131	10350	Cyber Warfare: The Mouth Of The Beast	27429
_zOB4Ip0MNk	20260131	7247	The Pride Of Thine Heart	22393
0nTb2YB-Tns	20260131	8109	MY TEMPLE MY CHOICE	16982
zdkkMC_4xfg	20260125	14559	THE DIVIDING HATRED: CORNELIUS THE CENTURION	53483
V9oc-I5QZjQ	20260124	9550	CIVIL WAR & THE SON OF PERDITION	29702
Em7tSG9kYMg	20260124	8323	PATTERN	23324
uXeqc75txGk	20260124	7182	Latinos For Trump: Alien Vs. Predator	17046
36emQd9wjts	20260118	16094	Raising Cain: The Son of Perdition, Merchants, and Captive Nations	38314
xVwQNhmyxFw	20260117	10043	JUDGEMENT - THE TESTIMONY OF THE TWO WITNESSES	29432
UBcXHIgpVok	20260117	7715	WAR OF THE GODS	22415
sgeJEYu1ZEg	20260117	7732	DONALD TRUMP: THE SWORD OF GOD	25281
e51lFpTuIds	20260111	13813	CHRIST: THE ENEMY OF CHRISTIANITY	97023
tmB8z0qSYo4	20260110	8567	DESTROYED BY FAMILIAR HANDS	21287
udNwS8tEwrg	20260110	8482	AMERICA HEDGEMONY & OPPRESSION	27964
vV5sPkqhVi4	20260110	8166	THE HIGHWAY OF THE UPRIGHT: AN ISRAELITES'S STRAIT JOURNEY	15286
QxWHRujbdpg	20260103	10446	Transforming From Immorality To Beautiful Civility Returning Our Kingdom To An Organized Nation Pt 3	24803
v7JMsDMvuXw	20260103	8351	ALL SKINFOLK AIN'T KINFOLK: CHILDREN OF DARKNESS	30613
-Rp2aGlsK5g	20260103	2102	2025 RECAP: DIFFERENT TIMES, SAME TRUTH	8365
l-1Rp_fFl7U	20260103	4577	2025 RECAP: DIFFERENT TIMES, SAME TRUTH	14270
wr0GsXsLSaM	20260101	7983	False New Year: Doctrine Slayer - True Past Curses & Trauma	15112
UWI2pcKI1hA	20260101	23103	False New Year: Doctrine Slayer - True Past Curses & Trauma	34805
R6Rhu7njQ-g	20251231	5817	False New Year: True Past Curses & Trauma	16571
YRKZ18wNt8M	20251228	13722	POPE NICHOLAS & THE MOORS OF SPAIN	61265
6rbgmjYODZE	20251227	10213	Transforming from Immorality into Beautiful Civility Part 2	24223
BuHEXERuOKU	20251227	7595	POLITICAL POWER UNDER DARKNESS	17018
SE81_Rxu5sM	20251226	29827	The Kingdom Of Adam And The Old World	67285
-QJZ04vGiMw	20251221	13806	Jubilee: The Year To Be Set Free	52094
ExR7Cd5rqyQ	20251220	10369	Babylon Speaks Plainly: Venezuela and the Real WMD	23200
jUTjrFS8YGQ	20251220	8296	CHRISTMAS/ ICONS, IDOLATRY, WHITE SUPREMACY !!REVEALED!!	28150
ugTJ25CoQns	20251220	7451	Kill Or Be Killed	15047
JDW1q70sbhI	20251214	13635	THE GOSPEL IS BLACK LIBERATION	69601
QczbDHIehUU	20251213	10281	THE BEAUTY IN CIVILITY THE COST OF IMMORALITY	22441
EBEwdiVcsTg	20251213	8249	SPIRITUAL UPRISING: WHEN GOD SHAKES A NATION	17407
bx1Ub_OMoZ4	20251213	7481	When Good Intentions Lead To Bad Judgement In Israel	13691
mgZyw88Kvhs	20251207	12912	Radicalize The Youth	32039
xIzsjL7PUx8	20251206	9963	To Whom Much Is Given: The Burden and Beauty of Godly Leadership	24685
JCE0PnbRYB8	20251206	7806	THE MIND OF MATTATHIAS: LET'S SEARCH THE SCRIPTURES	16508
gF8ALt0DzR4	20251206	7048	WHEN THE CUP BECOMES A CHAIN: DRUNK IN BONDAGE	13487
VfOy8UOCtHc	20251205	7672	CHRIST: ISRAEL'S LAST TEMPLE	17674
PCaC1bom4x8	20251129	8401	THE 5 SIGNS OF A GOOD WIFE	33137
r2TgBDuOkyY	20251129	8153	BLACK CHRISTIANS STUCK IN DELUSIONAL ORBITING CYCLES OF STUPIDITY	14556
lLhmy-FkxmY	20251128	31094	ESCAPE THANKSKILLING : OH GOD &  MY LORD	54247
aSKl5k_IWzo	20251123	14284	THE FALLACY OF BLACK CHRISTIANS	67998
rlhDrWiUMVs	20251122	7703	BOOK OF OUR FATHERS: WHO’S WHO PART 3	18755
9D1WJlaxrsY	20251122	6916	LIVING A CLEAN LIFE IN A DIRTY WORLD	17663
glPn1X5IJBg	20251122	7904	Mind Control & The Power Of Prayer	15195
fLYuJrzNSgY	20251116	14945	The 4 Temples In Jerusalem	61146
5ckbGq_KbOs	20251115	10444	Flawed Apologetic Doctrine	22825
sf1BtJDt3pQ	20251115	7288	The Rise and Fall of Lucifer	25385
aqfyQICjjUY	20251115	7867	The Evolution of Persecution	15932
c_HNtfv12mo	20251108	9642	ACROSS MANY LANDS	17462
sHhY3vLTrj8	20251108	7589	PAUL THE PROPHET AND IDOL WORSHIP	26369
UsS-UgGTh8w	20251108	8192	The Acts Of The Apostles & Foundation Through Christ	16213
v_vaCeoNHE4	20251106	9408	War With The Beast: Death & Persecution	25509
wr7L1S3LLl8	20251102	13889	2819 CHURCH & THE ACCESS PORTAL TO HELL	37733
Bfl1Jw7U8dI	20251101	8961	Book Of Our Fathers: Who's Who Part 2	20329
pBD8P3LGW9k	20251101	9836	State of Decay	13988
ofu8AVS6rew	20251025	9296	THE DECEPTION OF SIN	28499
VKPwznYI0sQ	20251025	10325	RACIAL IDOLATRY: RACISM & PATRIOTISM	25135
__kYmFHDdWg	20251025	9383	THE REWARD OF THE RIGHTEOUS: WHO IS REALLY GETTING IN?	14745
hl4QPnfexaQ	20251019	12281	Must Be Hated To Be Heard! The Price Of Speaking Truth To Modern Day Christians	34920
qKsTfFDZ5xg	20251018	10067	A FIRE SHUT UP IN MY BONES : THE WORK THE ZEAL THE FIRE	19821
ADQRNmPfDCs	20251018	9009	THE ART OF A DYNAMIC TEACHER	22755
48F5J8cEL2I	20251011	9324	HELP | Healing Emotionally Lost People	18122
w2HVHMfPm5M	20251008	7308	BORN IN FIRE & WATER	24616
mkiExG7y_UA	20251005	14155	THE BLACK BOULÉ & BOURGEOISIE IN THE BIBLE	64765
mWOeRRMqAyQ	20251004	10017	THE REBIRTH OF GOD’S NATION ON THE EARTH	23502
ubIhf8KSWY4	20251004	8964	BOLD WITNESSES FOR THE KINGDOM	17482
R1UlsJCasUc	20250922	1932	FOT 2025 OPENING: THE EARTHLY AND HEAVENLY TABERNACLES	11284
S91p6vncVHg	20250922	93	FOT 2025 OPENING: THE EARTHLY AND HEAVENLY TABERNACLES	3140
Q1CpWO867oE	20250922	689	FOT 2025 OPENING: THE EARTHLY AND HEAVENLY TABERNACLES	9101
dt_QY3d111I	20250922	147	FOT 2025 OPENING: THE EARTHLY AND HEAVENLY TABERNACLES	4549
LG6hUTvnd1k	20250921	10230	Christ Is Our Tabernacle	37083
PRmTuMAxbQ4	20250920	10406	I Am No Longer Your Negro	26078
FOvDDLjL8h0	20250920	9617	GOD’S PLAN: RACISM & PATRIOTISM	26619
6Dl-MWSR9-Q	20250920	8551	The God Of Israel Is The God Of Mercy	14979
1Olr2_Z5_VI	20250917	11425	FORGIVENESS, THE BLOOD COVENANT	34514
Et-03cHgfDU	20250914	13418	BLACK ALLIANCE WITH A SHADOW GOVERNMENT	61555
DI2kjlcL19g	20250913	8919	GOD SO LOVED THE WORLD	30788
Zx-J-KCkXh8	20250913	9032	Standing Tall When The Smoke Clears	15914
XkPZ4snAIUs	20250208	9960	THE CURTAINS OF CONTROL BEHIND TRUMP’S DESK	41545
_XGxodGsXG4	20250208	7418	TIMES OF TEMPTATION	32512
Dt0hL9vHpZ8	20250202	11488	Trump & The Epiphanes Complex	92522
-YNe_kV_2-M	20250201	9850	The Trump Effect In The Days Of These Kings	44375
XKQtjuPlUa0	20250201	8150	Affliction: Trump 2.0	27918
rSamhAY3wio	20250125	10150	Sons of Jacob: A Shadow of Things to Come	33581
3bV6Af2KDCQ	20250125	7893	The Power Of Hope	20481
M774XQNAWBo	20250125	7330	From Gangbangers To Saviors Of Our Nation	12250
2iTTN9QdCgc	20250121	25268	The Evolution Of Revolutionaries	43301
TNspZpF-KlE	20250119	13828	Living Martyrs	61200
vtESZhqkMlg	20250118	8251	These Are Not Defiled With Women Part 2	20571
_6tfSfvYe5o	20250118	7311	GENTILES: NORTHERN KINGDOM IN THE NEW TESTAMENT	32203
B17IISPLBqc	20250118	8226	The Price of Gold	19356
OJPRmIfwpgs	20250114	9369	CHRIST THE GOD THE REDEEMER	30108
7gYy1m-_ask	20250112	9170	The Last Man Standing	74220
B3IuvcBfCPc	20250111	8166	The War Between Blacks & Whites	32325
xFkqTbTfPHU	20250111	6760	These Are Not Defiled With Women	23626
mffmDVtiY0Q	20250111	7833	The War Between Blacks And Whites	26967
kmqWQHTdbSs	20250105	14233	Identifying Babylon The Great	96640
lM9ftpXIPo0	20250101	41771	Escape New Years | Armageddon: Chain Of Events	78641
7m5JjhAo3lM	20241229	11948	UFO'S IN AMERICA	89732
jIwR5qfhzog	20241228	2241	False Brethren Unawares contd.	11509
c0u_qKOB9Z4	20241228	4631	False Brethren Unawares	22787
Xpxyy14ht5E	20241228	9112	GENTILES: WHAT HAPPENED TO NORTHERN KINGDOM?	40203
wTdKvZUyQdE	20241226	28552	Escape Christmas Getaway	42860
hz27RvhwS8I	20241222	14601	THERE SHALL BE NO MORE CURSE	41805
-M3tKjQTg1k	20241221	6968	The Depression of Man	16817
BGBbM1H_fX4	20241217	9740	THE HOLY WAR	37097
WTQZUvgfvPY	20241216	11382	The Curse Of Adam: Thorns And Thistles	42246
uPTibewTyqY	20241214	10279	THE LUST OF OTHER THINGS: THE PHYSICIANS TREATMENT	25709
GCAs12N5NgU	20241214	7429	What Manner Of Persons Ought Ye To Be?	14287
Ul1xR9TOUBo	20241210	9634	The Maccabean Revolt	26760
GCaki-TpXpc	20241208	12469	Pride & Divine Judgment	66041
dl4N1Mf0i2s	20241207	9918	The Vessels Of Romans 9 Illumination	25117
gQom0f42Qi0	20241207	7296	Giving No Offense In Any Thing	17370
x3WDTiLEUwA	20241207	8390	Founded Upon A Rock	14515
Dz9y53bdfd4	20241201	17359	ASSATA & SADDAM: A TALE OF 2 REVOLUTIONS	63494
SbA48Kp7drI	20241130	9170	THE PRAYER OF THE SAINTS	23219
q5Bdp3FLdO0	20241130	8554	GENERATIONAL CURSES	27055
4PBPKEKlbIk	20241130	7259	THE WAR BEFORE THE WOE	18262
W3Xc8G1aQC4	20241129	25027	Thankskilling Get Away: A Sign of The World	37821
g5whItMBiNQ	20241123	9309	Leviticus 18 In Real Time	29045
6yXSTod_UEI	20241123	7565	Before Bombs Burst: Remember, Re-Examine, Revise!!!	20981
zHx0l-HG8h0	20241117	17143	SAVING OUR CHILDREN IS SAVING OUR FUTURE	33030
HX4CC7f7mjs	20241116	10004	The Shadow of Things To Come!	26726
wXqhuFCk3ek	20241116	8320	PARENTAL GUIDANCE SUGGESTED	25300
Ur986d84nt4	20241116	8320	Spiritual Warfare And Carnal Weapons	22653
wfofBJvTFp0	20241116	9054	Trump In Bible Prophecy	44601
TF6HBkwSSf4	20241110	17102	The Blessings and Benefits of Present Fathers	38426
VVAFwmfLt68	20241109	7653	Faith Unfeigned: The Real, The Fake , The Temporary	29070
1KzfRehOV2g	20241109	7695	Trust In The Lord	24078
zZ0uy-MzOx8	20241109	7746	The Precepts Of Stewardship Order And Chaos	13493
bIuy55zC4wM	20241104	10573	American Politics: Two Horns Like a Lamb	21669
KvGsyuoJGgw	20241103	15716	THE CURSE OF THE ABSENCE OF FATHERS	35289
e4tEF6_DtUc	20241102	10339	A Crown of Glory: Strengthen Thyself	21231
52IhRAvuTlU	20241102	651	Gods Among Us: Seeing through The Glass darkly	7364
6C495CkHZIo	20241102	8995	Gods Among Us: Seeing through The Glass darkly	28348
BWqCcXeGkaA	20241102	8502	The Vicissitudes Of Life	20567
lConlp6tQ7o	20241027	16300	Divorce, In The Beginning It Was Not So	43589
U40birARKS0	20241026	9785	Preparing For Persecution	25155
DqlX89zHUwU	20241026	9193	Generational Demons And Childhood Trauma	25228
0DwfIBNGOP0	20241020	12274	Palestine And The Man Of Sin	63955
9FHm8t32BpQ	20241019	9305	The Cost Of Adultery, Lewdness & Sexual Immorality	36125
PZ0hBzYEx5c	20241019	9924	A Just Man's Fall, Rise & Resolve	31758
nAa-Bio3L0o	20241018	10654	STARS SHALL FALL FROM HEAVEN	33192
KfL5WPY_Heo	20241015	25334	The Getaway 3	26872
SASFHGzbrW8	20241014	7694	Family Matters: Helladay Get-Away	7154
zQ8sefmty1I	20241013	14731	The Ancient Origin of Apartheid	56331
nfnq6Y2Jb9I	20241012	9144	A Path of Ruin: The Aftermath of Adultery	32102
Cn0to-m7zKI	20241012	9929	The Return Of The Temple	20769
naBUmGX7T1Y	20241012	6936	The Blueprint of a Nation	13196
Lj4IshVQWIs	20241010	7618	FREEDOM AND MERCY OF THE NEW COVENANT	33711
ltudBuUGS10	20241006	11990	War: Iran In Bible Prophecy	90836
xsTTpQ1lLT0	20241005	6649	THE SURE MERCIES OF DAVID	26030
c6vYdcKaDz4	20241005	1925	THE SURE MERCIES OF DAVID	13541
C-hR2CF-TYo	20241005	5880	Am I Ready for the Return of the Black Messiah?	17929
ICx_seyxFUw	20241005	3433	Am I Ready for the Return of the Black Messiah?	12299
kks_tMt1gsY	20241005	7820	JUDAH & EPHRAIM : THE SPLIT, THE ENMITY & BROTHERHOOD FORETOLD	18683
91TQyI_NMco	20241005	707	JUDAH & EPHRAIM : THE SPLIT, THE ENMITY & BROTHERHOOD FORETOLD	4585
2gsCkTlFHcc	20241003	1233	What's Up	6319
I0CH7Y3ub2c	20241003	1118	What's Up	9336
FkOqC44b9EM	20241003	5558	What's Up	25207
vqgIIpKqCFM	20240929	12518	GOD'S CHOSEN A BRAND PLUCKED FROM THE FIRE | Zechariah 3 & 4	113599
lOMe4I6o6fU	20240928	10050	The God Of Free Will	33703
5ejyYxeXaog	20240928	8757	Healing The Nation Of Israel	29325
U_u6qZ3C0ZA	20240921	412	THE PSYCHOLOGY OF UNITY	7381
Cf7NIvuINQE	20240921	10174	THE PSYCHOLOGY OF UNITY	26791
D05hRFh4sKo	20240921	10394	My Wife Does Not Respect Me	30796
qEQ5q3ivn0k	20240921	9241	LORD OF VENGEANCE COVENANT FOR ETERNAL LIFE OR DEATH	15444
DWnuKooEFYs	20240919	8247	The Return of Our King	27118
vXvXgrzFzl8	20240915	10174	BLOOD LIBEL: A HISTORICAL FALLACY	45739
y9OB53JrkDA	20240914	9729	Christ Is King and Israel Is His Government	21628
RZzZSHLuNcU	20240914	9326	Nature VS Nurture | The Destination Of A Nation	14809
QiqRjb5boSQ	20240908	12534	FROM DESOLATION TO DOMINION	52738
Ds-PZDFURiE	20240907	8841	A Message From A Father To His Sons….She’s A Whore	20955
UAOmCrSXU5Q	20240907	9638	Doth Nature Itself Teach You	27205
FEzDfBCBxRI	20240907	9465	Marry Thy Daughter: Weighty Matter	16475
pqBkafpvn9w	20240903	20083	Good And Evil | Generation To Generation: From Beginning To End	49549
wSs_GhzBz7s	20240901	14150	Israel On The Islands Of The Sea	56325
ZVg3dLGWfFo	20240831	9256	From Hoes To Housewives	26041
0aM832-ESy0	20240831	9079	SOUL SEARCHERS LOOKING FOR A PURPOSE	26001
LeDD4syXbtc	20240825	14737	Negroes: The Illusion of Freedom	38523
YsPnDB-Y4h8	20240824	8610	SHUT YA BIG BLACK MOUTH!!	25047
ydkQz8A_DRQ	20240824	8738	I'm New, What To Do?	21586
Xpe1nX-VFZs	20240818	14767	EXPONENTIAL GROWTH BEYOND THE HORIZON THE CHALLENGES OF FEAR AND FAITH	37546
CIVzIyeudAA	20240817	9475	The Battle Is On	30695
rwKZ7z08kE4	20240817	7349	GENERATE RESULTS AND OPTIMIZE WINS GROW	13704
uG32K9aIbYw	20240811	13821	ZECHARIAH'S LEADERSHIP	87409
thVEa7-AMIo	20240811	12703	RESURRECTION OF THE WALKING DEAD	45224
w-vqxlv-V-I	20240810	5858	THE MAKING OF A LEADER: DESTROY AND BUILD	33013
-aXwrJgYhsM	20240810	7065	DEFILED TO GOLD WHOSOEVER BELIEVETH SHALL BE SAVED	14093
40rKMV3e94k	20240810	9339	YOUTH VIOLENCE & GANG'S	13722
sFGEWZ_icMo	20240804	12727	Unlocking The Three Angels Prophecies And More	184042
nzsSyN8BLCY	20240803	1502	Kendrick Johnson Press Conference	28916
RDNgFM7pjUE	20240706	1517	Gods And Worms	3607
vdUwc12_ZHg	20240602	15042	THE TIMES OF STRUGGLE & THE REDEMPTIVE DUTY OF MAN	41845
DwOCVgDabZc	20240601	10078	A Thin Line Between Love & Hate	24297
NzKbITFZkys	20240601	9291	Donald Trump, America, & The Black Hebrew Israelites	31830
xJhQJuXhK9U	20240601	7052	Justification Is Satan’s Manipulation	11623
Pi673Psnl0I	20240504	10020	Marriage - What God Hath Brought Together	31777
sS6tIE_GMpA	20240504	4395	The Day Of The Glutton Is Gone Boy: Accountability Is At The Door!	15933
iuzfzwu8o0c	20240428	10623	The Song Of Moses & The Song Of The Lamb	66403
GjeBHYwKwf0	20240427	9474	The Beast System: Order Out Of Chaos	23356
PaeMIk1l7Lc	20240427	9289	DELIVERED TO SATAN: SPIRITUAL SOLITARY CONFINEMENT	39014
ROHYYGUAHdI	20240427	8189	LAW AND ORDER	16478
XyEg16YPDHE	20240424	7991	Deliverance And The Fruits Of The Spirit	24277
DQGYhquA6t4	20240420	10112	Sin, Signs & Wonders: Worshipping The Creature more than the Creator	24147
q4UorwlTdjs	20240420	9704	The Beloved	22104
LOCwBVkCd4Q	20240415	10403	Doomsday, A Year Of Deliverance	34647
rVYNnF8dKMc	20240414	12685	Kingdom Economics: Money Vs Materials Vs Morality	36842
znynrXyay6Y	20240413	9325	THE FLESH: O WRETCHED MAN THAT I AM	58198
V15SsIfBV5I	20240413	7569	Friendly Fire	17073
e1UVKraC1YU	20240409	11795	Passover 2024 Purge	56067
sijm8Owlwq4	20240407	14514	Metamorphosis Being Born From The Dead	40491
VeDO06f-1_g	20240406	10407	What Manner Of Persons Ought Ye To Be?	32462
5ddle5YVJck	20240406	7477	DIVIDE AND CONQUER: SATAN IN MY EAR	19443
cLQCgvg5qXs	20240406	7390	Passover Vengeance Is Mine Sayeth The Lord	22581
YYaP66DcEmk	20240331	14400	Putin Opens Russia's Vault [Battle Fatigue]	105720
TrP2No8Xnlc	20240330	8774	It's Easier To Avoid Temptation Than To Resist The Devil	29240
ovrc6zVRAgM	20240330	8047	Be Not Partakers Of Her Sins	19707
W_niwF1V7AQ	20240330	7516	What Kind Of Sacrifice Will You Be?	13557
pTh0COZxzR8	20240326	8916	Getting Rid of The Leaven	32469
YwHFtd9su84	20240324	12702	Resurrection Of The Walking Dead	57373
Uf-y9XSFzLI	20240323	9078	FRUITS OF A POISONOUS TREE: FORNICATION	37795
xgOX_y5IihQ	20240323	9735	Mortal To Immortal	19743
c-6ujRQ6yqA	20240323	7811	THE FEAR OF PURPLE	22079
Zf-g3lK0Y9U	20240317	11788	The Abimelech Code	57812
LdVQoOgHRoM	20240316	9942	The Wiles Of The Devil	29644
UWkCVsTOEnE	20240316	562	The Hunter And The Prey	5117
KJyibd8-6PM	20240316	8933	The Hunter And The Prey	23464
_EHWzW6v7o0	20240316	7404	When Their Iniquity Had An End	14043
p2qeiT1HunU	20240310	15901	The Paranoia of the Inevitable Phenomenon	32041
x3dwnvl_2HQ	20240309	9327	Who Is Modern Day Esther?	25226
ume12BJP6uI	20240309	10199	Kicking Against The Pricks	20652
aIQ-tFXqQTU	20240309	7623	Faith Cometh By Hearing And Hearing By The Word Of God	15333
rvUtoxrE4j8	20240309	9088	Who Is Modern Day Esther	23385
lyU0Uu_ovMg	20240303	1193	Japan In Bible Prophecy	7323
xIseAxPXpVk	20240302	9252	Prepare The Chosen of God Shall Be Hated	38382
QpAgwZt57iU	20240302	9334	SHIP FULL OF BROKEN SOULS	18074
DDEM9wJTVco	20240227	39	MID-MORNING MEDICINE : The Meek Shall Inherit The Earth	2393
c7ql6idxuKw	20240225	15767	Judgement For The Mysteries of God	80043
VCZQKNU02n4	20240224	8502	Overcome Turning Setbacks Into Comebacks Part 2	21420
WH3aEAuGtlA	20240224	7597	Begin to Build A Little Sanctuary	18098
ZKi9VUwFKxI	20240218	15482	From Egypt to Rome | From Sudan to Babylon	79185
bnDJ6f_kUxw	20240217	9050	Overcome: Turning Setbacks Into Comebacks	36712
eKzFB2Ox89A	20240217	8853	Judgement, Mercy, And Faith	23081
zXl0oQIhTno	20240210	9601	Weightier Matters of Law	24950
zDV_WOf1LjU	20240210	8295	War and Rumors of Wars Part 2	18197
X7MoCscece0	20240210	7621	Sanctuaries Of The Lord	13111
EMjPAB2eZXg	20240204	13765	Lamenting Our Lost People	79463
SPwzrfeFC98	20240203	9336	Be Not Conformed: But Be Ye Transformed	36672
mv92jSiL7tc	20240203	8123	War And Rumors of Wars	15911
8K5I2p13bpA	20240115	9176	RAVENING WOLVES SHOW: Episode 80 - Israeli War Crimes and Genocide	13541
mS6qcYR9lbk	20240114	17231	From The River To The Sea, Our People Will Be Free	103411
Vdsd6-5azgc	20240113	10550	Whisperers And Wolves: Children Of The Marketplace	38169
K0DWaWvJADM	20240113	7671	Genocide In Gaza And The World Is Silent	21184
oaBguk6C9jI	20240113	5101	Pain Produces Power	21861
QK86LH_XM6I	20240113	2765	Pain Produces Power	11918
W2_n4y6V55Y	20240113	15488	Are They The People Of The Book?	10380
QpSYzgKGwi4	20240108	9455	RAVENING WOLVES SHOW: Episode 79 - Prepare For What's Coming	19466
cnE0e9qU1hc	20240107	14684	Lamentations And The Fall Of Teman	42794
DY4DXSQjrto	20240106	8439	Filled With The Holy Ghost	43611
2fPkHjF8ndo	20240106	8704	Perilous Times Shall Come - Part 2	20198
eWm41Yacrdg	20240106	8133	Amalek: A Deeper Look Into The Jewish Race	54564
D1_ZaM5nOtg	20240101	36205	SO CALLED “NEW YEAR'S EVE”  MARATHON DOUBLE HEADER	57322
Ogq8ZVwtDRM	20231231	17923	The Chemarims & Caterpillars For Gaza	69448
Sq2RBBQ_CJg	20231230	10497	HE IS WORTHY: OUR REASONABLE SERVICE	39501
Sq2RBBQ_CJg	20231230	10497	HE IS WORTHY: OUR REASONABLE SERVICE	39501
KbdZXKl-6Fk	20231230	7603	Perilous Times Shall Come	20101
gsBjBuYg6W8	20231230	16562	Happy New Year!  Is It Really???	13066
-T8xmD8JyiI	20231229	10691	Traitors In The Time Of The Maccabees	35075
v1YtEQHhXxU	20231227	8023	The Hammer Of God & The 7 Arch Angels Part 2	26517
bfS8kXSfpJQ	20231226	19162	Escape Hell Day: That Great Whore Christmas Get Away	34913
7LQSdQJgsRw	20231225	8462	RAVENING WOLVES SHOW: Episode 78 - Terror is Coming To Babylon	9986
-6qYpEJB-zE	20231224	14944	Prepare For The Maccabees Perils	68337
kpfVcgj2peE	20231223	10388	Dedicated To The Mission Of The Ministry	25560
jHgdDSmNB-8	20231223	7912	Restoring Ourselves	22309
2cEkDqNS51E	20231223	5378	A Hate We Can't Shake, Years of Self Destruction	13580
jzaXCn6cSiY	20231223	16006	Why Trim Your Ways To Seek Love?	7920
HNH9dwZ91y8	20231222	4411	The Hammer Of God And The 7 Arch Angels	17823
w-olMXK_fdw	20231222	5363	The Hammer Of God And The 7 Arch Angels	25341
xail6EiM8N4	20231216	10305	Wisdom of Solomon The Lesser & The Greater	28087
yfAqSow0TWs	20231216	7451	Unbreakable	20857
-RHCA5UNOlg	20231216	15603	They Hated Christ! They Will Hate You Also!	11111
jlp3rzyD0CI	20231209	10626	MORE THAN SERVANTS BUT FRIENDS. “DEATH BEFORE DISHONOR”	24799
ILcT5gXCCPA	20231209	7516	LORD, REMEMBER ME	24610
OGyy5QHzxV4	20231209	5385	The Church Of Thyatira And The 144,000	30988
ChBbtKTDocc	20231209	13769	Feast Of Dedication Preparation	21849
GQ_ILvQkFg4	20231203	149	PATIENT SAINTS RADIO | EPISODE 395	5265
SrkPVVmvyxY	20231203	16723	Zionist Judenrat In The Bible	100202
I09F6vgSU8c	20231202	9357	Martyrs for Christ : Examining The Apostles Deaths	19958
aFwElf-rxL8	20231202	8599	The Last Man Standing	18956
H8ik8aG3KLw	20231202	7754	Beware Of The Angels | Level 3	37058
M5LQ1DUPFoI	20231202	16046	Depression and Possession	10153
TSP1caemZwI	20231128	8550	The Beginning Of Sorrows	32098
QPjpVgkJR78	20231126	5238	Nazi Propaganda Is The Ashke-Nazi Agenda | Part 2	46312
481KBcZqhqI	20231126	9842	Nazi Propaganda Is The Ashke-Nazi Agenda	65000
xSnbXABlBPE	20231125	9643	The Environmental Psychology Of Sin & Its Temptation	40014
604Buk8BO6E	20231125	7666	The Door Of Salvation	18678
073Ck9rLJbA	20231125	7571	Unwaverable	17680
59-Gx4T9s5s	20231124	22310	An Apartheid State | Thankskilling Getaway	32099
zepOyiAQOWo	20231119	14503	Ashke-Nazis - Blow Up Gaza & New Jerusalem	130787
0h8U1T4Vc64	20231118	9127	The Hidden Enemy	33416
hj_UpwZP8II	20231118	7354	Establishing the Vision of a FAKE People	21652
mess46P-WBA	20231118	1087	You Want The Kingdom With No Problems	4788
h8e1TjTkfYk	20231118	6423	You Want The Kingdom With No Problems	13038
pmmh8qs0mWk	20231118	14074	Do We Have To Get Circumcised?	8334
3te_MLSvrIo	20231210	15076	The Avengers	43902
NgF1C9SlOiA	20231111	9764	The Zionists and The Wildman as Salvation Approaches	22516
B6NVz6Ae9Pw	20231111	8373	NAKBA: Oppression & Modern Day Nazis	24394
_Zm_KKRlbqM	20231111	13982	Dealing With The Holidays	12838
mlE59Wr_Cv8	20231105	12818	ISRAEL 1948 | WHERE WILL ARMAGEDDON TAKE PLACE?	148084
_HfJf3gKno4	20231104	10840	YAHAWAH'S "POWER FORGIVENESS AND VENGEANCE"	31782
OEkPNZrhPSo	20231104	9142	The Overcoming	30797
urPuezXK3c8	20231104	13002	Hatred	10370
DUgaKTdxW7w	20231029	12876	America: Code Name Merodach	64757
nQ_yGdss3CY	20231028	9444	THE WORLDS GREATEST CONSPIRACY AND CONTROVERSY	28004
YE3iKK_tano	20231028	9275	Now Is the Time to WAKE UP	31110
S3LbNh6gA5M	20231028	9157	Child Support: A Continuing Criminal Enterprise	18186
IP-lwsPS15s	20231028	14688	Be Sober, Be Vigilant; Because Your Adversary The Devil	7885
mxrUSmorBPE	20231022	12333	Chastised By God	81498
WkkJkxL5rVg	20231021	8868	70 A.D. Siege Of Gaza	49701
DdB43cxQo4k	20231021	9439	Follow The Prophets Lead Have Courage To Encourage	17772
DqPBJlCx6kc	20231021	7010	FLATTERY… THE COMPLIMENTS OF SATAN (Rerun)	9992
eN03cgZKjCY	20231021	14207	The Gaza Strip Is Getting Stripped!	17257
lLnOHLGpDgU	20231015	6162	The Plot And Devastation Of Gaza In The Bible | Part 2	273482
wUru07qWF1o	20231015	4190	The Plot And Devastation Of Gaza In The Bible | Part 1	84261
pjSlmQHW340	20231014	7728	Walk Worthy Of Our Calling	18309
iecqAgeRdHA	20231014	7863	FLATTERY… THE COMPLIMENTS OF SATAN	15530
GO4X3j8CWR4	20231009	14541	Day Of Atonement	45456
w4xq3pRsMZM	20231008	16712	Apocalypse Approaching	76389
lv3c6Uw_S10	20231007	9892	The Imagination Of Mankind	20817
WVMAHNsWUMI	20231007	9177	Who's Winning Your War?	21242
NvIfG3pegDw	20231007	15304	Don't Postpone Your Day To Atone	7527
Jx6Y741DUFE	20231001	1713	Wickedness: The Grain of Evil Seed	8457
Pbm9vgNp3CY	20231001	11767	Wickedness: The Grain of Evil Seed	99856
UzqDReW3E4A	20230930	8687	The United States Is Falling	26381
mhd5cHSBoI4	20230930	8260	MEMORIAL OF BLOWING OF TRUMPETS	23735
kfUCr2riN-s	20230924	13962	Rise Of An Unseen Government	115630
XQ9zaCTDHrI	20230923	7747	Overcoming Temptation	34664
f1oANJlHQWE	20230923	7589	Friend Or Foe: Some Things You Better Know	21335
oA_G5nRKClM	20230917	14489	LEARNING TO SEE WITH SPIRITUAL EYES | Psalm 23	87374
Zk9FA121PN4	20230916	8972	WHY CAN'T WE SUPPORT EACH OTHER	18085
_gGArCENCR8	20230916	10063	Return of the Saints	18437
vvKVoTJnDGg	20230916	7892	Sis, Are You The Hunter?	22238
q80hQ_P5rSk	20230916	13672	Do You Feel Like Going Back In The World?	11242
aJhVFjdp19Y	20230910	16262	AMALEK AND THE LIBERAL AGENDA	88834
MQC7LD_kbeo	20230909	8757	The Soul Reapers	25150
SR7Z5lrXTJM	20230909	9052	Sorrow & Joy Works Together	19196
oG4F-_Gu-3c	20230909	7848	There Is No Wisdom At The Backdoor	14217
e9-l5xvzFi0	20230909	11081	It's Crazy In Haiti! The Power Of Religion	7704
Ffurf8Sx7Bg	20230903	14033	Islam  & Christianity: The Valley Of The Dry Bones	174730
5gFGBIk3ljk	20230902	7	Islam  & Christianity: The Valley Of The Dry Bones	1554
LNis1bb9bDg	20230902	10181	Emotional Damage and Hateful People	28557
5oFZLh9QoD0	20230902	9310	The Milk For Malice & The Milk Of Correction: Our Humbling Walk	17537
Nm4qe0yvCBg	20230902	10049	Enablers: The Destroyer of Souls	15567
NXYiH5__mlI	20230902	13620	When Will They Stop Hating Us???	16385
c_ocm7FOTrw	20230831	7051	The Oppressed Images of Jacksonville Shooting	22954
elNEB8tpb-c	20230827	12888	The Return of Isaiah & The Fall of Arabia	104190
_O2yaTMVU0E	20230826	10188	Godly Grit The Indomitable Spirit	25419
A4_PlkU2Nxs	20230826	9662	Traitors Unawares	23585
JX56j91LIdc	20230826	14500	After The March	8241
gCfALfYapXQ	20230819	8	SIMPS AND SAVIORS	10949
Uq8titj85w4	20230819	8119	Conquering Sin & Overturning The World	21231
TfM0eX4ty0Q	20230812	9683	Looking in the Mirror	19329
-pdu0a2YWgM	20230812	7378	Why Does The Evil Seed Prosper And Grow? Or Seem So?	15549
qkcsJHHDWSQ	20230812	16036	The Blame Game	8143
jUKCBjb785g	20230805	10398	The 7 Abominations	26322
R_zfLX3f5GM	20230805	10593	GOD HATES THE INDEPENDENT WOMAN	38788
7RTw5-ikPS0	20230805	7596	STRANGE, DERANGED AND DYSFUNCTIONAL	15725
cAqQi6ao-XU	20230805	14475	Kyrie, No Beard Is Weird Bro!	11211
C2bwzh_ApcA	20230802	8816	NEW MOON: Summer Lust	31788
LNJRiBTnfb8	20230729	8519	MODERN DAY SOCIETY	20149
7ZWgWGKDGBY	20230729	8007	TREACHERY AND THE 48 LAWS OF POWER	19469
en4is-31RgQ	20230729	7570	REDISCOVERING THE BLACK PRESENCE IN THE BIBLE	15375
eOrAkwgWrbM	20230729	8548	Deacon Asaph Reviews "They Cloned Tyrone"	21545
pj4WB9LV17s	20230727	8835	The Power Hour Plus: God and Satan Part 2 plus marriage moments	4839
3TKHbfNf2z4	20230723	14393	They Tried to Use The Bible to Destroy Us	211913
0lpWrs9XfhM	20230722	8503	LOYALTY : A LOOKING GLASS INTO ONE'S CHARACTER	24964
LmKyyiCbADU	20230722	9467	STAY IN YOUR LANE: ROLE IDENTITY	30995
RgWFyw06hv8	20230722	7262	If They Bethink Themselves	13453
MLnxUL1YHPI	20230722	14257	Carlee Russell is the NEW Tawana Brawley!	10978
TbYLPqiNCyk	20230720	7873	The Power Hour Plus: God and Satan plus marriage moments stop arguing with Jesus!	5427
UI0xO13XdbE	20230716	703	RAVENING WOLVES RADIO: Episode 70- Let No Man Take Your Crown	1913
S0EKP7Q4GmQ	20230716	288	RAVENING WOLVES RADIO: Episode 70- Let No Man Take Your Crown	1542
BJiadUJH8I4	20230716	15448	OVERCOMING THE SIN OF SLAVERY & THE MARK OF THE BEAST	86131
kQ7_pkstSQo	20230715	9991	Resist The Wiles of Satan: A Reproof on Fighting The Devil	27478
2CAZ-6TWmBQ	20230715	8472	The First Resurrection	22379
fzkozN74lNM	20230715	7139	Needful Things	21061
akvI3P0n4yQ	20230715	12726	Watch! For Ye Know Not What Hour Your Lord Doth Come	10669
M5hov7pJ6YE	20230709	9193	RAVENING WOLVES RADIO: Episode69 - France exploitation of Africa	10919
ga08yEpIDoA	20230709	14006	LAZARUS AND THE LAKE OF FIRE	121717
8I5QIMmYjG0	20230708	10716	Delusion of Grandeur and The Narcissistic Nature	28844
9VmUFuCsVXw	20230708	7864	The Underbelly of the Beast	14248
EP1--jh8Egg	20230708	16180	No Matter What Don't Forget God!	7185
-wv8kI8352Y	20230705	18096	Life After Death	44184
vOo_GOW8eEM	20230704	7028	The Earth Will Glow	30753
94eTfFx2bTU	20230702	7812	RAVENING WOLVES RADIO: Episode 68 - The Time Travelers	10164
2CCLKfUGj_I	20230702	14496	BUCK BREAKING AND BUILDING GOD'S PEOPLE	64114
eiI5kSewMVI	20230701	9326	MENTAL	46081
1Q6G28oEzeA	20230701	8076	WE WERE CHOSEN	19863
gC6W4IPehhw	20230701	8417	UNRESOLVED TRAUMA	18837
7mW9htIUa2c	20230701	9097	Cowards In Kansas	11803
cku89r9aewE	20230625	15588	The Defiant Ones In Ordered Discipline Brick & Sword (Part 2)	37658
KTdtJAUeguY	20230624	318	The Cost of Your Soul	3163
Z8F6JtD8FGE	20230624	9253	Temptation Is A Builder	21818
2VZPutmKhJ4	20230624	8335	Beware Of The Angels | Level 2	36169
UOAeh1EoaiQ	20230624	13374	What Does It Mean To Fear God?	13437
kFNukORQEn8	20230622	3967	The Power Hour Plus: How Shall They Hear Without A Preacher Special Edition Live From Ecuador	3802
QeczbSAIbq8	20230621	4419	ITSR: Race Grace and Salvation pt 2 (Re-Run)	3161
-Tb9fxJoo-0	20230617	11243	Paul & The Corinthians	33178
J5rQqkLfizI	20230617	7555	Reprobate Silver	18426
xlEQiqPUyLk	20230617	36	Reprobate Silver	2544
QHB5Q_QEyNI	20230617	5885	Gods Avengers Vs Gods Enemies	15283
TZuEuSf8WlY	20230617	15451	Be Still, Let GOD Work His Work!	8689
uWFXLOCEGBU	20230615	9251	The Power Hour Plus: Christian Confusion; Do You Serve God or The Bible? PT. 2	7569
_-WSnDZqKkw	20230611	5781	Pentecost 2023	23245
bNTEOl-K0MI	20230611	15050	The Atom Bomb: From Nazis To Nasa	87118
N0uryy_6-5k	20230610	7754	Somethings To Think About	19996
op-IEhRxJGE	20230610	8888	From Three Fifths Of A Man To Gods	24158
b0MzxeRdYUA	20230610	8228	The Fiery Trial Of Faith & The Approaching Global Terror	18242
mth9ego4OlM	20230610	10911	The Hatred Will Continue	12391
Ihyjj-nqJKI	20230609	8348	PRECEPTUPONPRECEPT: Dump The Devil's Dollar: Economic World War III	11277
sxrdXQDjGF8	20230608	8228	The Power Hour Plus: Christian Confusion; Do You Serve God or The Bible?	5592
yVdYcVu3RDs	20230605	8399	NEW MOON | THOU SHALT NOT KILL	23516
vIlNt5QvVAs	20230604	13176	The Defiant Ones In Ordered Discipline.	55390
vUbatEAjiXs	20230603	9831	Afternoon Sabbath Class| Teach them War! Are you battle ready?	21022
zRdbf7a9Cp8	20230603	10146	Noon Sabbath Class| The End of This World	36854
AOz4uyoX7bQ	20230603	8311	The Three Faces Of Man	24830
0WRId3Gg9hY	20230603	13716	The Good Samaritan	8548
uqi7HSgCilg	20230602	8776	PRECEPTUPONPRECEPT: BRICS Set To Expand: The ICC Wants Putin Behind Bars	11029
bTIDQaB-zgE	20230530	20330	Gods Memorial: The Smoke of Her Torment	32638
NeemqTr1VLM	20230529	10476	RAVENING WOLVES RADIO: Episode 67 - You Could Have The Corner We Gonna Take The World	12035
kNZ5_gbMrAQ	20231231	3	PATIENT SAINTS RADIO | EPISODE 399 | DECEMBER 31, 2023	2185
We7YbxVOWCU	20230528	14968	What's The 1000 Year Reign?	129936
R3B-OYQAK-4	20230527	9585	Gathering The Troops In Defiance Of Terrorism Part 2	25447
rfRWh13o864	20230527	9615	Re-Examine Yourself	25490
n50qKON6PSA	20230527	7427	Let The Haters Hate, Keep The Israelite Faith	12844
zj_a3sDWoEg	20230527	11918	ALL CAMPS! Call In Tonight! If You Have Gripe, Let's Get Things Right!	13896
H0C1j8YIYok	20230521	11256	RAVENING WOLVES RADIO: Episode 66 - Will America Destroy Russia?	13583
ViPsU1sx2f4	20230521	11753	Job The Black Prophet And Our People Today	96170
EZrimWO-2-o	20230520	9580	Gathering The Troops In Defiance Of Terrorism	20758
uZ05p6AqU8M	20230520	9320	America's Slaves Are Not Free	22254
htN6SOiOeDM	20230520	7289	Glory, Virtue: The Divine Nature	12818
wQ9bKejTCf4	20230520	9556	Vocab Malone Continues To Lie Saying "IUIC Breaks Up Marriages!"	10827
RegLVNXB_VI	20230518	12774	The Power Hour Plus: White Lies and Black Deception	9536
FGHRvGqK5g8	20230514	5489	RAVENING WOLVES RADIO: Episode 65 - Is China The Next World Power?	9457
uFv-RLbu9-c	20230514	12644	Birth of A Nation	114844
Y81vmxuKyag	20230513	8869	The Sons of God VS The Serpent and the Ostrich Pt.2	26794
Qsb0NIURwWw	20230513	7188	Carnal Corinthians & Foolish Galatians	31988
yKp4yK_BTKg	20230513	15776	Can We Keep All 600 Plus Laws?	11952
Fcv9jYoOQEA	20230507	2573	The Unconquerable Israelites Thru the Ages	16961
g_RlA2CbcdY	20230507	4900	The Unconquerable Israelites Thru the Ages	48998
d64lhQIvI7k	20230506	4266	The Unconquerable Israelites Thru the Ages	35939
3kpSsC_L4-k	20230506	8566	The Sons of God vs The Serpent and The Ostrich	30162
78Z-OZQuujY	20230506	10168	Overcoming Lust: The Clutch of Asmodeus	38647
cGN8UOQeHb0	20230506	6502	Beware Of The Angels	33461
T8m4u5LyH-E	20230506	13569	As Vocab Becomes Afraid, He Starts Telling LIES!	16717
vIhoO_wX_mM	20230504	8191	The Power Hour Plus: Passover 2023 Recap and Our Reaction	4865
E-kcKguJMSI	20230430	13259	DELIVERANCE: The Chain Of Events	119481
8dctVR-WNhI	20230429	9807	Escaping The Plantation Of The Dead	36501
qXlhABHmM5E	20230429	9414	When Adultery Is On The Brain	20186
RJZicLJf3Wc	20230429	14374	After 2023 Passover	9767
kO1cF-xQQUo	20230423	3416	PASSOVER: A CELEBRATION OF DELIVERANCE FROM OPPRESSION PT.2	23176
Iux2iP0ok6I	20230423	15353	PASSOVER: A CELEBRATION OF DELIVERANCE FROM OPPRESSION	76764
cx9FvpQpNBw	20230422	8646	THE COURAGE OF OUR FOREFATHERS DURING PERSECUTION	20262
SA1NDTDVj0k	20230422	8236	Shouldest Destroy Them Which Destroy The Earth	15893
eRPthPd04OM	20230421	9577	PASSOVER 2023 - 20th Anniversary - Pt.2	21842
Sb2lSjw0QJ0	20230420	4564	PASSOVER 2023 FASHION SHOW: THE FIRST AUTHOR OF BEAUTY	43037
aEcr6nPgnIM	20230416	13233	CREATION-FROM GOD TO MAN	278761
I-jlIFF7pcc	20230415	9299	The Purge: Passover Edition	27509
xg-bg9f8vSM	20230415	7438	Niger in Africa: God's Jew-El Scattered Part 3	16206
YG3WGun6jEw	20230415	14337	Gifts Of God, Gifts Of Man	15616
qj3xCqnsXjk	20230413	8945	The Power Hour Plus: Satan's Ministers: A Battle Against The Wicked	8164
5kS38kpdAQg	20131230	54	Attention!!! America Wants To Keep This Secret	6712
sbv-hEeiTcE	20230408	1831	Judgment Is Coming to America	11251
Hy3O0yY1mHQ	20230408	6798	Judgment Is Coming to America	33224
rBA7bzLESi0	20230408	10509	Liberals: Hijacking Civil Rights	24496
qYmYCnlfsGQ	20230408	7928	The War Of The Worlds	26606
TmKG7oHJ6RA	20230408	14214	Passover Preparation 2023	21662
TnLmFhlSFOU	20230407	11316	NEW MOON: THE PRICE TO PAY FOR WISDOM	31344
jdaPKKKVIhM	20230401	9788	The Controversy Of Zion	41087
uZHCRs0kgwI	20230401	9225	SABBATH NOON CLASS: OLD EGYPT, NEW BABYLON	20120
Hb8absE75eA	20230401	8585	The Poisoned Well: The Rise And Fall Of Anti-Semitic Propaganda	22081
t6wuIHBAhPM	20230401	13384	They Hate You, Cause They Ain't You	18780
CUS3fuW0iHs	20230326	14878	RESTORING THE IMAGE OF GOD IN US	71452
bOC_uzm50N4	20230325	9844	His Mercy Endureth Forever	27193
Z4A_qreb3Zg	20230325	841	Satan Is Real	4509
XPM1uSgS2do	20230325	8679	Satan Is Real	25655
DbYTk_bf4aw	20230325	7706	Make Your Calling And Election Sure (Youth Edition)	13924
0jVo_p9JOBA	20230325	15892	Shanquella Robinson NEVER TRUST THINE ENEMY	11264
6xkB_epkR_w	20230319	14184	The Bible: The Clock of Doom and Redemption	200193
VS6wYFxlwcU	20230318	9851	The Archenemy Doctrine Of Christianity	34748
cBjqkIy3OSU	20230318	10357	UNSTOPPABLE	26407
io_20q-bK4Q	20230318	6377	UP KEEP YOUR OWN FIELD	14021
NFoL6EJ2gEY	20230318	14060	Do You Know What Happened To Rasheem Carter?	25515
HNnKoVf4zOs	20230312	12776	The Purpose of God's Wrath and Mercy	177563
KhjyfJhwodk	20230311	9604	SIN: HOW, WHY, WHAT?	29339
kwFNmo1e9cM	20230311	8003	Sabbath Noon Class | Respect The Brotherhood	16798
7HycvzAtvwA	20230311	5620	Don't Get Left Behind	17037
IMrpES1z9bs	20230311	13258	Money Money Money	18030
sW_WERGmDYA	20230311	4846	HAMMERTIME: Tell The Truth	11462
cSSN04Kgu40	20230308	4944	NEW MOON | ENEMY OF THE STATE PT.2	38328
8jHSZIUnjJ0	20230308	3305	NEW MOON | ENEMY OF THE STATE PT.1	31907
f_lkQEvo0Y4	20230306	7798	Wisdom Crieth Out Show: Artificer Intelligence #AI	8022
752ESdqJThU	20230305	14556	Unshakable Faith In The Darkest Hours	79781
fp5DHhKgb9I	20230304	9885	The Nemesis Of Israel	36342
Y-559AL_BSQ	20230304	7805	The Awakening Of Jacob	18053
eTLbcFx85cA	20230304	5780	Surviving The Shake	16176
n5cCPBRIMJE	20230304	12759	Is The One West Elder Dead???	15853
Y2Pp1VbwbyI	20230227	4851	HOUSE OF OFFICER GABRIEL'S WEDDING FEAST	18157
T9beROw7-Ws	20230226	12642	AMERICA AND THE WORLD WILL PAY REPARATIONS	107855
oRDTK53_IXE	20230225	9703	THE WAR ROOM	26547
iNlRVUr4nCo	20230225	8505	BLACK AND WHITE BRAINWASHING	22360
uwjvycxLa4I	20230225	5975	COMMIT TO YOUR SALVATION ENDURING THE GREAT EAGLE	11743
r1VrVGTPkHY	20230225	17052	Many Churches Are Closing! Will Yours Be Next???	13270
mPngEmwRS2Y	20230220	6782	Feast of Purim	22017
oxSqRScjkeM	20230219	16360	The Shadow War on Haiti	56458
q4_hmc3Zn9s	20230218	9071	Psychological Warfare Modern Day Society Pt.2	18182
EeGTj5_0BCM	20230218	6011	Tapping Into Your Full Potential	19455
CVG0in5y2xg	20230218	9694	Destruction Of Nicanor: Destruction Of Our Enemies	28225
FArgAFxUyDo	20230212	14622	The Black Church And The Fall Of America	176467
BUuiXLLuguc	20230211	6641	The Process of Change	22990
3PW0oWD6YqY	20230211	15609	False Brethren Crept In	9941
Lmjwv2VRO9g	20230206	9690	NEW MOON: Becoming Spiritually Strong	36939
xWuNI4KEMqU	20230205	16928	ENTER THE DRAGONS	73851
CXwC_yXHBgo	20230204	9781	Finding Your Ideal Spouse: A Guide to godlike Proving	39356
Kx_akZvwAbU	20230204	8058	PSYCHOLOGICAL WARFARE	22673
TBY0zBag6xk	20230204	8078	THE GUIDE TO FIXING A BROKEN PEOPLE	18606
Wmu07Y7oOsk	20230204	10558	Black On Black Crime Is Spreading In Our Time	7714
W1PY_Ja1P1w	20230128	7822	UNBREAKABLE: Built For The Storm	31722
R1VhRABzmbA	20230128	8086	Stop Resisting	17518
kWCr44omuco	20230121	10127	TORN	28306
K5JM8YjH280	20230121	8833	PERFECTION BY AFFLICTION PT. 2	17186
HbGnsQfMnjw	20230121	8071	CHRISTIANS ARE THIEVES AND ROBBERS!	13332
7bRXigfpY6E	20230121	13774	FRIDAY NIGHT RAW: Does The Bible Say Slavery Is Okay?	19130
5-v8X4EVygo	20230119	9032	The Power Hour Plus: Shameless, Impudent Women and Virtuous Redemption	8656
Hl6zCJPAmss	20230116	7237	WISDOM CRIETH OUT: MLK: Massive Loss of Knowledge	6142
NaAEjw5eUOo	20230116	5511	LIONZ DEN RADIO SHOW : CURRENT EVENTS	5004
ecIIAcGfHB8	20230115	14625	SIMPS AND SAVIORS	63144
JBNS25GEVw0	20230114	7599	Do Not Break the Law	14057
4eBkDShqUDo	20230114	16629	FRIDAY NIGHT RAW: Does The Bible Say You Can't Use Curse Words?	14924
hiumWjR20Ao	20230112	8707	THE POWER HOUR PLUS: The Church of Satan: Nail In The Coffin	8419
BjIzWM_gPwE	20230108	14709	SATAN'S MINISTERS EXPOSED	97873
4QU4R1lHPAM	20230107	9583	War In Heaven And In Earth (Part 2)	25134
lZ8K4YxFZx4	20230107	7671	Physically, Mentally, Spiritually: Do You Really Want To Be Free?	12118
eb88cf1dcKI	20230107	12191	FRIDAY NIGHT RAW: Should God Send His Son To Save Us Now???	15240
HGrFczNdpGA	20230107	4785	HAMMER TIME | Less Time, Less Lust	13286
BFrjXlrAjLo	20230105	7861	THE POWER HOUR PLUS: A Great Awakening Has Begun - The Israelites Are Standing Up! (RE-RUN)	8619
cjv9MrtUCf0	20230102	28652	ESCAPING NEW YEARS | HELL: 1000 YEARS OF TORMENT	48393
9PBUCN2XnHs	20230101	16317	WHEN WE BECOME KINGS	86108
carhptiFNDA	20221231	8741	PATIENCE: GODS TO MEN TO GODS AGAIN	23577
-c2W6uSWliU	20221231	7986	THE FLESH PROFITETH NOTHING	18805
GJPx2bEPgiE	20221231	7820	THEY LOVED NOT THEIR LIVES UNTO THE DEATH	26429
A7rLNZ5xtO0	20221231	14684	FRIDAY NIGHT RAW | What Would You Like To See In 2023?	9165
bcDnpqS5WMA	20221226	21581	VENGEANCE: THE RETURN OF CHRIST	49057
y1pRauqJe9o	20221225	13456	DAMNATION: THE BEAST PRINCIPLE	163033
V6SFe9XtS78	20221224	9720	The Zionist Replacement Conspiracy Pt. 2	16371
9GbIDN65U_U	20221224	7360	The Depths of Criticism	16789
5cuSQzCZ32M	20221224	7660	Sex, Money & Lies	19722
CPl26AI621Q	20221224	13141	Friday Night Raw: The New Year Does NOT Begin January 1st!	17037
H3QWYgDhvQM	20221218	283	RAVENING WOLVES RADIO SHOW: Episode 58 -Did Sizzla and Buju Sell Out Reggae Music	3418
jsh-ZarLf4s	20221218	24	PATIENT SAINTS RADIO: December 18, 2022	2731
B4Prn2E_i-I	20221218	13127	SEALED BY GOD OR MARKED BY MAN	236160
jwKf_f3lgcM	20221217	9627	Spiritual War In The Mind	51242
yjMUPIzR2n4	20221217	7417	God Chooses Leaders For Men To Build Up	25296
id6ZzVlZb98	20221217	7514	Emancipation	13379
G9NhnULqI7E	20221217	15626	IUIC | Friday Night Raw: I Don't Care Christmas Is Almost Here!	12830
msICi3n6684	20221210	9318	The Zionist Replacement Conspiracy	21183
3FAVppPWamk	20221210	6806	Lifestyle of the Rich & Infamous	23131
Q3vfDqYFRg4	20221210	7488	Never Forget	9515
uankyWomuVw	20221209	6837	The Mindset Of Strangers And Pilgrims	18727
08GsJvxEFmg	20221204	16175	Who & What is the Abomination of Desolation	106053
LICZaiRdyGs	20221203	9461	The Revelation of John and Ezekiel	38613
1-buC7kTua8	20221203	8625	Niger In Africa: God's Jew-El Scattered Part 2	18268
vwoY8cYY5Ro	20221203	7120	SABBATH MORNING CLASS | WELCOME HOME: FROM KYRIE TO THE KINGDOM	16493
mhUJMxxYOeE	20221201	8835	THE POWER HOUR PLUS: The Zionist Lie: Zionism is not biblical	10112
IkoQMU0ADuQ	20221127	17105	SABBATH EVENING CLASS: SECRET PLOTS AND CONSPIRACIES	97613
5ktZwObucxc	20221126	8552	The Prodigal Son: The Reuniting Of The Kingdoms	22179
YrQYeUjXkWQ	20221126	7718	AFTERNOON SABBATH CLASS: TIME IS SHORT, LET US FOCUS	18192
4ExViC8o3AI	20221126	7870	Amalek A Legacy Of Jewish Lies	27250
6V3WRQYJd8Y	20221126	17208	Friday Night Raw: Haters, Traitors And Debaters	15297
95FX-ZnkZqc	20221126	5999	HAMMERTIME | Laba With The Evidence	14845
PRhlouDtXoQ	20221125	23380	THE DESTRUCTION AT NOON DAY -THANKSKILLING CLASS	46254
Wo9cWovjgqE	20221124	9300	THE POWER HOUR PLUS: Evident Truths to Blind Eyes: Antisemitism or a Light in Darkness?	5503
wHLEgliquFU	20221120	12329	Satan On Mt. Sinai NWO	199646
j8jDGzZvDx8	20221119	8787	The Devil Is Found In The Details	26989
IQjGdY5YGUs	20221119	7950	We Are That Mustard Seed	18932
mfqOXKk01qo	20221119	8271	Envy, Hatred & Fear	15518
pTC7RxBWvIY	20221119	12276	IUIC | FRIDAY NIGHT RAW | You Wanna Know Who's Fault It Is? Look In The Mirror!	10142
oMXPMUyeYm8	20221118	1167	IUIC | WOTW EPISODE #34 | TUNE IN ON IUIC TALLAHASSEE CAMP PAGE AT 7PM	3103
R6zYvdSsN84	20221113	13187	God's Revolution	147501
X_sEWdHOXp4	20221112	7391	Niger In Africa: God's Jew-EL Scattered	20867
zQ3xtxLJ8bM	20221112	7451	IUIC | SABBATH MORNING CLASS: THAT MAN OF SIN BE REVEALED	16200
K42EGV7v7d0	20221112	11516	The Barbra Streisand Effect Is Starting To Affect Jewish People!	25671
jBz9or2gtoY	20221109	7338	Sellouts & Traitors Of Their People	25475
WSJJCCPHEoE	20221105	9504	They Were Trying To Tell Us	42359
iGjsMfA0Eb0	20221105	10400	SABBATH NOON CLASS: War Against The REAL JEWS	29142
Bs5Z2tckptw	20221031	2283	#IUIC | Wisdom Crieth Out: Halloween: Unclean Fiends & Drag Queens	3945
rmWtBc3yzW0	20221031	189	#IUIC | Wisdom Crieth Out: Unclean Fiends & Drag Queens	2139
zS6HjdvkLto	20221029	8685	#IUIC | SABBATH AFTERNOON CLASS: Herodians: Synagogue of Satan	21379
MtkOoVrQGHc	20221029	10502	#IUIC | SABBATH NOON CLASS: Teaching Repentance Is A Crime Today	19674
GqAE53yC8Ng	20221029	8845	#IUIC | SABBATH MORNING CLASS: Woe To The Robber Barons	13672
v1jydHyJZyw	20221029	13894	#IUIC | Trick Or Treat Ain't Nothin' Sweet!	9498
2Vzu59aRa5M	20221029	1663	#IUIC | Ye ain't crazy Ye chosen (Visit OKC YouTube)	7104
lbdBcJJzF5I	20221029	8375	#IUIC | THE BIBLE: BOOK OF OUR FATHERS | Freedom From Fear & Bondage (Part 4)	13023
aRTWuD2pOek	20221027	6732	#IUIC | The Power Hour: The Spiritual Revelation of Christ	6531
SZLzr-d54KI	20221023	13062	#IUIC | SABBATH EVENING CLASS: Christian Apostasy and Prophecy	42330
wFhKj4f43a8	20221022	9465	#IUIC | SABBATH AFTERNOON CLASS: N.A.S & SWTF	23489
2LirrTPTeok	20221022	10643	#IUIC | SABBATH NOON CLASS: Public Enemy: Is Kanye Crazy?	21964
VcInddX2818	20221022	1599	#IUIC | SABBATH MORNING CLASS: BEWARE OF THIEVES, MURDERERS, AND LIARS	4323
OL5A3HVzJV8	20221022	3864	#IUIC | SABBATH MORNING CLASS: BEWARE OF THIEVES, MURDERERS, AND LIARS	9741
i1XoeXzTgf4	20221022	15087	#IUIC | Where Is Black Lives Matter When They Show Us "Black Lives Don't Matter!"?	7547
X9vEEeoWQ_4	20221022	10230	#IUIC | THE BIBLE: BOOK OF FATHERS | Freedom From Fear & Bondage (Part 3)	13357
iVO9lzxKUes	20221016	14494	#IUIC | SABBATH EVENING CLASS: War In Heaven And In Earth	36370
cetvQzeU1XY	20221015	8642	#IUIC | SABBATH AFTERNOON CLASS: The Red Man Psychosis: We Understand Why You Hate Us	20002
kE8pmngUoYY	20221015	10037	#IUIC | SABBATH NOON CLASS: Is Kanye Right? Who Are The Jews?	33929
F3j10gpNJD4	20221015	9422	#IUIC | SABBATH MORNING CLASS: Media Manipulation: Demonizing God's Children	16331
nJf-OZ10R1o	20221015	14254	#IUIC | Kanye West Is Being Used By God And Satan	24568
WTUWjV9LV6E	20221011	947	#IUIC | ESCAPE COLUMBUS DAY: Continuing Of Genesis Pt2	4607
DEBiH-edn54	20221011	10533	#IUIC | ESCAPE COLUMBUS DAY: Continuing Of Genesis	20213
0usdbH8KrgM	20221001	7504	#IUIC​ | SABBATH NOON CLASS: The Wife For The Rest of Your Life	22797
7uOWcFJvewE	20221001	8757	#IUIC​ | SABBATH MORNING CLASS: Endeavoring To Keep The Unity	12956
GtESVXuqad8	20220925	7415	#IUIC | SABBATH EVENING CLASS: The Tabernacle of Heaven & Earth	33513
c3OikqB3YNM	20220924	8019	#IUIC | SABBATH NOON CLASS: Can I Get A Witness?	13017
u1aQQ0-Jb6A	20220924	7504	#IUIC | SABBATH MORNING CLASS: Atonement In Hindsight	12373
5mJrL-8HOIQ	20220920	12304	#IUIC: DAY OF ATONEMENT | There Is  A Sin Unto Death	38282
sd-2OITwue4	20220918	12250	#IUIC | SABBATH EVENING CLASS: A Guide On How To Properly Keep The Day Of Atonement	45949
J7Ie1VW2PAc	20220917	9891	#IUIC | SABBATH AFTERNOON CLASS: God's Senses To Salvation Through Tribulation	33520
ul23BlPjHQM	20220917	9501	#IUIC | SABBATH NOON CLASS: Atonement: Forgiveness & Judgement	20088
a6VQ231Y3As	20220917	8533	#IUIC | SABBATH MORNING CLASS: Hebrews Chapter 7	19962
AG1B6WqYUwE	20220917	17206	#IUIC | Day Of Atonement 2022: Don't Do The Fast If You Won't Make It Last!	12181
0jIh6h71A5s	20220917	8019	#IUIC | THE BIBLE: BOOK OF OUR FATHERS | Vision, Faith, and Hard Times.	13075
OVrpjJ_-Xw4	20220912	8600	#IUIC | The Purge: MOBOT	71614
_zsUH-L9K9M	20220910	8709	#IUIC | SABBATH AFTERNOON CLASS: Where did the Luv Go?¿?	20979
YHwqUUCrAT4	20220910	9396	#IUIC | SABBATH NOON CLASS: Preserve Your Soul	17288
ikucOSEeG1Q	20220910	7973	#IUIC | SABBATH MORNING CLASS: I am God I Change Not, Christian Nationalism and Grace.	15038
Fh3c2reFbIU	20220910	12777	#IUIC | Ding Dong The Queen Is Dead	28361
iX6HzySy7S8	20220906	18148	#IUIC: ESCAPE LABOR DAY | Genesis: Hidden Secrets	74826
bevqP7FrAOI	20220904	10285	#IUIC | SABBATH EVENING CLASS: God's Law Is Like Fire	68976
o2oNuB3wEtI	20220903	8673	#IUIC | SABBATH AFTERNOON CLASS: The Building Of A Chosen Vessel - Sincerity Without Offense Towa…	22265
MaRNPfXDSOM	20220903	9889	#IUIC | SABBATH NOON CLASS: Acknowledge The Man Within	17746
erd2fsMVFTE	20220903	8176	#IUIC | SABBATH MORNING CLASS: No Love in Christianity Cult	15073
1MVJ_UyeCHI	20220903	11650	#IUIC | Remember Your First Love	10311
91vsDDofzHE	20220828	7323	#IUIC | SABBATH EVENING CLASS: Identifying Bums And Adulterous Hoes | Part 2	46196
8x6IgvYvv8g	20220827	7329	#IUIC | SABBATH AFTERNOON CLASS: CHRIST: The Lamb & Sweet Smelling Savour for Israel. Keep the Laws!	16073
5PJjSPvaHF4	20220827	10686	#IUIC | SABBATH NOON CLASS: Understanding The Schoolmaster	27516
nQniybfsf0s	20220827	6338	#IUIC | SABBATH MORNING CLASS: The Basic Elements	12021
96dc3n4sMnY	20220827	15397	#IUIC | FBI Raids Uhuru Movement! Are The Israelites Next?	14815
-JwHIrBga8Y	20220821	11324	#IUIC | SABBATH EVENING CLASS: Prepare The Body Before The Battle	63311
34WpJR4ESjg	20220820	7851	#IUIC | SABBATH AFTERNOON CLASS: Attributes Of A Successful Leader	29420
fk7kpI7mVfc	20220820	7447	#IUIC | SABBATH NOON CLASS: Don't Burn In Your Lust	21807
tR9vYeRivdY	20220820	5680	#IUIC | SABBATH MORNING CLASS: Conditions of The Spiritual Battle	17552
9XB_A5eEkqg	20220814	13948	#IUIC |  SABBATH EVENING CLASS: They Tried To Erase Us	177020
_2L6Cb_HO-A	20220813	8320	#IUIC |  SABBATH AFTERNOON CLASS: FOLLOWING GOD'S VISION THAT'S BEYOND OBSCURED EYES (PT.2)	20886
KKVdSlxNmUs	20220813	10639	#IUIC | SABBATH NOON CLASS: What Is A Strong Black Woman?	31447
ATNM0yYhwX8	20220813	8816	#IUIC | SABBATH MORNING: THE FALL OF REPLACEMENT THEOLOGY	21993
X37oe2ipCwM	20220813	7518	#IUIC | THE BIBLE: BOOK OF OUR FATHERS | STRANGE WIVES = STRANGE MEN	13894
bS7FVK_dweI	20220812	7425	#IUIC | NEW MOON: Know Your Enemy	19758
dotETmzPUbc	20220807	13881	#IUIC | SABBATH EVENING CLASS: The Third Kingdom of Babylon	515066
hg_MRrrEnGs	20220806	7438	#IUIC | SABBATH MORNING CLASS : The Trials Of Eve And Adams Test	17770
DgpJgffhWfw	20220806	9308	#IUIC | SABBATH MORNING CLASS : The Faith Of Christ In A World Full Of Hate	16709
A5TdmSVZozg	20220806	14982	#IUIC | Confusion???	15225
7_anIcL06J4	20220806	6012	#IUIC | FIXX YA FACE FRIDAYS!! | CHRISTIANS SAY THE DUMBEST THINGS (PART 2)	18833
jR-pEviHmp0	20220806	7413	#IUIC | THE BIBLE: BOOK OF OUR FATHERS | Woe Unto The Pastors (Part 2)	10316
SkAdaj4dcp0	20220731	13755	#IUIC | SABBATH EVENING CLASS: The Anti-Christ Is Among Us	142724
tdL1eAnwyc4	20220730	9491	#IUIC | SABBATH AFTERNOON CLASS: Temptations Common To Man	22439
Cp8tG8xQ29s	20220730	9727	#IUIC | SABBATH NOON CLASS: Christians Don't Believe In The Bible	22682
YzsysfgzIrY	20220730	8389	#IUIC | SABBATH MORNING CLASS: Trials Are Seasonal, Salvation Is Forever	21539
afvy6KAZSSw	20220730	9045	#IUIC | FIXX YA FACE FRIDAYS | CHRISTIANS SAY THE DUMBEST THINGS	23966
1EA0bCnDeNo	20220724	15329	#IUIC | SABBATH EVENING CLASS: THE FOUNDATION OF THE NEW WILL ALWAYS BE THE OLD	46733
zOfp7uGKYL4	20220723	7666	#IUIC | SABBATH AFTERNOON CLASS: Only A Few Days Left!	19603
dgvZyN6I6yk	20220723	9387	#IUIC | SABBATH NOON CLASS: The Confirmation Bias Of Christianity	16095
sWM3Pw1Nobo	20220723	13819	#IUIC | Lying Gino Don't Know What We Know!	34628
dQF39RbvXUk	20220723	11899	#IUIC | THE BIBLE: BOOK OF OUR FATHERS | The Numbing Effect Of Christianity Upon The Black Minds!…	28415
Va6ItNT7sVY	20220718	6919	#IUIC l Lionz Den Radio Show: Passion Of The Lie	8757
OEVxzrMFmUQ	20220717	13461	#IUIC | SABBATH EVENING CLASS: Following God's Vision That's Beyond Obscured Eyes	57455
827vYpkNzYM	20220716	9079	#IUIC | SABBATH AFTERNOON CLASS: Strengthen The Simple Mind An Adamant Harder Than Flint PT. 2	15059
EjqGrbgaTaw	20220716	9155	#IUIC | Sabbath Noon Class: Take Up Your Mantle - Answer The Call	19185
oq0l6dUtMCA	20220716	6973	#IUIC | Sabbath Morning Class: I Am God I Change Not: Race Grace and Salvation	14807
-4iIm6TvWzM	20220716	12820	IUIC| Hebrew Israelites Are Poor, On Drugs, And Have Criminal Records???	10697
hWBkX3-5Cbg	20220716	5145	IUIC| FIXX YA FACE FRIDAY: Empowered To Be A Hinderance	12896
wvKohGc9yzI	20220716	7512	#IUIC | THE BIBLE: BOOK OF OUR FATHERS | THE NUMBING EFFECT OF CHRISTIANITY UPON THE BLACK MINDS …	16983
ZkG2E256TUg	20220714	5290	#IUIC | NEW MOON CLASS | Dumb Christian Doctrines PT 2	11340
vSkLsAuq2CU	20220714	8696	#IUIC | NEW MOON CLASS: Dumb Christian Doctrines	25242
wPYCWcMjc7o	20220710	12574	#IUIC | SABBATH EVENING CLASS: RACE, FAITH & PERSECUTION	112591
QEFHmo5f7dA	20220709	8939	#IUIC | SABBATH AFTERNOON CLASS: Strengthen The Simple Mind  An Adamant Harder Than Flint	16248
MAkxoY6AB1M	20220709	9640	#IUIC | SABBATH NOON CLASS: Kicking Against The Pricks: The Vain Fleshly Mind	19344
ItLUFQxShXU	20220709	13474	#IUIC |Thou Shalt Not Judge	7782
7tE7cwvP9Lc	20220709	12914	#IUIC | THE BIBLE: BOOK OF OUR FATHERS | The Numbing Effect Of Christianity Upon The Black Minds !	22624
gAVq1ZV83Dw	20220705	19733	#IUIC | ESCAPE JULY 4TH: The Vessel Of God's Wrath.	34376
6FpTmQ__yhI	20220704	7435	#IUIC | WCO RE-RUN 03-06-22	4166
BEEyxVXjqg4	20220703	12882	#IUIC | SABBATH EVENING CLASS: The Sabbath Is A 1,000 Years Of Rest	114573
LHOQTTMlqF0	20220702	7037	#IUIC | SABBATH AFTERNOON CLASS: Sheep Amongst Wolves	14645
vKaUTUND7_c	20220702	8995	#IUIC | SABBATH NOON CLASS: You're Worth More Than Gold	27801
vmsYEWYaOc8	20220702	8039	#IUIC | SABBATH MORNING CLASS: Separate and Not Equal	15903
qTXwgUAqcL4	20220702	9289	#IUIC | The Abortion Distortion	7868
XaQ97NX8k4k	20220702	7558	#IUIC | THE BIBLE: BOOK OF OUR FATHERS | Decadence, Hatred And Judgement (Part 4 The Judgement)	12165
t1ZGdRr0T1I	20220627	3168	#IUIC | WISDOM CRIETH OUT RADIO SHOW: 03-06-2022	4072
3jWshNfeTP4	20220625	9005	#IUIC | SABBATH AFTERNOON CLASS: Romans 11	26590
QffQN6SrgDE	20220625	10815	#IUIC | SABBATH NOON CLASS: The Abortion Deception Menstruous Murderers	22149
Qn-cYUcbo00	20220625	8128	#IUIC | SABBATH MORNING CLASS: Something About The Name JESUS	19239
dF92N_TBmic	20220625	5687	#IUIC | FIXX YA FACE: THE SOCIAL MEDIA ADDICTION	13295
38RwOD1G_LI	20220625	10649	#IUIC | THE BIBLE: BOOK OF OUR FATHERS | Decadence, hatred and judgement the blackout of truth (P…	22050
rf-sRA7CnHI	20220621	18138	#IUIC | ESCAPE JUNETEENTH: Life After WW3	41533
J24miYzxsdY	20220619	13014	#IUIC | SABBATH EVENING CLASS: Prepare for Battle	77975
nHPcpbigmmc	20220618	8451	#IUIC | SABBATH AFTERNOON CLASS: Iron Sharpeneth Iron -The Communion of The Holy Ghost	17456
GgDbNW1ghaw	20220618	6950	#IUIC | SABBATH NOON CLASS: Scourges of the Mind: Control Your Thoughts	30524
2mnHrhPTKw4	20220618	7499	#IUIC | When Christians Tell The Truth !	10281
9W4ZU508ou0	20220615	7123	#IUIC | NEW MOON: Predestined	21095
AbEE1lQ-_Ps	20220611	9045	#IUIC | SABBATH AFTERNOON CLASS: Are You A Bitter Person? The Root Of Bitterness	34593
ceUG2VWgIRk	20220611	9674	#IUIC | SABBATH NOON CLASS: The Gospel	16557
FYW-7HK165w	20220611	8974	#IUIC | SABBATH MORNING CLASS: You Ain’t Seen Nothing Yet	20797
AFyhEnHSuRM	20220611	15272	#IUIC | Heaven Explain	8625
bcGAKnFPmJU	20220611	8714	#IUIC | FIXX YA FACE FRIDAYS | APPLY THE PRESSURE!	16017
XIbwjRr-Hvg	20220605	13050	#IUIC | SABBATH EVENING CLASS: Our Salvation & China's Desolation	100243
FuNzh4wKPDE	20220604	6944	#IUIC | SABBATH AFTERNOON CLASS: The Hard Reality And The Good Deception	18792
uhcjvlLkefY	20220604	10328	#IUIC | SABBATH NOON CLASS: The Return Of the Gods	19133
a0xto1Jl4VI	20220531	15599	#IUIC | ESCAPE MEMORIAL DAY : As In The Days Of Noah	36649
r842fSHXw7g	20220529	12897	#IUIC | SABBATH EVENING CLASS: Pray & Plan For What's To Come	106420
PDMK-P5yB0E	20220528	7117	#IUIC | SABBATH AFTERNOON CLASS: Christ The Peacemaker: 1 God, 1 Nation, 12 Tribes	15994
ljWpgRSrocI	20220528	10398	#IUIC | SABBATH NOON CLASS: Acts Of The Apostles Part 2	15532
NhzXQrqtwdc	20220528	7490	#IUIC | Sabbath Morning Class: Yes Men	14016
GUxJQyo96DA	20220528	14397	#IUIC | What Kind Of God Lets Children Die?	22557
XvzzvzSGydM	20220528	434	#IUIC | Fixx Ya Face Fridays | When The Jig Is Up?!	3958
1KJctCOZskI	20220521	5281	#IUIC | SABBATH AFTERNOON CLASS: Acts Of The Apostles	14258
z607zMR4NoA	20220521	9646	#IUIC | SABBATH MORNING CLASS: High Treason At Times of War	18188
jv1V_lBcHIk	20220521	10498	#IUIC | Is Payton Right About Replacement Theory?	19787
Gm6Tdao1rWA	20220517	6615	#IUIC | NEW MOON: STAND FAST IN THE NEW MOON DESPITE TRIBULATION TO COME	16760
M6DcIdpGQCs	20220515	13058	#IUIC | Sabbath Evening Class: Following Unworthy Leaders	181002
cAk9sWisR-8	20220514	9293	#IUIC | SABBATH AFTENOON CLASS: THE DECLARATION OF WAR, YET NOT DECLARED! (Part Two)	19653
pCH7sO1s4sQ	20220514	8732	#IUIC | Sabbath Noon Class: When The Zeal Is Gone, What's Next?	23335
UyBMOwHvkA0	20220514	7973	#IUIC | Sabbath Morning Class: The Lord's Army On Earth	12440
nvEb1F1F6JY	20220514	11213	#IUIC | Does God Send People To Hell?	13266
4WfEvrQROzE	20220514	6614	#IUIC | Fixx Ya Face Fridays!: Pastor Depreciation!	14256
XmzbSaKkjOI	20220509	6388	#IUIC | DAY OF SIMON	21439
CpYUwDs9tXI	20220508	11865	#IUIC | SABBATH EVENING CLASS: Babylon, Where Our Lord Was Crucified	60507
YfyRzpyPA-I	20220507	9748	#IUIC | SABBATH: AFTERNOON CLASS: The Declaration Of War, Yet Not Declared!	21655
pwXqDCCpemM	20220507	9933	#IUIC | SABBATH NOON CLASS: Grieve Not The Holy Spirit	18745
yZq8XWnnAgs	20220507	8209	#IUIC | SABBATH MORNING CLASS: Stolen Identity	18118
B0PtUlhR7nI	20220507	13825	#IUIC | It's Mother's Day! Do You Love Her More Than God?	13478
RIVMJcWrosM	20220501	14544	#IUIC | SABBATH EVENING CLASS: The 24 Elders- The Righteous Never Die	81566
lZ9VM_MgoLQ	20220430	9138	#IUIC | SABBATH AFTERNOON CLASS: Sexless Marriage: Cause & Effect	35639
xR0Bsa5LQ4A	20220430	8745	#IUIC | SABBATH NOON CLASS: Don't Be A M.I.T.C.H.	18640
Vb5JSIUJNFA	20220430	6836	#IUIC | SABBATH MORNING CLASS: Who Guiding You?	11700
MPVERb13HUo	20220430	14570	#IUIC | When We Get Sick	10946
jkmV8JM--30	20220430	5437	#IUIC | FIXX YA FACE FRIDAYS | HOODBOOGERS!	8428
XbbKeTEl570	20220429	5837	#IUIC | PRECEPT UPON PRECEPT: SYSTEMIC STARVATION	5428
oJpX6f_EOvo	20220429	6991	#IUIC​ | FCN : Where Truth Speaks!!	6118
Np5X3GllfW0	20220425	7560	#IUIC || WISDOM CRIETH OUT 4/24/2022	4767
zL6l0jQIMM4	20220424	14282	#IUIC | SABBATH EVENING CLASS: The Frustration Of The Gods	34528
ovIxPfJf5AQ	20220423	9548	#IUIC | SABBATH AFTERNOON CLASS: You Can't Stop This	17336
N5cB0KHuXF4	20220423	9283	#IUIC | SABBATH NOON CLASS: When Leaders Err	22133
6dheNF3h7jc	20220423	7566	#IUIC | SABBATH MORNING CLASS: Are You Prepping to Live or Die?	12404
os3ETsYDHog	20220423	14429	#IUIC | It Feels Like Everyone Is Doing Well Except Me!	9832
uDuqSIj2dfY	20220423	5323	#IUIC | FIXX YA FACE FRIDAYS | THE BLACK BED WENCH LEADS BLACK BOYS TO FAGGORY	11158
ceQKZ2keEdc	20220417	11751	#IUIC | Sabbath Evening Class: The Principal Men pt.2: Back on the Earth	40372
hRN5YZmhiEw	20220416	8467	#IUIC | Sabbath Afternoon Class: The Principal Men pt.1: The History	26575
yLfiJq0moys	20220416	9155	#IUIC | SABBATH NOON CLASS: Black Girl Magic	20866
O3lNae13kW4	20220416	9210	#IUIC | SABBATH Morning Class: Deleting Your Default Programming	14088
tbbnAUReyZ4	20220321	6989	#IUIC| Wisdom Crieth Out Radio: 03/20/22	8656
82ynFHrgPuk	20220320	14627	#IUIC | SABBATH EVENING CLASS: Shepherding The Flock While In Babylon	32807
Gzrbx709S2Y	20220410	10908	#IUIC | SABBATH EVENING CLASS: A Harem Of Lies And Leaven	36965
6JhV-2cO0L8	20220409	9941	#IUIC | SABBATH AFTERNOON CLASS: True Religion, Pure Repentance	18362
mwl-eiS7iO8	20220409	10000	#IUIC | SABBATH NOON CLASS: Behold Thyself In The Mirror	21100
Qt5_HRcy08Y	20220409	8239	#IUIC | SABBATH MORNING CLASS: When The Harvest Is Ripe	14757
rPz1TPsHiio	20220409	8943	#IUIC | FIXX YA FACE FRIDAYS: HATERS BALL	24438
LHNza2ngfBM	20220408	7728	#IUIC | PASSOVER CLOSING CLASS:  Manifest Destiny Rise of the Planet of the Saints	21743
-ADG9v5nB-c	20220403	7707	#IUIC | OHH RADIO SHOW- TIMES OF THE GENTILES GREECE: RISE OF ROME(GREECE RECAP)	7050
BlZhh2yVl_E	20220403	7665	#IUIC | PATIENT SAINTS RADIO: April 3rd, 2022	19665
5CItJVBo39o	20220403	12797	#IUIC | PASSOVER SABBATH CLASS: IDOLS AND FIRE	47563
cZUfA8n1ZRw	20220402	3910	#IUIC | PASSOVER SABBATH CLASS: QUESTION AND ANSWER	13377
EmvUwWVwx0Q	20220402	4601	#IUIC | Passover 2022	10552
TuZF66vex1M	20220401	5154	#IUIC | Passover 2022 Fashion Show	30313
vGdytlMR-w8	20220328	7313	IUIC || WISDOM CRIETH OUT RADIO SHOW 3-27-2022	7404
trxlr3EBggY	20220327	17582	#IUIC | SABBATH EVENING CLASS: Vision, Faith, And Deliverance	33475
qyQ9jqY4Nyk	20220326	5120	#IUIC | SABBATH AFTERNOON CLASS: Entitlement Is A White Folk Spirit	12725
JfYP41Sj3KI	20220326	2899	#IUIC | SABBATH AFTERNOON CLASS: Entitlement Is A White Folk Spirit	11187
LlPecnliZjE	20220326	9463	#IUIC | SABBATH NOON CLASS: THE 4TH TURNING	19967
QBWGVg_JtXc	20220326	4399	#IUIC | THE TRUE ESSENCE OF PASSOVER	17927
4d6Gdf9ZCaE	20220326	4435	#IUIC | THE TRUE ESSENCE OF PASSOVER	14423
VVFW5xnL6t8	20220323	6631	#IUIC | Tuesday Night Redemption: God Refuses To Take Your Bribe	5518
QcOi5iimI3w	20220319	8495	#IUIC | SABBATH AFTERNOON CLASS: Deprogramming Mis-Education Series: Tithing	22738
48pQprpa818	20220319	9007	#IUIC | SABBATH NOON CLASS: The Great Awakening	25811
TTJluZkkx0E	20220319	7747	#IUIC | SABBATH MORNING CLASS: Don’t Rush It, Take Your Time	13363
K1JA7-nFMac	20220314	6814	#IUIC | WISDOM CRIETH OUT RADIO SHOW 3/13/2022	9309
wlLPYaSvKrw	20220313	15975	#IUIC | SABBATH EVENING CLASS: The War to End All Wars 2	59824
K1j8BXLQF6M	20220312	10030	#IUIC | SABBATH AFTERNOON CLASS: Finish What You Started	20680
kmSrv63jF8U	20220312	131	#IUIC | SABBATH NOON CLASS: Never Trust Thine Enemies	2163
L_AyBbPwYG8	20220312	8255	#IUIC | SABBATH NOON CLASS: Never Trust Thine Enemies	17865
bkhHGPe9QkA	20220312	8366	#IUIC​ | SABBATH MORNING CLASS: Final Frontier to Perfection	13091
qFk2HwqQvPc	20220306	14184	#IUIC | SABBATH EVENING CLASS: Mouth Almighty, Tongue Everlasting	46370
QOtY1ocouzQ	20220305	7715	#IUIC | SABBATH AFTERNOON CLASS: WAR IN HEAVEN	19364
NSWBrjwHA1c	20220305	9230	#IUIC | SABBATH NOON CLASS: The Sins of our Fathers	16102
wH8jTB2xnk4	20220305	7982	#IUIC | SABBATH MORNING CLASS: The Black Woman: Esau's C.O.	16098
Q-sz0D0-I9A	20220305	6371	#IUIC | Fixx Ya Face Fridays!: Silly Villain Tricks are for Sinners!	15216
zY9Ut4gxS_k	20220303	7152	#IUIC | Strengthening Israel	11425
FOTDxan67O4	20220302	6479	#IUIC | Feast of Purim 2022	16751
yg39zzX7tSY	20220301	6329	#IUIC | Nicanor 2022	16392
24ed6LB7114	20220226	9445	#IUIC | SABBATH AFTERNOON CLASS: Kingdom Against Kingdom	20967
jpXgf3y1F4U	20220226	10722	#IUIC | SABBATH NOON CLASS: THY SALVATION DRAWETH NEAR	19331
Ucn19QPMfK8	20220226	8631	#IUIC | SABBATH MORNING CLASS: CLUBHOUSE CHRONICLES: THE FALSE TEACHERS OF OLD	14737
bRdjLOC2fqE	20220219	5647	#IUIC | Fixx Ya Face!: Your Husband Is a Part of Your Salvation	12011
N4eM-gt-OYM	20220213	8453	#IUIC | Patient Saints Radio: Feb. 13, 2022	13324
L3wxfqoFmXg	20220110	2174	#IUIC | WEDDING FEAST - HO Officer Ephraim	12488
jitAvDiami0	20220109	8342	#IUIC | OUR HIDDEN HISTORY RADIO SHOW - TIMES OF THE GENTILES: GREECE CHAPTER 20	13031
r7Sowi-VTTU	20220109	10316	#IUIC | PATIENT SAINTS RADIO: January 9, 2022	9383
Gf402GhfLXM	20220108	8172	#IUIC | SABBATH AFTERNOON CLASS: From Nothing to Greatness	17858
6Zr0mBGRnyU	20220108	9903	#IUIC | SABBATH NOON CLASS: Patient	21390
B1YBrsQUYRY	20220108	7442	#IUIC | SABBATH MORNING CLASS: You Have A Purpose	13237
vsavB0ooGxw	20220108	13667	#IUIC | Don't Look Up! Movie Review	22352
ae2UGt_ByqA	20220102	7396	#IUIC | OUR HIDDEN HISTORY RADIO SHOW- TIMES OF THE GENTILES: GREECE CHAPTER 19	8361
JNoEbUT0Sjo	20220102	13814	#IUIC | SABBATH EVENING CLASS: WHAT WAS AROUND COMES AROUND	54552
_8p7oQU0Nnc	20220101	6717	#IUIC | SABBATH AFTERNOON CLASS: The Manifestation of The Spirit	17624
esNChTNoWlA	20220101	8083	#IUIC | SABBATH NOON CLASS: Build Your Children Before It's Too Late (Part: 2)	15922
sPOPxTjB1BU	20220101	7435	#IUIC SABBATH MORNING CLASS: 2021 - New Year, Same Oppression	14314
1Tpf1GeDBVo	20211225	7324	#IUIC | SABBATH AFTERNOON CLASS: All The Stars Align	16196
HsmU9o_Pmxw	20211225	7733	#IUIC | SABBATH NOON CLASS: Build Your Children Before It's Too Late	19421
kXna_qJ5fE8	20211225	7777	#IUIC | SABBATH MORNING CLASS: Christmas Is A Lie	17350
16uZYlAJoPE	20211225	10013	#IUIC | Christmas Is Fun! So Why Is It Bad?	7583
WZnN5Deukmo	20211221	4381	#IUIC | CLOSING OF THE FEAST OF DEDICATION	13398
6TGuSnN8JTM	20211219	7436	#IUIC | OUR HIDDEN HISTORY RADIO SHOW - TIMES OF THE GENTILES: GREECE CHAPTER 19	11158
kkNmIhCrkt8	20211219	9783	#IUIC | PATIENT SAINTS RADIO: DECEMBER 19, 2021	8851
E9GAJDyFz1Q	20211219	14273	#IUIC | Sabbath Evening Class: Risen From The Ashes	34151
LRoItw7WIWc	20211218	7793	#IUIC | Sabbath Afternoon Class : Forget Your Past Sorrow	15693
2nvyFC5SBfY	20211218	7125	#IUIC | Sabbath Morning Class: A Shadow of Your Former Self	10927
sXf0ImoM5_c	20211218	16582	#IUIC | Do Not Throw Away Your Inheritance	4148
Pr8ufO8-7uk	20211214	5202	#IUIC | FEAST OF DEDICATION 2021	29126
HyOW19liwrA	20211212	6958	#IUIC | RAVENING WOLVES RADIO SHOW: Episode 36 (RERUN)	2777
Oc2a_RuMWVg	20211212	8997	#IUIC | PATIENT SAINTS RADIO : DECEMBER 12, 2021	5688
tpw6gJfB8xw	20211212	5819	#IUIC | SABBATH EVENING CLASS: J.E.W.S	23733
rT-BuYe6eQU	20211211	7162	#IUIC | SABBATH AFTERNOON CLASS: Play Your Role! Is It Good Or Evil?	9792
oWwFvnh3r-8	20211211	8982	#IUIC | SABBATH NOON CLASS: THE WORK HUSBAND	15277
sQNbpq3igEA	20211211	1928	#IUIC | SABBATH MORNING CLASS: THE SPIRIT OF CORRECTION	6977
PVfq5foMmi0	20211211	15712	#IUIC | Dealing With Unbelievers During The Holidays	6058
XEbcD-rBdzQ	20211211	4792	#IUIC | Fixx Ya Face Fridays!: Punk Prophets and The Campfire Christians	8128
M75_W5NMEgg	20211206	9	#IUIC | RAVENING WOLVES SHOW: Episode 37	1431
M1Xz5U0w86s	20211205	9169	#IUIC | RAVENING WOLVES SHOW: Episode 37	4548
VnqW2qoZpzg	20211205	8414	#IUIC | OUR HIDDEN HISTORY RADIO SHOW - TIMES OF THE GENTILES: GREECE CHAPTER 17	9859
7uzxheZ6_GQ	20211205	9167	#IUIC | PATIENT SAINTS RADIO: December 5, 2021	7482
Uh8km4EfDIk	20211205	10512	#IUIC | SABBATH EVENING CLASS: Greed, When Is It Enough?	24558
UHIRh9bC-NY	20211204	7054	#IUIC | SABBATH AFTERNOON CLASS: The Branches Be Broken Off	12383
DiCCW-jJQm0	20211204	10408	#IUIC | SABBATH NOON CLASS: Hirelings - Fake Leaders	16538
_BiQAHG6SuE	20211204	7535	#IUIC | SABBATH MORNING CLASS: Prayer	12410
929lYSqWmPs	20211204	17188	#IUIC | Beware Of The Violence In The Land	11796
Rh1nOTO2HVw	20211128	7050	#IUIC | RAVENING WOLVES SHOW: Episode 36	5786
L2DncvU1ba4	20211128	9229	#IUIC | Patient Saints Radio: November 28, 2021	8127
xCQ5zh4_NDg	20211127	6867	#IUIC | Sabbath Afternoon Class: Am I In A Cult?	15351
QlT2iF4gWuc	20211127	8999	#IUIC | Sabbath Noon Class: Preparing For New Exodus	19505
gL4f-iZnF6Y	20211127	7480	#IUIC | Sabbath Morning Class: Deadliest Catch	12535
HTSfwzyy5SQ	20211127	16563	#IUIC | God Is Not Pleased In The Holiday Season!	8134
pirhBzOxBAo	20211121	7998	#IUIC​ |   OUR HIDDEN HISTORY RADIO SHOW -RISE OF THE GENTILES: PERSIAN AND MEDES CHAPTER 15	9014
q716SB5vops	20211121	7893	#IUIC​ |  PATIENT SAINTS RADIO | NOVEMBER 21, 2021	9930
KvvceUDQHs8	20211121	15996	#IUIC​ | SABBATH EVENING CLASS: Revelation 13 - The Feet Of A Bear	64913
B-YtKvQ-skg	20211120	8930	#IUIC​ | SABBATH AFTERNOON CLASS | Why We Must Die	24804
bKVlw3KPWYU	20211120	3902	#IUIC​ | SABBATH NOON CLASS | Designed For War	10844
3r9-gc_m8oM	20211120	4478	#IUIC​ | SABBATH NOON CLASS | Designed For War	14819
D5QrOokQJv0	20211120	5854	#IUIC​ | ACCOUNTABILITY OF ONE SELF	9725
oMjeHAfjxl4	20211120	7093	#IUIC​ | New Moon: Christ's Baptism, The Fire	17918
Hb1HmSsfGp4	20211114	12220	#IUIC | SABBATH EVENING CLASS: Pain, Perseverance and Paradise	30087
V0q3R7ERY_M	20211113	6806	#IUIC | SABBATH AFTERNOON CLASS: The Medicine of Zion	13564
gp9q99PSU48	20211113	8470	#IUIC | SABBATH NOON CLASS: Sustaining A Healthy Marriage	37125
Kl5rt8oRTIA	20211113	7811	#IUIC | Sabbath Morning Class: The Haters of God's People	18700
X56Pfsc2iYc	20211113	15828	#IUIC | Do Not Follow The Sins Of Your Parents!	5876
jIMNizGLeUs	20211108	9806	#IUIC | RAVENING WOLVES SHOW: Episode 34 (ReRun)	4688
zTGCe6yb6-I	20211107	8169	#IUIC |  OUR HIDDEN HISTORY RADIO SHOW -RISE OF THE GENTILES: PERSIAN AND MEDES CHAPTER 14	9753
i66xeGkhQx0	20211107	2617	#IUIC | PATIENT SAINTS RADIO | NOVEMBER 7, 2021	6941
8C6lVTjpCv8	20211107	12088	#IUIC | SABBATH EVENING CLASS: Marriages In Babylon Generational Curse	36115
xOh7WE4ysjc	20211106	8584	#IUIC | SABBATH AFTERNOON CLASS: Godly Sorrow	14832
Tdkka7NA2L8	20211106	9214	#IUIC | SABBATH NOON CLASS: Back To The Basics	16067
h9uoacNMmVM	20211106	10130	#IUIC | Don't Be A Hypocrite!	4412
drKiy1T8CnI	20211106	6877	#IUIC | Don't Be A Hypocrite!	4484
i9MXyC4vRw0	20211106	4531	#IUIC | HammerTime:  Pastors…The Ones That Scatter & The Ones That UNIFY!	6819
8rxcEv2_5CE	20211106	7614	THE BIBLE: BOOK OF OUR FATHERS | The City Of Israel In Restoration (Part 5)	11055
5XyA_BzLJ0c	20211031	8496	#IUIC | RAVENING WOLVES SHOW: Episode 35	5868
wHegLp5Vtcw	20211031	1561	#IUIC | RAVENING WOLVES SHOW: Episode 35	1157
t1wDAN8SLtM	20211031	8677	#IUIC | OUR HIDDEN HISTORY RADIO SHOW - TIME OF THE GENTILES: PERSIAN AND MEDES CHAPTER 13	7716
Dvxeg7rk5e8	20211031	9258	#IUIC | PATIENT SAINTS RADIO | OCTOBER 31, 2021	8636
ibwO_pv2tUE	20211031	15060	#IUIC | SABBATH EVENING CLASS: The War To End All Wars	86869
vdGxJt-MeiU	20211030	10610	#IUIC | SABBATH AFTERNOON CLASS | WITCHCRAFT SPIRITUAL WICKEDNESS IN HIGH PLACES	13184
JVKU9dWWv2k	20211030	9219	#IUIC | SABBATH NOON CLASS | THE SEVEN CHURCHES	15195
adksZgqh_Eg	20211030	7546	#IUIC | SABBATH MORNING CLASS: The Epistle To The Ephesians	12055
ffO6ukChsa4	20211030	7338	THE BIBLE: THE BOOK OF OUR FATHERS | The City Of Israel In Restoration (Part 4)	10436
SJ1Z34DxwBI	20211024	8773	#IUIC | OUR HIDDEN HISTORY RADIO SHOW-TIME OF THE GENTILES: PERSIAN AND MEDES CHAPTER 12	5966
L3KAExdOpoI	20211024	8780	#IUIC | PATIENT SAINTS RADIO | OCTOBER 24, 2021	9108
h8lkknLPDDc	20211023	9802	IUIC | SABBATH NOON CLASS: Don't You Worry Israel	11277
Edm16MLbvxs	20211023	7617	IUIC | Sabbath Morning Class: Life Reflections	11136
gRjLcZfWNOY	20211023	14577	IUIC | Does God Want Every Group To Come Together?	8653
OjoX4qiUphE	20211023	7710	IUIC |Fixx Ya Face Fridays!: Donkey of the Day!	18722
nRsULsvxyI4	20211023	7416	THE BIBLE: BOOK OF OUR FATHERS | The City Of Israel (Part 3)	10138
TFkMD4hFN6c	20211021	4904	#IUIC | NEW MOON	12402
DP2gTZCIJUw	20211017	9676	#IUIC | RAVENING WOLVES SHOW: Episode 34	3101
Zhkyv-qkRMo	20211017	6	#IUIC | OUR HIDDEN HISTORY RADIO SHOW-TIME OF THE GENTILES: PERSIAN AND MEDES CHAPTER 11	803
d2uB21qU3Gg	20211017	8979	#IUIC | PATIENT SAINTS RADIO | OCTOBER 17, 2021	8714
QdHYQ1WEVnw	20211017	6913	#IUIC | SABBATH EVENING CLASS: Bitter Negro Blues Part 2	15782
cWeTIESNl8w	20211016	4969	#IUIC | SABBATH EVENING CLASS: Bitter Negro Blues Part 1	18549
nIWyPk0NkFg	20211016	9972	#IUIC | SABBATH NOON CLASS | DON'T TRIM YOUR WAYS	15745
dAO1l3x1ri8	20211016	11801	#IUIC | Actor Brandon T. Jackson Says: "I'm Rich!" "Bishop Nathanyel Needs To Come See Me"	31249
t5mz97FTVXI	20211016	6477	#IUIC | FIXX YA FACE FRIDAYS LIVE!	16407
tFPXunHRPRM	20211016	5494	#IUIC | HAMMERTIME | APPLYING THE FIRST COMMANDMENT	8939
Bw9k1A2joxM	20211016	7449	THE BIBLE: THE BOOK OF OUR FATEHRS | The City of Israel in Restoration (Part 2)	10627
ad9vJdWw_D8	20211010	4061	#IUIC | SABBATH EVENING CLASS	14761
iDmvlCjr8yE	20211009	20	#IUIC | SABBATH EVENING CLASS	2739
IPGNV50P62U	20211009	2951	#IUIC | SABBATH EVENING CLASS	13938
MhIWndXh8nw	20211009	2084	#IUIC | SABBATH EVENING CLASS	16039
0tJxabLPfTQ	20211009	9801	#IUIC | SABBATH NOON CLASS: Window Shopper Israelites	15470
anZj4-YP_hk	20211009	7137	#IUIC | In The Wilderness Edition Q&A	10106
1z4Xa_qbF7E	20211009	18	#IUIC | In The Wilderness Edition Q&A	1296
JZsVOYWxH70	20211009	2422	#IUIC | THE BIBLE: BOOK OF OUR FATHERS: OUR NATIONAL ACTIVISM	6540
Jd9Otr6m-S8	20211005	414	#IUIC | Feast of Tabernacles Opening	12427
6BuAfwAaz7A	20211003	12128	#IUIC |  PATIENT SAINTS RADIO | OCTOBER 3, 2021	9681
P0xGAm-cjGE	20211003	12333	#IUIC |  SABBATH EVENING CLASS: Sacrifices Of God In The Fourth Kingdom	33078
8iRJx5th5ww	20211002	610	#IUIC |  SABBATH EVENING CLASS: Sacrifices Of God In The Fourth Kingdom	8785
WJwndHbwcLI	20211002	6841	#IUIC | Sabbath Afternoon Class: Malice & Bitterness Has Become Your God	23263
0xJr4x_rGW8	20211002	10552	#IUIC | NOON SABBATH CLASS |  THE APOSTLE PAUL PART 2	14314
JOfl7Faz9ks	20211002	7332	#IUIC | THE BIBLE: BOOK OF OUR FATHERS:  FAMILY DISFUNCTION: HOW TO FIX IT	9353
lMnOP6IRhhw	20210930	4925	IUIC | Day of Atonement: Our Propitiation	46082
1Fhwv2ZsFSo	20210926	14826	#IUIC | SABBATH EVENING CLASS: The Last Seven Plagues Of God	50022
itWVpokSkDo	20210925	8565	#IUIC | SABBATH AFTERNOON CLASS: Thy Servant The Prophet	14478
PRKwUd_5Kp8	20210925	9233	#IUIC | SABBATH NOON CLASS: Stop thinking, Apply God's Laws Pt2	13021
Zh-M8DCLGEA	20210925	5499	#IUIC | SABBATH MORNING CLASS: The Fear That Keeps You Fighting	2527
ZsAHckJTTYQ	20210925	254	#IUIC | SABBATH MORNING CLASS: The Fear That Keeps You Fighting	3760
aPTLeo0ElWA	20210925	5080	#IUIC​ | Hammertime: Stop Thinking, Apply God's Laws	8900
XGXxIIZRaHI	20210921	4960	#IUIC | NEW MOON CLASS: Memorial Blowing of Trumpets with Bishop Kani	20026
OhP4mngUy18	20210919	14783	#IUIC​ | SABBATH EVENING CLASS: SECRETS IN THE LORD'S PRAYER	70509
dI7aoE4yPHc	20210918	8445	#IUIC​ | 3PM CLASS: FALL IN LOVE AND LIVE FOREVER	13058
0LTGN0EYVfY	20210918	8904	#IUIC​ | SABBATH NOON CLASS: UPLIFT YOUR MIND	14274
aLb7bJR1sHs	20210912	10824	#IUIC | Sabbath Evening Class: Trust The Process. The Guide on How to Obtain Eternal Life	31337
wuJChU3cuEY	20210911	76	#IUIC | Sabbath Afternoon Class: Trust The Process. The Guide on How to Obtain Eternal Life	3060
vQlHomCjcs4	20210911	7068	#IUIC | Sabbath Afteroon Class: The Affliction Of The Righteous	13748
_tHp-JztCyw	20210911	8331	#IUIC | Sabbath Noon Class: We Are The Builders	12238
7-i6NB4vA1o	20210911	7396	#IUIC​ | THE BIBLE: BOOK OF OUR FATHERS | Marriage By Righteous Counsel	14177
jyEJJtmLoBs	20210905	12446	#IUIC​ | SABBATH EVENING CLASS: COVETOUSNESS: YOUR WANTS VS YOUR NEEDS	42933
5cbiUapLqWo	20210904	6856	#IUIC​ | SABBATH AFTERNOON CLASS: GOD VISITING THE EARTH	15231
DR1VFckRviU	20210904	8256	#IUIC​ | SABBATH NOON CLASS: The Apostle Paul	17906
HNVZg01QF-g	20210904	7605	#IUIC​ | SABBATH MORNING CLASS: Warning Signs of Depression	14022
YUcWoDc5n84	20210925	88	#IUIC | SABBATH AFTERNOON CLASS: Thy Servant The Prophet	1280
Pjj2gbqhQ5I	20210904	12423	#IUIC​ | God Is Making Sure We Feel It!	15484
oVCl3yfi3rA	20210529	7099	THE BIBLE : THE BOOK OF OUR FATHERS | And Because Iniquity Shall Abound, The Love Of Many Shall W...	17361
um6pIqVQQ2c	20210527	5698	#IUIC | New Moon: May 26, 2021	17987
Ua_NSOusBds	20210524	8303	#IUIC | RAVENING WOLVES SHOW: Episode 26 - Fire Booth - Sons Of Thunder	8861
AeohhEOAjZY	20210523	9489	OUR HIDDEN HISTORY RADIO SHOW | THE SPANISH INQUISITION  CHAPTER 32	13842
9miZl9dLKuA	20210522	5476	#IUIC | Pride Why People Stumble at The Word of God	24684
MhdQC5UX4QY	20210522	1350	#IUIC | The Israelites Are Back In Egypt	6268
c-E3hvIwWuU	20210522	2902	#IUIC | The Israelites Are Back In Egypt	8482
DMx3J6IMQfA	20210522	3761	#IUIC | The Israelites Are Back In Egypt	9792
tSKFrLF8ofw	20210522	9822	#IUIC | The Harvest Truly Is Plenteous, But The Laborers Are Few.	10220
-6EA6jNHuhA	20210522	4665	#IUIC | There Will Be No Peace! God Wants War!!!	5860
HABi5C6Pzu4	20210522	9381	#IUIC | There Will Be No Peace! God Wants War!!!	12808
aExZDFXI4n8	20210522	5556	#IUIC | Fixx Ya Face Fridays: The Fall of The Black Family	10211
cQI7mFVKA8M	20210522	7495	THE BIBLE : THE BOOK OF OUR FATHERS | Traumatizing Knees Of Pressure!! Leviticus 26 (Part 4)	11859
V_Qm9Qb80gI	20210521	6644	#IUIC | Day Of Simon	20824
roKhMc5iwWk	20210519	86	#IUIC | Day Of Simon	3674
TVk3hXAu7h0	20210517	12261	#IUIC |  RAVENING WOLVES SHOW: Episode 25 - The Land Ain't Yours! #Israel #Palestine	10991
6cQi5OXfc_g	20210516	7499	#IUIC |  Patient Saints: May 16, 2021	10893
NfrP0vzKLNM	2021-05-16	11901	#IUIC | EVENING CLASS: It's Spiritual: You Wouldn't Understand	105333
ilsQlR-42Ps	2021-05-15	5449	#IUIC | AFTERNOON CLASS: Forgiveness & Reconciliation	34120
_NDiyIVPbgQ	2021-05-15	10473	#IUIC | SABBATH NOON CLASS: Repatriation Of God's People	16608
mbqEWnbrQMs	2021-05-15	7838	#IUIC | SABBATH MORNING CLASS: If Thou Come to Serve the Lord	9092
wVXobQGFbH0	2021-05-15	5229	Fixx Ya Face Fridays!! From God’s Chosen, to Simps and Thots!	8721
lEp1wPLdPyo	2021-05-15	4606	Hammertime: The Work of One Sinner	6182
If8By24OG7g	2021-05-15	7487	THE BIBLE : THE BOOK OUR OF FATHERS | Traumatizing Knees Of Pressure !! (Part 3)	10351
VK2yAC2NtKY	2021-05-12	6579	#IUIC | ITSR: The Countenance of A Fatherless Son	7250
G3TfVqagYdk	2021-05-09	10655	#IUIC | RAVENING WOLVES SHOW: Episode 24 - Fire Booth - The South Got Something To Say (IUIC Tupelo)	11009
TzaFc6kKVYg	2021-05-09	9207	#IUIC | OUR HIDDEN HISTORY: The Spanish Inquisition Chapter 31 (Replay)	8833
0GcNu40hXSw	2021-05-08	7050	#IUIC | SABBATH AFTERNOON CLASS: Are You Worthy or Worthless: Ask Yourself?	19216
XdUL2Jn4SSE	2021-05-08	9608	#IUIC | SABBATH NOON CLASS: Which God Are You Serving?	17977
1OeV4hyE9RI	2021-05-08	144	#IUIC | SABBATH NOON CLASS: Which God Are You Serving?	2812
02zSqIIfGec	2021-05-08	14588	Do You Really Love God?	7784
K1SkZNBkc_k	2021-05-08	5446	#IUIC | Fixx Ya Face Fridays!! Envy thou NOT the Oppressor!	10839
9gXck63h2rE	2021-05-08	4217	#IUIC | HAMMER TIME: Affliction brings us closer	6310
37NBSWy3MVk	2021-05-08	7521	THE BIBLE : THE BOOK OF OUR FATHERS | Traumatizing Knees Of Pressure!! Leviticus 26	13578
vyIrm6G5S3A	2021-05-02	7821	#IUIC | RAVENING WOLVES RADIO: Episode 23 - FireBooth - The South Got Something To Say (Nashville)	9063
Bv-Uo0w1lgA	2021-05-02	9198	#IUIC | Our Hidden History: The Spanish Inquistion Chapter 31	11241
9OWwz0Klyn0	2021-05-01	7917	SABBATH MORNING CLASS: The Blockchain Priesthood	10903
1Wbb7199EY0	2021-05-01	4720	#IUIC || HAMMER TIME: "Who's On The Lord's Side"	7115
WKwGsI57VmI	2021-05-01	7403	THE BIBLE : THE BOOK OF OUR FATHERS | Traumatizing Knees Of Pressure!! Leviticus 26	11804
WMU4k8HBplc	2021-04-27	4136	#IUIC | New Moon Class: April 26, 2021	13278
qjuuDgaGtLU	2021-04-25	10921	#IUIC | RAVENING WOLVES SHOW: Episode 22 - Why Must We Pray For Our Enemies	7460
U8mF3xI3Ino	2021-04-25	10373	#IUIC | OUR HIDDEN HISTORY RADIO SHOW: REPLAY	11271
nzzU1_bFfNA	2021-04-25	9728	#IUIC | Patient Saints Radio: April 25, 2021	13487
ZOy6AlS0PVk	2021-04-25	11904	#IUIC | SABBATH EVENING CLASS: Like Father... Like Son	41159
vGhcjMSdqlU	2021-04-24	6499	#IUIC | SABBATH AFTERNOON CLASS: "The Enemies of Christ: Understanding The Breaking Of Bread"	22599
LGqsSz__IZM	2021-04-24	10651	#IUIC | SABBATH NOON CLASS: Evolving - Change & Growth	15864
CqSe99hZtnY	2021-04-24	8706	SABBATH MORNING CLASS: The Jew & The Greek	16376
SdnPrjJqA_o	2021-04-24	12920	Many Shall Depart From The Faith	6684
Tn3NUTI6yZQ	2021-04-21	6455	#IUIC: Other Nations Going back to captivity	6290
EYTDEGCJfoE	2021-04-18	10843	#IUIC: OUR HIDDEN HISTORY RADIO SHOW| CHAPTER 30 THE SPANISH INQUISITION	15333
6yu9YDh6o34	2021-04-18	9737	#IUIC: Patient Saint | April 18, 2021	2469
7wl9iOsaR_s	2021-04-18	12860	#IUIC: SABBATH EVENING CLASS | Deliverance From Egypt, Then and Now	93523
p0ny3e1giGU	2021-04-17	5724	#IUIC: SABBATH AFTERNOON CLASS | RESTORATION	5673
p8t6i61jGLo	2021-04-17	34	IUIC SABBATH NOON CLASS | THEM - A CURSED PEOPLE	2470
tmQTjPBYuq8	2020-08-22	8412	SABBATH MORNING CLASS: The Wondrous  Truthbix Cube	10832
Cdip6ODzxUE	2020-08-04	6747	NEW MOON CLASS | August 3, 2020	19265
SYktRbrIauo	2020-07-18	13953	SABBATH NOON CLASS: Should We Use Guns To Fight The Oppressor?	22213
I732eMbGd7o	2020-07-18	7969	SABBATH MORNING CLASS: Hate Speech, Anti-Semitism and Homophobia	13417
7WoPW9uZr4E	2020-07-18	5002	Hammertime: Sin Enter Into Our World	10809
KhsIkpiBwtI	2020-07-18	2678	THE BIBLE: BOOK OF OUR FATHERS: “THE REVELATION OF THE WICKED”	14200
j8pDXi34UFE	2020-07-17	4910	THE BIBLE: BOOK OF OUR FATHERS: “THE REVELATION OF THE WICKED”	14692
3Q6Wtf-2gSA	2020-07-12	10654	Patient Saints Radio | July 12, 2020	17877
Nv9KDB3XNhM	2020-07-11	8010	SABBATH NOON CLASS: Grace Is Treasured	12141
EsQ2j-UJXNU	2020-07-11	8689	SABBATH MORNING CLASS: Apollos Creed	11165
FCA-jxqxwVo	2020-07-11	1065	Fixx Ya Face Fridays!!! Compliance: Toby’s Deal with the Devil.	4684
7kBeut6r6HA	2020-07-11	3164	Hammer Time: Comfort Thy People	6345
0hduQ3IY-8U	2020-07-11	6588	THE BIBLE: BOOK OF OUR FATHERS: FOR THE WEAPONS OF OUR WARFARE ARE NOT CARNAL	10367
mbZ6THURnnk	2020-07-05	9876	Patient Saints Radio | July 05, 2020	15443
NE7b8B6seLo	2020-07-04	10798	Sabbath Noon Class: No Forgiveness For Judas Traitors	18320
03AkMhO8uq0	2020-07-04	7937	Sabbath Morning Class: Messengers Of The Nation	12163
MSHyHkDD2gY	2020-07-04	4646	IN THE CLASSROOM: A Mambas Mentality	7289
Hr0DaC7QA-Y	2020-07-04	7936	THE BIBLE: BOOK OF OUR FATHERS: DO BLACK LIVES REALLY MATTER? Part 4	12422
KHXg8AQ--TY	2020-06-28	9380	Patient Saints Radio | June 28, 2020	14368
Y591fHvxtho		6296	SABBATH NOON CLASS: Grace Is Treasured	
EsQ2j-UJXNU	2020-07-11	8689	SABBATH MORNING CLASS: Apollos Creed	11165
3e9juUt_UI0		12910	SABBATH EVENING CLASS: CHRISTIAN WHITE BLESSING OF SLAVERY	
nS8uBga99VI	2020-06-27	8919	SABBATH MORNING CLASS: Battling Lust	16208
moQ-06xR5yE	2020-06-27	5736	Fixx Ya Face Fridays!!! The Coon Train Awards	31558
iQuEIn3yPKM	2020-06-27	5207	Hammer Time: Wherefore We Labor	8223
fhCMgHy4Yy8	2020-06-27	7806	THE BIBLE: BOOK OF OUR FATHERS: DO BLACK LIVES REALLY MATTER? Part 3	11141
Gmf6UhsBgPU	2020-06-21	9889	Patient Saints Radio | June 21, 2020	17823
GeMwnpTzAcY	2020-06-20	12493	SABBATH NOON CLASS: History Repeats Itself - Message From Jeremiah	17366
lWQ6_Lv0RAc	2020-06-20	8309	SABBATH MORNING CLASS: A Balanced Diet Part 2	8124
W7BTwSqDhFs	2020-06-20	5378	Fixx Ya Face Fridays!!! A Generation of Monsters	15495
vEHxQqDkVU0	2020-06-20	7726	THE BIBLE: BOOK OF OUR FATHERS: DO BLACK LIVES REALLY MATTER? Part 2	12409
RFxvefKXF8A	2020-06-14	10642	Patient Saints Radio | June 16, 2020	17103
CDFQq0dB0y8	2020-06-13	13489	SABBATH NOON CLASS: Life Without Limit	14993
xa4_NNacP1A	2020-06-13	5260	FIX YA FACE FRIDAYS: INSANITY GOING NO WHERE FAST	11042
-tCiHN-2q7o	2020-06-13	4081	FIX YA FACE FRIDAYS: INSANITY GOING NO WHERE FAST	9625
Adk5GEXCYtM	2020-06-07	11758	SABBATH EVENING CLASS: T.D. JAKES AND THE CHRISTIAN HYPOCRITES	65119
uLHe-Asst1w	2020-06-06	14072	SABBATH NOON CLASS: Stop The Rioting, Deliver Thyself O Zion	19256
YwMXvLYNxDk	2020-06-06	8463	SABBATH MORNING CLASS: War & Sexual Desire	6669
b-9ixH3-XtQ	2020-06-06	13351	FRIDAY NIGHT RAW: We Follow God, Not Man	7400
Pant8GB1DD8		0:34	Are you a hireling?	10
MNiOVYdurN0		0:27	Sabbath Lesson was Next Level Tune in!! Hit the Link!!	79
C2xAK0DpRcU		2:11	Raising Cain: The Son of Perdition Merchants & Captive Nations	55
ivGdSQll0Ko	2020-05-08	5631	New Moon: Strong Faith	12111
DQTgON5J3Ls	2020-05-03	9310	Patient Saints Radio | May 3, 2020	12439
5LTFsKQUFes	2020-05-03	9834	SABBATH CLASS: African Tears And China's Fear	54808
hUCVaCAavbw	2020-05-02	12501	SABBATH NOON CLASS: MEN OF SIN	15114
gguLeV1SYqk	2020-05-02	7809	SABBATH MORNING CLASS: The Constant Gardener	9446
AuAkoINaw6o	2020-05-02	8085	Wickedness in Our Midst, So Now, What do we Do in spite of the Wickedness?	15038
c-9a7I3-YJw	2020-05-01	10162	Day Of Simon	16023
_AaE4XgbcEQ	2020-04-26	9420	Patient Saints Radio	12604
PDLYnSIbPto	2020-04-26	13315	SABBATH CLASS: Battle Against Spiritual Wickedness	95303
J7RaBKZubhk	2020-04-25	14282	A Warning To All Women In Israelite Groups!	24626
8tbwBHQMekk	2020-04-25	8020	THE WICKEDNESS IN HIGH PLACES WILL NOT PREVAIL AGAINST GOD'S RIGHTEOUSNESS PART 2	12744
8HpfPbkp8iY	2020-04-19	9645	Patient Saints Radio	12754
HopG1W0XeME	2020-04-18	7658	MORNING SABBATH CLASS: Living In Hell As A Youth	12852
bmKOBAgZO4M	2020-04-18	8129	The Wickedness In High Places Will Not Prevail Against God's Righteousness	17945
lnUT-AnCKMQ	2020-04-12	7998	Patient Saints Radio	7560
IHCNCp3CshM	2020-04-12	8772	Patient Saints Radio	12358
JNnuddXqlTw	2020-04-11	7721	Sabbath 9AM Class	9302
uC7HtfktpC4	2020-04-11	7758	THE BIBLE: BOOK OF OUR FATHERS: Leadership in Unstable Times.	6403
lpKKZNtosss	2020-04-04	11413	SABBATH NOON CLASS:  Jurisprudence	13831
Vlc0jtuMuB8	2020-04-04	7112	SABBATH AM CLASS: When God Calls, Answer	10359
9HSw6gCRENU	2020-04-04	13881	GOD Hath NOT Given The Spirit Of FEAR!	12868
DqSFd6azNYY	2020-04-04	2255	THE BIBLE: BOOK OF OUR FATHERS: There Is No New Thing Under The Sun	7403
_4RcrzBdukM	2020-03-30	9914	Feast of Unleavened Bread  2020 Closing | Us Against the World	21958
rZ2la59sobs	2020-03-29	4787	Patient Saints Radio	11736
TacUszDQjaw	2020-03-29	233	Patient Saints Radio	4189
LGHJDRaEP_c	2020-03-29	2752	Patient Saints Radio	7217
cNSLT6v4X9U	2020-03-29	10472	SABBATH CLASS: REVELATION 3: A Message to the 7 Churches	57692
oe1RlhiaXrQ	2020-03-28	12795	FRIDAY NIGHT RAW: The Hour of Temptation	14232
ZJoinLwQtAQ	2020-03-28	7176	THE BOOK: BOOK OF OUR FATHERS: The (R)Evolution Of the Gospel	12827
lBb0gae7Pxs	2020-03-24	11724	Passover 2020 Special | Us Against the World	43013
RKwKx926h6Q	2020-03-22	13496	REVELATION 2: Message to the 7 Churches	85195
bY3QSDMKWQc	2020-03-21	11942	Noon Sabbath Class	17913
xUfHWizDgKA	2020-03-21	7681	THE BIBLE: BOOK OF OUR FATHERS: Who shall separate you from the love of Christ?	8794
5XAKdU4GmQw	2020-03-15	9924	Revelation 1 A Visit From The Lord	119702
H9rPpz1LeS4	2020-03-14	10897	Noon Sabbath: Corona Virus, Be Prepared	12729
QRMISdjXmlw	2020-03-14	2455	Noon Sabbath: Corona Virus, Be Prepared	15764
8uEPW4kjyEA	2020-03-14	7783	Morning Sabbath: Passover	11725
F-ogDbSz-Eg	2020-03-14	13200	The Coronavirus Continues	17384
3XfckqfOiUE	2020-03-10	12499	1st New Moon Of Our Year: When Leaders Err	14739
tvGkjIw3y0M	2020-03-08	5991	Patient Saints Radio	8418
3piuAOBXA8Q	2020-03-08	791	Patient Saints Radio	2007
-nWbQSTJEM8	2020-03-08	2478	Patient Saints Radio	4233
0ob1f4wJSUs	2020-03-08	10461	Revelation 4: Kingdom Vision	70528
hDOOHiUjIRg	2020-03-07	13332	Noon Sabbath: Counsel, Faith, And Decision	8366
liXNdykMq4Y	2020-03-07	7986	Morning Sabbath: Just Lot And The Fish	7878
7OifZXW6Nac	2020-03-01	8844	Patient Saints Radio	8194
58FX_dacObk	2020-02-29	12609	Noon Sabbath	8840
ybkpQ_nbSiU	2020-02-29	7928	Morning Sabbath: Identity Culture Found #BlackHistoryMonth	8788
Bh2S8U56b88	2020-02-29	14194	What Is The Truth?	8820
OQ3DqDOnOS4	2020-02-29	8247	THE BIBLE: BOOK OF OUR FATHERS	8592
HkdhLMKw6c8	2020-02-23	10454	Patient Saints Radio	9647
Xd8qqWpfTDc	2020-02-23	14121	Blueprint Of Blasphemous Bastards	33848
1uRvuYxXxVw	2020-02-22	7355	Morning Sabbath: The Feast Of Purim	15641
F_Q5x6OfgR0	2020-02-16	8574	Patient Saints Radio	9019
ovcGqqoR2II	2020-02-16	13964	The Removal Of The Veil	26589
Osu4ExQqUCE		0:42	Ezekiel 37 Valley of Dry Bones Awakening of Gods People remove yourselves from man made religions!	13
iaF0TT1vKNo		0:35	#NowPlaying on #IUICTv app & #IUICintheClassroom YouTube “The Fallacy of Black Christians”	83
qWSYb6E6cow		0:32	another enlightening class from the Bishop on #IUICtv “THE BLACK BOULE’ & BOURGEOIS IN THE BIBLE”	16
6S5xvFVrPis		0:29	The Hidden Tyranny of Zionism  #OutNow on #IUICintheClassroomTwo	10
dCInt7TOvi4		0:16	The Last Man Standing on #IUICTV app & #IUICintheClassroom YouTube #WatchNow	10
iZe3Pq-IHQo		0:54	They have crucified the image and doctrine of the messiah in America!	58
a3ukluzC9t0		0:24	“Christian Dogma” NowPlaying on #IUICTV App & #IUICintheClassroom YouTube #StayintheSpirit📖🖊️📓	72
A6DPC1amCGU		0:20	“Divorce, In the Beginning It Was Not So” available now on #IUICTv app & #IUICintheClassroom YouTube	12
O1FQ5jnemmU		0:59	Make your Pledge today! March 2025 it’s going down! We blitzing for the land!	37
0WYW2X1ZC0Y		0:28	We are not looking at all the signs God is showing us!	12
k3kHDzsV-iA		0:31	“Our Liberation in End Time War” The Realest Israelite Lesson Videos about #WorldNews on the Planet!	89
8TetQ-ABW1E		1:01	The So called white man aka Esau is a bastard according to the Bible! Zechariah 9:6	47
5UgX7jhfZx4		0:30	No PayPal? No problem. Support IUIC now with our text to give option! Text To Give(646) 982-3858	71
vp9a9VeUNNo		0:46	Israel United in Christ would like to thank the City of Oakland for their Support. IsraelUnite.Org	16
qXDeyx1vIaE		1:01	The Revolution didn’t  stop with the Panthers it continues with the Army of the Living God!!	58
ScyZ65fP--4		0:57	The west coast was hit like never before! The Bay Area felt the prophets of the most high God!	92
venSjxbHB_g		2:37	GIVE DILIGENCE	16
xYfXphRiTq0		3:52:47	Friday Night Raw | Violence & Corruption: The End of All Flesh	10
w0YagF9DSjQ		1:18:39	HAMMER TIME | Terror In Haiti	42
BxMLXDo5p3k		1:18:47	HAMMER TIME: Destruction Of The Indies	43
k6IAF07LMI0		1:14:55	Hammer Time | The Hand Of The Wicked	52
72mnODX6pZM		1:08:06	HAMMER TIME | Tis The Season For The Greco-Roman & American Collapse	38
2SdH-DN-Uac		1:12:32	HAMMERTIME: Silence Is Compliance	39
F_ABbephqoU		1:10:50	HAMMER TIME: Satan's Greatest Trick: Are You Falling for It?	43
OQLBbO3RKOw		1:00:21	HAMMERTIME: When Parents Don’t Parent | The World Will	43
_pxa7DdWsfo		1:10:12	HAMMERTIME: DADDY'S GIRL	57
uhC9_QZJvk8		1:13:06	HAMMERTIME: BEING FOCUSED DURING TIMES OF AFFLICTION	63
zJqkSJf7GnE		1:03:07	Beware Lest any man shall spoil you through Philosophy and vain deceit	54
YTvQvpVDbp8		1:08:38	Hammer Time | The Two Gospels: Christ Vs Christianity	51
mucBwf2P-zk		2:42:19	THE RED THE WHITE & THE BRUISED	20
n2qZGAJGZK4		2:42:22	IS DIGITAL ID THE MARK OF THE BEAST?	26
A_CavBBnvwo		1:09:14	Hammer Time:  FOR GOD SO LOVED HIS WEAPON	83
WD6tyeDPptY		2:31:34	THE HOLY WAR: LIGHT VS DARKNESS	25
EkAaBzy2m3I		2:15:59	FOT 2025 Closing: Wilding In The Wilderness	19
RfWluHvnjfE		1:31:49	THE HIDDEN TRUTH ABOUT THE FEAST OF TABERNACLES	27
rw-pg7_4UlQ		2:22:27	THE AMERICAN SYSTEM OF HYPOCRISY	20
NvMjicQY_Lk		2:31:11	GODS AND WORMS	16
NgooqVKuV40		2:09:48	THE RESILIENCE OF THE RESISTANCE	16
2roLQR0OPsg		8:33	FOT 2025 OPENING: THE EARTHLY AND HEAVENLY TABERNACLES	85
bD081x7R3JY		7:39	FOT 2025 OPENING: THE EARTHLY AND HEAVENLY TABERNACLES	63
EnDNfTFakGY		1:06:19	HAMMERTIME: ONLY BLACK WOMEN HATE THEIR MEN	11
KEdcEDjt0SM		2:27:20	The 7th Trump: The Voice Of The Lord	27
Qh56wzmRBrQ		4:05:24	Change Of World After Change Of Nation	34
VVZCeVtMXro		2:34:28	Vanity, Joy, and the Kingdom to Come	17
eLmfPJZANNo		2:57:28	It Will Hurt: The Trying Of Our Faith	26
bYU0P9xIw44		2:38:05	CONSIDER THE ANT & ONLY BE THOU STRONG	14
wsSnoqmA0SU		3:21:11	ESCAPE LABOR DAY: POLYGAMY	19
_npmn12VlmQ		3:06:51	ESCAPE LABOR DAY: POLYGAMY	20
90A-k-1wXhg		3:45:11	PHARAOHS, MYSTERIES, AND PROPHECIES 	84
PMqWRDkZmoo		2:17:14	HEALING FLOWS FROM THE THRONE	17
P2UoMWRH0Oo		2:24:51	THE WISDOM OF A PREACHER	19
yiW4ip0vgVg		2:17:55	The False Reality of Sin	21
dv3kFAwuNMc		1:00:02	HAMMERTIME: YE WORSHIP YE KNOW NOT WHAT	62
F_nhaOAeXoQ		3:39:23	GOD OF WAR	67
FDhJVmxbiXg		2:31:21	CONSIDER WHAT YOU SAY: EVERY WORD HEALS OR HURTS	37
85VexRXsWUI		2:36:07	Re-Instruct Your Mind	20
0QJAkVpHNZI		2:15:36	How To Recognize Good Leaders	17
mNXWLP9k-WI		3:25:42	ONLY A GOD PHENOMENON CAN CHANGE OUR CONDITIONS	70
-eRRg7pa8sk		2:47:40	BUILDING A NATION IN RIGHTEOUS INDIGNATION	19
ajHeO9b2Mp8		2:30:56	DEPRESSION & ANXIETY: RISING ABOVE YOUR SADNESS	22
7PNqDmHX76o		2:38:35	GEN Z: THE GENERATION OF ZOMBIES!!	21
XpmEJk6AlGk		1:28:07	Hammer Time Destruction of the Indies	76
T3rkD-co0xw		7:30	Rise of Kings: Updating the 12 Tribes Sign 	11
qjCTzEYUVI0		21:10	Fat? Blame Trump	16
a2NiyQS1Rw4		0:45	Mens Conference 2025 in Review: The Moments That Inspired Change	72
FLLfnFohZyc		4:08:29	MEN'S CONFERENCE RECAP	48
ylG0mPWcFCA		2:24:29	Judgement of a Whore	20
a8J3Oy0QNlQ		2:30:20	REASONING VS DEBATE	24
b2AUP9LbHOg		1:10:35	Hammer Time: Who Do You Fear?	74
7eibXgwt3W0		2:59:51	THE DISTURBING TRUTH	48
99VtaaWl8HI		4:02:52	THE CURSE AND LESSON OF DISUNITY FORGES TRUE UNITY	34
GMTntItyb6E		3:39:08	THE HIDDEN THINGS OF WISDOM	28
X0fMa5JSCf0		2:13:00	TARGETED BY ESAU	17
hhzgItKmwpU		3:34:55	FROM PERSECUTION TO POWER	60
KE9KSGHgDZ4		0:49	Tune in to the Class “From Persecution to Power”	8
Q9jD9xlz9IA		2:53:39	HATE SPEECH WHAT IS IT REALLY ALL ABOUT?	25
RaOaf4BQ1Xk		2:27:04	THRESHING AND THE WINE PRESS	19
xhFjupwa5wY		2:34:42	THE STENCH OF WILLIE LYNCH!!	21
KIrqCKrtf6E		1:35:05	Hammer Time: Color Doesn't Matter	76
WaIcuHYexGs		4:11:47	FROM  COVENANTS TO COLONIZATION TO CATASTROPHE	59
T54FWxD2X7E		4:02	The Mouth Of The Dragon: Ideological Subversion	53
k93VhuZA83k		1:17:53	The Mouth Of The Dragon: Ideological Subversion	27
yQ9imRtRTyw		2:45:54	If Knowledge Is The Key	20
Wf99jL673PE		2:26:16	Controlling Your Vice	13
gzOGZVQRDj0		3:44:54	RESISTING RELIGIOUS CHAINS OF OPPRESSION	57
UWRcH_hW7zo		2:32:49	ESCAPING THE PRISON OF LUST	31
wQmRrCJGISk		2:35:14	FOCUS ON YOUR PURPOSE NOT YOUR PROBLEM	24
uv9c4fzi4F8		2:19:45	FAITH FROM THE BEGINNING: TRUE SEED OF ABRAHAM	15
mIxqqZ5fuzA		1:27:04	HAMMER TIME: Terror In Haiti	10
7FN9XrzqSDI		3:10:55	The 6th Seal - The Wild Boars & The Dragons Of Arabia	32
5FhMWXGhp-0		4:28:59	OPERATION: MIDNIGHT HAMMER & HER BLIND LEADERS	63
h4WCZObc2tQ		2:55:08	THE BIBLE VS THE FALSE DOCTRINE OF CHRISTIANITY	27
TduU9lBNa2U		2:32:36	The Fashion Of Our Forefathers & Mothers	23
Z1U45T1gRsY		2:25:19	Dormant Sins, Faith & America's Last Stand	19
yPgRr5Ta23Y		4:05:07	2819 BLACK CHURCH OF WHYTE SUPREMACY	43
t3vvUMIX580		2:58:53	Christianity The Religion: The Saints, The Slaves, & The Serpent	26
DF7xODjUtTs		2:12:14	TOUCH NOT, TASTE NOT, HANDLE NOT	23
_iCeGjehu0g		2:41:17	THE HYPOCRISY OF CHRISTIANITY WHERE IS THE FEAR OF GOD?	16
4p4bPtnvnFc		4:02:53	2819 Church: Christianity, The Slaves' Religion	81
4wKQdUujcwI		1:11	#IUIC does a deep dive into who is Pastor PAM of #2819Church Tune in on  #IUICintheClassroomTwo	15
BaXhDQZ7dNY		2:49:16	OUR ANXIETY: THE FEAR OF STANDING UP INSIDE OURSELVES (PART 2)	22
DW6Nfl88dFc		2:48:10	Deceit By The Nations	19
6Xq5GWJ0aeU		2:35:03	PATIENT ZERO: THE LIVING DEAD	15
GHPpWmDEIbg		1:10:50	HAMMERTIME: There Is No Democracy, There Is No America	10
aYJd7F2PAmA		35:18	HAMMERTIME: There Is No Democracy, There Is No America	8
BJKef7CYNe8		3:42:46	IRAN CALLS FOR JIHAD IN THE UNITED STATES	89
_QKYpBJ7SB4		2:49:30	OUR ANXIETY: THE FEAR OF STANDING UP INSIDE OURSELVES	24
RrcmrUMmWXA		2:54:54	THE MARK OF THE BEAST: PREPARING FOR THE DECREE	27
65HdVmezM-E		2:33:01	WHEN THEIR WORLD ENDS, OURS BEGIN	16
F3FUJ_VPcqc		2:32:08	Racial and Financial Idolatry!	22
-T4dkWDg7E4		3:34:57	Peace Power Protection: The Benefits Of Walking With God	41
R0Vc-Kf6M_8		2:26:11	The Enemy Strikes First And Now it's Our Turn!!	21
Kj3JjC5aUME		2:23:50	There Is No Peace Without Salvation	27
AK8RqcIXYlE		2:14:09	Lord Hear My Prayer Lest I Fall	14
7fmmdSKN7hU		3:26:06	Yes, The Bible Offends Me	57
yn_CnGCH_pU		0:48	If you missed the #LIVE Class it’s never too late to catch the #replay!! “Yes the Bible Offends Me”	11
bdJACRPIltE		2:47:35	The Foundation Of A Strong Nation	23
tXioH3K3zYQ		2:49:18	The Souls That Multiply Offenses	19
T-zFt6TLqhc		2:39:19	PASSIVITY: THE DEATH OF ORDER	18
jbHryKckDTE		1:22:06	HammerTime: France Vs IUIC	13
TcNcja70Mz8		6:00:19	ESCAPE MEMORIAL DAY | INQUIRY OF THE ASHKENAZI	32
K5sXOGgpyzA		0:43	#IUIC Bishop #Nathanyel7 “Does the Word of God Offend You?” on #IUICTv app & #IUICintheClassroomTwo	84
AfaFMc3tjGA		3:59:01	Does The Word Of God Offend You?	52
UP_ncEvOsH0		2:46:47	THE QUEST FOR THE TRUTH AND THE SLANDER OF AN ENEMY	21
c5MB0MZmc-g		2:37:33	DAUGHTER OF SAUL OR DAUGHTER OF SARAH	30
o4t1xnMnKsQ		2:20:04	A Soldier's Story - War Against America	15
7R0lDo53W6w		3:20:38	First Fruits - The Elect	23
KsTXzp3-Bto		3:55:27	Quest 8 - Searching & Seeking For Israel	51
EeDeCiDhztI		2:45:33	It's All In Your Head: The Wounded Soul - Overcoming Depression, Anxiety, and Spiritual Warfare	33
4oyea4Hx6Zc		2:34:34	War For The Souls Of Our People	18
gEvcKpqhX1w		2:19:50	Fall In Love Again	19
9Tj4KNtuSHQ		2:11:36	The Fear of Death	25
TtOcaobq8u0		4:12:40	Rebuilding The Spiritual Temple Of God	37
1P9bJFphf3g		2:36:52	Plan, Structure, And Order	27
6QzMUxfU_fU		2:45:10	FASTING AND PRAYERS	22
4tOvME-ThSs		2:16:11	The Negro Project	12
56guZLeWU-4		2:13:16	Rise Of The Hasmoneans	20
cLVm1ySK5vg		3:59:41	SINNERS - OVERCOMING THE FLESH	37
dw0qXCrrN4E		2:53:14	SALVATION IS ONLY FOR THE ISRAELITE NATION	29
pj4k1hS-BfQ		2:27:40	Genealogy: A War For The Bloodline	19
WjmsH5D57Ow		2:11:29	The Cost to be the Boss	15
BuqhvF0s550		35:56	The History Of Susanna	46
eDpyFObpALA		3:09:12	DISCONTENT SOULS OF HATE	49
W6Vnvvmt5RI		2:43:04	FRANCE: COLONIZATION AND FUTURE JUDGEMENT	25
gkl2CTcqTQQ		2:32:25	RECONSTRUCT OUR LIVES	17
cai9hNAHE_s		2:12:21	PARDON MY FRENCH	15
g604eNCOyGI		3:35:16	The Trial Of God's Servants	60
Z3HDO-S3al8		1:56:25	Easter Ishtar Madness	23
sCmOi9EUiT4		2:16:18	FEAR GOD'S JUDGEMENT: LOVE MERCY	14
sSuQQ4bT0H4		2:35:37	Seeking First The Kingdom Of God	25
_fSDmAf2_mA		3:16:42	Persecution & Stoning Of The Saints	44
kJ1xeEXk6xo		2:50:52	Trade Wars - The Beast System	26
kbga-R4vGGg		2:29:03	Giving Instructions To The Wise	16
84Mmqo7CfzE		4:17:40	The Last Supper, The Cup Of The Lord	39
vL3S-S02xPI		2:47:52	Echoes of Chains: Slavery, Resistance, and Immigration in Latin America & the Caribbean	22
LqZlDRhumDQ		2:10:43	WIRED	14
SfEFAPi_LAY		2:13:07	Fellowship of The Spirit: Spots in Our Feasts	16
9FCZx9l8S-Q		3:29:05	The Plagues Of Modern Egypt	34
ZgbbB-GF9M0		2:38:02	BEING BORN AGAIN	23
sSbd0TtgS6s		2:34:34	SEPARATION ANXIETY	15
-AM_xCBj06g		1:57:36	SWEEP IT OUT, NO ROOM FOR SIN	11
RPoqv54q3QE		2:53:45	Leaven, The Spiritual Meaning	29
SA52HcayWPk		3:26:45	The Lord's Prayer Of War In Heaven	72
jT5UZj2l1ZQ		2:49:54	YOU’RE PLAYING WITH WW3 (CATAPULT TO WAR & PEACE: Part One)	30
oR6wQz1Rwpk		2:36:19	The Destruction Of The Black Family In America	19
S8sAoUl2f0I		2:10:02	THE PURGE BEFORE SALVATION	15
_SmOfZvu-eg		0:25	Go watch, Sabbath Class “Project Esther” #outnow #mustsee	7
v3tjeiEEpFg		3:47:37	Project Esther	63
3gCB2OjDOv8		2:21:38	Jesus Christ : The Word Became Flesh	25
uxXducJDJ4w		2:25:43	Wondrous Things Out Of Thy Law Part 2	21
pq7ZD1uzTAw		2:21:37	WHEN SATAN RISES UP IN YOUR HOME	34
j_uxa3-N9a4		2:46:40	Spiritually Militant - The Mind Of A Soldier	26
oI5OTXgJEU8		3:30:47	The Evil Behind Replacement Theology	54
duY3tXTrs40		2:21:55	A Book Of Our Fathers; Who's Who Part 1	29
INmZ5ZqhX9o		2:07:27	Faith Declare War	17
2Z7OQB_Re4U		2:02:11	Vice & Virtues Of A Leader	16
7wFyX3IvcEE		4:05:15	Religious Roots Of Injustice	58
mrIchisjzo4		2:43:20	Trauma To Triumph And The Faith Of The Saints	26
QtCD7LhJT0k		1:50	Religious Roots Of Injustice	66
rR3mltltLQ4		2:05:42	A FAMILY THAT PREYS	17
UPt55FmLyU0		2:08:16	Beware Of The Surfeiting Man	17
bjQRdMCGuDo		2:22:47	Purim Part 2 - Amalek's End Is To Perish Forever	23
LEdr4VH1b8w		16:02	PURIM AMALEK'S END IS TO PERISH FOREVER	52
JQYkMUBERF8		1:39:20	PURIM AMALEK'S END IS TO PERISH FOREVER	30
DyzYPqC3mPs		4:19:41	Rise And Fall Of The Pharisees	63
0R72YoWSDOM		2:43:43	The Hidden Religion of America: Hellenism in Disguise	19
TGrOayic1WE		2:14:06	Marriage, Fasting & Prophecy	21
FpK837BWozk		2:10:32	BLACK AND HISPANIC DISUNITY ME NAH BLACK!	21
EnXGGPvhaFo		0:29	#OutNow on all platforms! Watch it on our very own #IUICTV app!!  “The Hidden Tyranny of Zionism”	6
VQMwcAjwkDw		3:21:54	The Hidden Tyranny Of Zionism	54
CTA8up0tnjs		2:29:53	The Ideology of Democracy	20
EpfLs3aBQUQ		2:17:59	1 John 2:19	17
o5EKJgJ83Ys		2:47:35	FBA: The Division Between Blacks & Hispanics	28
8vnEFt0HGxc		3:17:18	#IUIC | FROM CHAOS TO COMMANDER IN CHIEF	59
xVCy0YYwymA		0:27	“From Chaos to Commander in Chief” Go to Rumble.com IUICLessons for the replay.	48
YCX7a5tgeM0		3:14:07	Border War: Trump’s Deportations Set To Rock Latin America	45
UYbxZkLz4sQ		1:02:56	HAMMERTIME | Satan Sounds Just Like You	64
d6TSSfG7JvQ		1:17:00	HAMMER TIME: SABBATH SICKNESS	62
ml5cDnYSHnM		1:02:26	HAMMERTIME: REPENT BEFORE EVERLASTING FIRE!	49
J7kHRUdm33Y		1:03:31	HAMMER TIME: Never Cease to Prophesy	45
-2P8sP--Vus		1:01:50	HAMMERTIME | STAGNATION RUINS A NATION	65
EjmA-1pnDdI		2:26:36	THE BRIDE OF FRANKENSTEIN	16
dlDzUJEBnEo		1:15:32	HammerTime: Before I Self-Destruct	54
gMhc7bqrYzo		1:08:57	Hammer Time: Enemies Of The State	55
zH5AC3mkqdw		2:46:14	SLOW DEATH: SPIRITUALLY DECAYING BEFORE ALL	36
oYKncS1dhDQ		0:59	“Satan has physical kids on the earth!”	10
bNXq-mhkMBY		2:50:43	Circle Of Life And The Yinon Plan	29
mCmhtA6UwlA		2:26:29	Love Thy Neighbor As Thyself	17
bRBtm5Zx53A		1:00	“Show me who you sleep with and I’ll show you who your allegiance is to.”	75
V-n7qIdd3G8		1:40:35	IDOLATRY: AMERICA’S LAST SIN | Part 2	38
2cQdlYK4Pjc		2:58:30	IDOLATRY: AMERICA’S LAST SIN |  Part 1	74
kK4HV9Tq4Kk		2:37:32	NATURAL BORN KILLERS	29
lKq_TrkMf6w		2:43:31	SHE CRIED & THERE WAS NONE TO SAVE HER 2	31
5HE_b5-Wj8Y		2:13:02	THE SAINTS ENCOURAGE THEMSELVES	15
BbykrZ2RN6U		2:52:21	New Moon - Will Trump Make America Great Again?	36
CB77KbbX6ow		1:01	Shout out to @officialreaper33 We pray you continue to repent and grow in the Truth of who you are.	87
xq2_FUAs2XE		3:43:09	AMERICAS NEW STATE OF HATE POLICIES •Daniel 8•	58
4D70QZm-lZ0		2:49:19	The Spirit of Cain: The Genesis and Anatomy of Hate	21
IBnT5Ap3g2I		2:49:02	SILENCING THE LAMBS	21
AQEFVmBsAnM		2:26:29	The Broken And Bashful	21
_bELWK5g3bo		1:01	It’s never too late to address an evil done against our people! #Justice4Kendrick	11
4NE5w6Yd0zc		0:28	“The Disturbing Truth” with Bishop Nathanyel. @6pm EST on #IUICTV app #IUICintheClassroomTwo YouTube	34
rq1RXH-aCk0		1:07	Learn how to be a Man of Valor!! Hebrews Journal.. Prepare for War!	27
msamflsJMAs		3:27:32	The Disturbing Truth	81
HixPDa4a3uQ		2:34:12	S.O.S Sex Over Salvation The Life Of A Reprobate	29
IFmsImKd-gM		2:44:48	She Cried And There Was None To Save Her	26
nPK8ZSkVutA		2:33:46	Sodom And Gomorrah: America In The Past and Present	29
b6xNzvKeu74		1:00	They Don't Hate Us Because We're Black They Hate Us Because We Are Made In The Image of God	423
ji6V0JwKHgU		1:00	“If we dont remember anything else, remember this!”	14
uL_FmbE6qKA		3:22:39	The Prophecy of Balaam	66
xnIP4fp5zBs		2:35:45	Gods And Worms	19
e_A7VSmukn4		2:03:56	OPPOSITION OF SCIENCE	12
bmNiNwZ4eZY		8:10:05	Prophecy of Nuclear War	38
DO6KijJECVI		2:08:33	The Nehemiah Squad Radio | Reparations: Dream or Reality?	41
qDC8lW7B4YQ		0:56	Did you know this about Washington Square Park? 🤔 ..#washingtonsquarepark #nyc  #facts  #didyouknow	19
p07mRoV4BYo		4:01:49	Nephilim And The Warnings Of Jude	88
n6lulav-m0I		2:25:27	GOOD IS SET AGAINST EVIL: THE ELECTED & REJECTED PART II	23
J94Z74jO8SE		1:02:00	CURSE BREAKERS: RESTORATION OF A DECAYED NATION	89
bMyNFhLJVEU		1:05:26	CURSE BREAKERS: RESTORATION OF A DECAYED NATION	98
UH6mWzOzJ2s		1:57:02	Nehemiah Squad Radio | Narcissism Amongst Blacks and Hispanics	52
_74hyjRBwjM		4:23:09	Becoming The Bride Of Christ	49
_UsGaLb2Aa4		2:36:20	Good Is Set Against Evil: The Elected & The Rejected	25
kiV_a4v3_vo		2:13:07	FRIENDS OF GOD & PROPHETS	23
NEYv9JSbmIc		2:27:52	FRIDAY NIGHT RAW | RESTING IN DELUSION BORN FROM CHRISTIANITY	11
dlwVoZCsCcE		1:00	We all sin, the difference Is we repent!	14
KznVoTJFPP0		1:01	We Blitzed Milwaukee, Wisconsin for the first time!! If you are in the area,  call now 855-4842!	31
butFRoJdGkM		0:28	A Battle Against STD’s Spiritually Transmitted Demons”  #IUICTV APP #IUICintheClassroomTwo YouTube	3
zyQd-HkqjwQ		3:51:48	A Battle Against STDs Spiritually Transmitted Demons	63
rZhB0YsH7NY		2:50:33	The Detailed Curse Of Disunity (Northern & Southern Kingdom)	24
oQ4V3co-VEw		2:46:07	The Main Weapons of The Enemy	21
5wudoOLhu3k		4:31:02	The Curse And Lesson Of Disunity Forges True Unity	36
MAbvQuXaNrQ		2:38:39	The Pitfalls Of Porn	21
nOR10bINMAk		2:34:09	Sex, Addiction & Trauma: Healing The Broken & Lost	22
n3Qx1aV3mYU		2:58:22	First Fruits And The Tenth Part Of Israel	26
n9UGbR4gEh4		6:55:03	MEMORIAL DAY GETAWAY | 10 HORNS, 10 TOES, 2 FEATHERS	46
6QPttpOF3tE		0:30	Tune in Tap the Link! #TheActsoftheApostlesContinues “Recon to Ephesus & Smyrna”	53
wvcimtOtuBI		3:48:20	Recon To Ephesus & Smyrna	50
kKBMO1G0E8s		2:47:45	A Time To Change	21
AoVbL3x7CSo		2:46:19	ACCEPT THE WAR	21
Btpma2MnjGE		0:56	Tune into Clubhouse everyday in our room #BiblicalSmoke!	12
ZopEXYrD91w		0:59	“Being a leader requires sacrifice!”	16
LCl0ehoaInc		2:36:49	Lord Open Mine Understanding	18
SWaOI-bXuLE		2:17:14	A Thin Line Between Love & Hate	21
i1kfSaYI-mU		1:01	“The Gentiles in Acts 15 are the Israelites!”	91
YoTChf__VtA		4:02:44	The Hidden Things Of Wisdom	45
XG1J6lr9WOI		1:55:51	Wondrous Things Out Of Thy Law	28
R4BxcOziO3A		30:41	Wondrous Things Out Of Thy Law	10
sZya8C6c-jk		2:11:13	The Whore That Sits On The Mount Of The Congregation	18
GiETRIZKaP8		11:01	The Whore That Sits On The Mount Of The Congregation	43
X4Hm0O-_2go		2:16:15	DAY OF SIMON: HISTORY IS PROPHECY FULFILLED	31
rjy3zjHKQlI		0:18	“Unlearned Wrestle with Commandments Christ Christianity” on #IUICTv app & #IUICintheClassroomTwo	36
EAiHhaWqq7I		3:53:52	Judges Of The Earth	49
dPuH7NbE5n4		2:36:07	Unlearned Wrestle W/ Commandments Christianity	20
X2zRCAu6W6s		2:45:05	The Fight Within	20
AFf-98sM5iY		2:09:39	What Does The Soul Have To Do With The Flesh	12
IPN-bITmtlk		1:24:43	NATIVES HOUR: ECUADOR… FROM SLAVERY TO HOSTAGES	867
eGFv-F2RqFo		2:04:01	Battle Beyond Radio Show | Kenyan Church Welcomes LGBTQI+	19
3dsE7VMwdIU		2:20:25	OHH-ECHOES OF ROME: THE SHORT REIGN OF TITUS AND DOMITIAN AND THE CHRISTIAN PERSECUTION	25
LeqS1oLhXyg		50:14	NATIVES HOUR: NATIVE AMERICANS WERE SLAVES TOO!!! PT. 2	14
nyDKMujqIWw		1:07:18	NATIVES HOUR: NATIVE AMERICANS WERE SLAVES TOO!!! PT. 2	14
FX4sd6pDSyc		1:45:10	BATTLE AXE RADIO EP13: The Unseen Hands of Perdition	42
VvmmcQDsgqY		1:18:25	The Battle Beyond Radio Show | Demands for Slavery Reparations Grow Louder in Africa	12
vGsLWW2AyKg		1:26:28	Giving The Sense From A To Z: Titus 3	29
Vdg9qdHlbpY		2:07:44	11th Hour: Mexicans & The Islamic Faith	24
M_6hE8CQhIc		2:16:12	OHH-ECHOES OF ROME: THE 7TH FEATHER: VESPASIAN'S CONQUEST AND THE FALL OF JERUSALEM PART 4	21
eQhZozoo7rY		1:03:41	HAMMERTIME: Don't Get Left Behind	43
6ogOk1Vze3I		1:48:49	THE NATIVES HOUR: STATE OF EMERGENCY AT THE PINE RIDGE RESERVATION	33
uz7XW5EpuiI		1:53:07	BATTLE AXE RADIO EP12: Message to Slim Thug: Don’t Fold Like the Rest of Them!	42
XEyx4cmLrCE		40:04	Battle Beyond Radio Show | Malawi Secretly Sending Its Youth To Work Israeli Farms Despite The War!	879
ImeHZKJwobA		1:03:06	Battle Beyond Radio Show | Malawi Secretly Sending Its Youth To Work Israeli Farms Despite The War!	16
E3VWSymEx_o		2:00:27	TUESDAY NIGHT REDEMPTION: What In The Hell Do You Want? Part 2	24
qxxh-jH13tI		1:22:17	Truth Be Told: Missing Children in Cleveland	41
Gk-d5DuXvak		2:06:51	THE 11TH HOUR: The Vineyard At The 11th Hour	2
rcesHCONA7I		1:54:35	Wisdom Crieth Out: Live From Babylon: Matthew 24 Current Events	3
d3pN9Rhd744		2:13:41	LIONZ DEN RADIO SHOW: Current Events	51
XqN80t_LO8M		2:19:17	OHH-ECHOES OF ROME: THE 7TH FEATHER: VESPASIAN'S CONQUEST AND THE FALL OF JERUSALEM PART 3	17
PCPzpUZIdNU		1:51:24	LET'S TALK TRUTH || Jewish Plots To Destroy Black Youth	96
Mvc_sKPxpvw		1:57:14	LIVE | FCN: Where Truth Speaks!!	35
y5YLHFj_Klw		1:50:00	Battle Beyond Radio Show: China's Influences in Zambia	22
ArIce1k--JA		2:00:56	TUESDAY NIGHT REDEMPTION: What In HELL Do You Want?	35
Nwf8iWEOQe8		2:15:01	The Eleventh Hour: The Idols Of Lady Guadalupe	13
HNgPivBy-WA		1:50:40	LIONZ DEN RADIO SHOW: Current Events	59
7uvbHPWrT9M		1:23	LIONZ DEN RADIO SHOW: Current Events	682
07nrqZSqu2Q		2:27:09	RAVENING WOLVES SHOW: Episode 77 - The City Of God	68
Tpa4cV10NrE		2:15:05	OHH-ECHOES OF ROME: THE 7TH FEATHER: VESPASIAN'S CONQUEST AND THE FALL OF JERUSALEM PART 2	2
kPsr1-gXhtQ		1:52:11	LET'S TALK TRUTH || The Two Holocaust	68
srGaLlcP47Y		1:58:42	BATTLE AXE RADIO EP10: THANKSGIVING? ANTI-SEMITISM? The Hypocrisy Of The Zionist	57
pNFlP8EJo5s		1:58:23	THE 11TH HOUR: Hidden Racism In The System	24
tHc7Xu6dWOQ		1:53:03	Wisdom Crieth Out: Where Was John 3:16???	33
ijH5XjpVBWc		1:53:42	LIONZ DEN RADIO SHOW: Current Events	69
6XL2hiqt964		2:29:46	RAVENING WOLVES SHOW: Episode 76 - Racist Bastards	85
_b2_sEdFMc4		2:19:16	OHH-ECHOES OF ROME:THE 7TH FEATHER:VESPASIAN'S CONQUEST AND THE FALL OF JERUSALEM	23
dWC6E7asw90		1:35:04	LET’S TALK TRUTH || The FALL OF LUCIFER	73
fCs8F0nYkfs		4:55	#IUIC |  LET’S TALK TRUTH || The FALL OF LUCIFER	995
iScykTv3JV4		1:50:45	BATTLE AXE RADIO EP9: BLACK CHRISTIANS BREED BLACK MONSTERS	51
pspjW7Z9etw		2:08:25	TUESDAY NIGHT REDEMPTION: Why My Marriage Really Messed Up	39
dz8WnmXau-w		1:48:00	ITSR: Does Your Pastor Know Prophecy	38
Z2Hcv4cPsn0		1:57:07	Wisdom Crieth Out: Christianity Or Islam: Which One Is Worse?	48
SctKiLk-iMQ		2:03:37	LIONZ DEN RADIO SHOW: From Khazar To Nakba | The War Continues	56
VxI3qKfiLGQ		2:17:32	OHH-ECHOES OF ROME: THE CHAOS THAT LEAD UP TO 70AD	32
iHFhcnq_9UE		1:53:09	LET'S TALK TRUTH || The ANTICHRIST Revealed 2.0	78
SJlPgdh5rk4		1:14:56	BATTLE AXE RADIO EP8: WAR IS COMING AND BLACK CHRISTIANS HAVE NO IDEA	49
Wz6UgJUIJJE		40:40	BATTLE AXE RADIO EP8: WAR IS COMING AND BLACK CHRISTIANS HAVE NO IDEA	31
6lu279QIURg		2:18:14	TUESDAY NIGHT REDEMPTION: Don’t Shoot The Messenger	31
b8RkNKtz2Nw		1:36:33	Truth Be Told: Mind Your Business N3gr0, Let Them Fight!	56
Ze8sNegFapU		1:55:06	THE ELEVENTH HOUR: Negros Are Sleep While The World Is In Choas	26
2z_h3HtGzcs		1:41:50	LIONZ DEN RADIO SHOW: Current Events	52
rFBW9axUc4Q		2:41:34	RAVENING WOLVES RADIO: Episode 75 - Gog and Magog War The End Of All Nations	97
iq0_RABsLO0		2:18:02	OHH-ECHOES OF ROME: THE 6TH FEATHER OF ROME AND THE MARTYRDOM OF THE APOSTLES	24
yNYV3AJCjaY		2:44:00	FIXX YA FACE FRIDAYS: HBCU'S HAVE DESTROYED BLACK COMMUNITIES	12
RoIjoQ6W4CQ		1:44:03	LET'S TALK TRUTH || THE ANTICHRIST REVEALED	94
eRu1eXg6mp8		2:19:05	BATTLE AXE RADIO EP7: Wack 1 Dummy and The Synagogues of Satan	79
qRQZy5YbU_E		1:45:15	LIONZ DEN RADIO SHOW: Florida - The Land Of Illusion	48
UTXu4PX5ioo		2:48:05	RAVENING WOLVES RADIO: Episode 74 - The Birth Of Terror	76
K96UHwEjFEg		1:50:39	LET’S TALK TRUTH || The Truth About The STOLEN Land Of Israel	84
FXsIgP3m_Y8		2:35:37	Israel-Palestine War LIVE | Jada Pinkett-Smith’s Sexuality | T.D. Jakes Scared To Speak against I…	11
iPaRae7vEos		2:14:23	BATTLE AXE RADIO EP6: God Damned Gaza And America	6
Shr9THsN6zM		1:13:10	#Throwback TRUTH BE TOLD: War is brewing!	23
Wgt3RtuTWkU		1:18:17	(Re-run)OHH-ECHOES OF ROME:THE RISE OF THE 5TH FEATHER CLAUDIUS CAESAR AND THE TRAVELS OF THE APO…	1
kQEzdwoIXgU		59:39	(Re-run)OHH-ECHOES OF ROME:THE RISE OF THE 5TH FEATHER CLAUDIUS CAESAR AND THE TRAVELS OF THE APO…	788
_w5nb5G2B_o		2:01:22	Lionz Den Radio Show: War And Blind Support	51
nyRtO9IRnRk		3:10:34	PATIENT SAINTS RADIO | EPISODE 388 *RERUN*	64
uG_eUfLDPLM		2:13:43	(Re-Run) OHH-ECHOES OF ROME:THE RISE OF THE 5TH FEATHER CLAUDIUS CAESAR AND THE TRAVELS OF THE AP…	13
A6oZvT9jycU		1:47:54	BATTLE AXE RADIO EP5: Negroes With White Minds | Amar'e Stoudemire Got The Game Messed Up	11
govJqKlsaCc		2:14:05	OHH-ECHOES OF ROME:THE RISE OF THE 5TH FEATHER CLAUDIUS CAESAR AND THE TRAVELS OF THE APOSTLES	33
mxSm7WuTnEI		1:57:32	LET'S TALK TRUTH || The Cult Origins of Caucasian Christianity	10
PPIsGwufNw8		2:09:53	BATTLE AXE RADIO EP4: Black Evolution | From Gangstas Back To GODS Part 2	41
RyGRvENY_II		2:18:21	OHH-ECHOES OF ROME:THE RISE OF THE 5TH FEATHER CLAUDIUS CAESAR AND THE TRAVELS OF THE APOSTLES	27
aTfUmnyGQq0		1:38:32	Let's Talk Truth | The Truth About The New Pandemic	84
Kmf1likwG7c		1:55:17	BATTLE AXE RADIO EP3: Black Evolution | From Gangstas Back to Gods Part 1	37
LAPgy0uAg-w		2:05:26	Wisdom Crieth Out: The Hoe Agenda	33
bVNklvYJQms		2:31:49	RAVENING WOLVES RADIO: Episode 73 - U.S. Migration Crisis	66
K2JTWqUgAWU		2:09:51	OHH-ECHOES OF ROME:THE RISE OF THE 5TH FEATHER CLAUDIUS CAESAR AND THE TRAVELS OF THE APOSTLES	13
Y6eNIOxOa0c		51:38	HammerTime: Building Leaders For God's Army	27
79eadq6Oa4M		2:06:37	TUESDAY NIGHT REDEMPTION: I Thought You Repented… What Happened?!	44
Kei5AmVUbCs		2:10:22	Wisdom Crieth Out: Stolen Valor	39
BVQfrqFAPjo		2:08:22	LIONZ DEN RADIO SHOW:  Current Events	52
Z0UV7C8g85I		2:08:11	OHH-ECHOES OF ROME:THE RISE OF THE 5TH FEATHER CLAUDIUS CAESAR AND THE TRAVELS OF THE APOSTLES	23
Kwww_Hx6Kvc		1:53:06	Let's Talk Truth | Women Vs. Transwomen #WAR For Womanhood	52
tycZJlF6ThY		1:56:39	TUESDAY NIGHT REDEMPTION: Some People Gotta Have It	35
CVuwGo7xb4Y		2:06:17	Wisdom Crieth Out: Bored of Education	35
PnCA0FnQVPc		2:14:02	LIONZ DEN RADIO SHOW: Current Events	51
c1HFBqzplJE		1:39:52	Let's Talk Truth | The Truth About The Olympics	22
rMbnsOzKOY4		2:08:36	PRECEPTUPONPRECEPT: BRICS VS THE WEST: THE PLOT THICKENS	10
jhKINHD5XzA		1:59:06	TUESDAY NIGHT REDEMPTION: Do Your Sins Ride You Like A Bike? Round 2	26
xR0GEKY4L3c		2:26:24	Wisdom Crieth Out: Love, Lust & Lies	35
wy-obRuqmcE		2:02:35	LIONZ DEN RADIO SHOW: Current Events	47
Dt_N0V_64s0		0:31	LIONZ DEN RADIO SHOW: Current Events	269
gJxVbg8EDpU		1:57:28	TUESDAY NIGHT REDEMPTION: Do Your SINS Ride You Like A Bike?	32
zEHstxv85D0		2:21:29	Wisdom Crieth Out: Hidden Colors…Lies Uncovered	43
rq0Q1p13UOI		1:56:53	The Demons We Feed!!	27
I_NVz6SpFxk		1:33:58	LETS TALK TRUTH | Current Events	34
NTI-6i8MsvA		1:51:49	LIONZ DEN RADIO SHOW: Current Events	62
wXtq-ETpB38	2023-10-20	6050	The PLOT & DEVASTATION of GAZA in the BIBLE | #fullvideo	22144
_yurpcNOz_I	2023-01-22	60	PASSOVER 2023 | APRIL 18th - 23rd | REGISTER NOW	12984
hFwr31rSzqU	2022-12-14	4833	#ShoutOutTuesday | The Breakfast Club Hosts Lying Jonathan Greenblatt	38601
LRKAqsdDNcM	2022-11-16	10179	#SHOUTOUTTUESDAY PRESENTS  WHOOPI & AMAR'E YOU CAN'T STOP THE GREAT AWAKENING #nathanyel7 #ye #kyrie	77166
NfrP0vzKLNM	2021-05-16	11901	#IUIC | EVENING CLASS: It's Spiritual: You Wouldn't Understand	105334
ilsQlR-42Ps	2021-05-15	5449	#IUIC | AFTERNOON CLASS: Forgiveness & Reconciliation	34125
_NDiyIVPbgQ	2021-05-15	10473	#IUIC | SABBATH NOON CLASS: Repatriation Of God's People	16608
mbqEWnbrQMs	2021-05-15	7838	#IUIC | SABBATH MORNING CLASS: If Thou Come to Serve the Lord	9092
wVXobQGFbH0	2021-05-15	5229	Fixx Ya Face Fridays!! From God’s Chosen, to Simps and Thots!	8721
lEp1wPLdPyo	2021-05-15	4606	Hammertime: The Work of One Sinner	6182
If8By24OG7g	2021-05-15	7487	THE BIBLE : THE BOOK OUR OF FATHERS | Traumatizing Knees Of Pressure !! (Part 3)	10351
VK2yAC2NtKY	2021-05-12	6579	#IUIC | ITSR: The Countenance of A Fatherless Son	7251
G3TfVqagYdk	2021-05-09	10655	#IUIC | RAVENING WOLVES SHOW: Episode 24 - Fire Booth - The South Got Something To Say (IUIC Tupelo)	11009
TzaFc6kKVYg	2021-05-09	9207	#IUIC | OUR HIDDEN HISTORY: The Spanish Inquisition Chapter 31 (Replay)	8834
0GcNu40hXSw	2021-05-08	7050	#IUIC | SABBATH AFTERNOON CLASS: Are You Worthy or Worthless: Ask Yourself?	19216
XdUL2Jn4SSE	2021-05-08	9608	#IUIC | SABBATH NOON CLASS: Which God Are You Serving?	17977
1OeV4hyE9RI	2021-05-08	144	#IUIC | SABBATH NOON CLASS: Which God Are You Serving?	2812
02zSqIIfGec	2021-05-08	14588	Do You Really Love God?	7784
K1SkZNBkc_k	2021-05-08	5446	#IUIC | Fixx Ya Face Fridays!! Envy thou NOT the Oppressor!	10839
9gXck63h2rE	2021-05-08	4217	#IUIC | HAMMER TIME: Affliction brings us closer	6310
37NBSWy3MVk	2021-05-08	7521	THE BIBLE : THE BOOK OF OUR FATHERS | Traumatizing Knees Of Pressure!! Leviticus 26	13578
vyIrm6G5S3A	2021-05-02	7821	#IUIC | RAVENING WOLVES RADIO: Episode 23 - FireBooth - The South Got Something To Say (Nashville)	9063
Bv-Uo0w1lgA	2021-05-02	9198	#IUIC | Our Hidden History: The Spanish Inquistion Chapter 31	11242
9OWwz0Klyn0	2021-05-01	7917	SABBATH MORNING CLASS: The Blockchain Priesthood	10903
1Wbb7199EY0	2021-05-01	4720	#IUIC || HAMMER TIME: "Who's On The Lord's Side"	7115
WKwGsI57VmI	2021-05-01	7403	THE BIBLE : THE BOOK OF OUR FATHERS | Traumatizing Knees Of Pressure!! Leviticus 26	11804
WMU4k8HBplc	2021-04-27	4136	#IUIC | New Moon Class: April 26, 2021	13281
qjuuDgaGtLU	2021-04-25	10921	#IUIC | RAVENING WOLVES SHOW: Episode 22 - Why Must We Pray For Our Enemies	7461
U8mF3xI3Ino	2021-04-25	10373	#IUIC | OUR HIDDEN HISTORY RADIO SHOW: REPLAY	11271
nzzU1_bFfNA	2021-04-25	9728	#IUIC | Patient Saints Radio: April 25, 2021	13487
ZOy6AlS0PVk	2021-04-25	11904	#IUIC | SABBATH EVENING CLASS: Like Father... Like Son	41159
vGhcjMSdqlU	2021-04-24	6499	#IUIC | SABBATH AFTERNOON CLASS: "The Enemies of Christ: Understanding The Breaking Of Bread"	22599
LGqsSz__IZM	2021-04-24	10651	#IUIC | SABBATH NOON CLASS: Evolving - Change & Growth	15864
CqSe99hZtnY	2021-04-24	8706	SABBATH MORNING CLASS: The Jew & The Greek	16376
SdnPrjJqA_o	2021-04-24	12920	Many Shall Depart From The Faith	6684
Tn3NUTI6yZQ	2021-04-21	6455	#IUIC: Other Nations Going back to captivity	6290
EYTDEGCJfoE	2021-04-18	10843	#IUIC: OUR HIDDEN HISTORY RADIO SHOW| CHAPTER 30 THE SPANISH INQUISITION	15333
6yu9YDh6o34	2021-04-18	9737	#IUIC: Patient Saint | April 18, 2021	2470
7wl9iOsaR_s	2021-04-18	12860	#IUIC: SABBATH EVENING CLASS | Deliverance From Egypt, Then and Now	93533
p0ny3e1giGU	2021-04-17	5724	#IUIC: SABBATH AFTERNOON CLASS | RESTORATION	5673
p8t6i61jGLo	2021-04-17	34	IUIC SABBATH NOON CLASS | THEM - A CURSED PEOPLE	2470
tmQTjPBYuq8	2020-08-22	8412	SABBATH MORNING CLASS: The Wondrous  Truthbix Cube	10832
Cdip6ODzxUE	2020-08-04	6747	NEW MOON CLASS | August 3, 2020	19265
SYktRbrIauo	2020-07-18	13953	SABBATH NOON CLASS: Should We Use Guns To Fight The Oppressor?	22213
I732eMbGd7o	2020-07-18	7969	SABBATH MORNING CLASS: Hate Speech, Anti-Semitism and Homophobia	13417
7WoPW9uZr4E	2020-07-18	5002	Hammertime: Sin Enter Into Our World	10809
KhsIkpiBwtI	2020-07-18	2678	THE BIBLE: BOOK OF OUR FATHERS: “THE REVELATION OF THE WICKED”	14200
j8pDXi34UFE	2020-07-17	4910	THE BIBLE: BOOK OF OUR FATHERS: “THE REVELATION OF THE WICKED”	14692
3Q6Wtf-2gSA	2020-07-12	10654	Patient Saints Radio | July 12, 2020	17877
Nv9KDB3XNhM	2020-07-11	8010	SABBATH NOON CLASS: Grace Is Treasured	12141
Y591fHvxtho	2020-07-11	6296	SABBATH NOON CLASS: Grace Is Treasured	10208
EsQ2j-UJXNU	2020-07-11	8689	SABBATH MORNING CLASS: Apollos Creed	11165
FCA-jxqxwVo	2020-07-11	1065	Fixx Ya Face Fridays!!! Compliance: Toby’s Deal with the Devil.	4684
7kBeut6r6HA	2020-07-11	3164	Hammer Time: Comfort Thy People	6345
0hduQ3IY-8U	2020-07-11	6588	THE BIBLE: BOOK OF OUR FATHERS: FOR THE WEAPONS OF OUR WARFARE ARE NOT CARNAL	10367
mbZ6THURnnk	2020-07-05	9876	Patient Saints Radio | July 05, 2020	15443
NE7b8B6seLo	2020-07-04	10798	Sabbath Noon Class: No Forgiveness For Judas Traitors	18320
03AkMhO8uq0	2020-07-04	7937	Sabbath Morning Class: Messengers Of The Nation	12163
MSHyHkDD2gY	2020-07-04	4646	IN THE CLASSROOM: A Mambas Mentality	7289
Hr0DaC7QA-Y	2020-07-04	7936	THE BIBLE: BOOK OF OUR FATHERS: DO BLACK LIVES REALLY MATTER? Part 4	12422
KHXg8AQ--TY	2020-06-28	9380	Patient Saints Radio | June 28, 2020	14368
3e9juUt_UI0	2020-06-28	12910	SABBATH EVENING CLASS: CHRISTIAN WHITE BLESSING OF SLAVERY	68131
nS8uBga99VI	2020-06-27	8919	SABBATH MORNING CLASS: Battling Lust	16210
moQ-06xR5yE	2020-06-27	5736	Fixx Ya Face Fridays!!! The Coon Train Awards	31559
iQuEIn3yPKM	2020-06-27	5207	Hammer Time: Wherefore We Labor	8223
fhCMgHy4Yy8	2020-06-27	7806	THE BIBLE: BOOK OF OUR FATHERS: DO BLACK LIVES REALLY MATTER? Part 3	11141
Gmf6UhsBgPU	2020-06-21	9889	Patient Saints Radio | June 21, 2020	17823
GeMwnpTzAcY	2020-06-20	12493	SABBATH NOON CLASS: History Repeats Itself - Message From Jeremiah	17366
lWQ6_Lv0RAc	2020-06-20	8309	SABBATH MORNING CLASS: A Balanced Diet Part 2	8124
W7BTwSqDhFs	2020-06-20	5378	Fixx Ya Face Fridays!!! A Generation of Monsters	15495
vEHxQqDkVU0	2020-06-20	7726	THE BIBLE: BOOK OF OUR FATHERS: DO BLACK LIVES REALLY MATTER? Part 2	12409
RFxvefKXF8A	2020-06-14	10642	Patient Saints Radio | June 16, 2020	17103
CDFQq0dB0y8	2020-06-13	13489	SABBATH NOON CLASS: Life Without Limit	14993
xa4_NNacP1A	2020-06-13	5260	FIX YA FACE FRIDAYS: INSANITY GOING NO WHERE FAST	11042
-tCiHN-2q7o	2020-06-13	4081	FIX YA FACE FRIDAYS: INSANITY GOING NO WHERE FAST	9626
Adk5GEXCYtM	2020-06-07	11758	SABBATH EVENING CLASS: T.D. JAKES AND THE CHRISTIAN HYPOCRITES	65121
uLHe-Asst1w	2020-06-06	14072	SABBATH NOON CLASS: Stop The Rioting, Deliver Thyself O Zion	19257
YwMXvLYNxDk	2020-06-06	8463	SABBATH MORNING CLASS: War & Sexual Desire	6669
b-9ixH3-XtQ	2020-06-06	13351	FRIDAY NIGHT RAW: We Follow God, Not Man	7400
KknoJNLCvCg	2020-06-06	5325	HAMMER TIME: Accept Your Wrong	8839
9CXJhsnIP_A	2020-05-31	9850	Patient Saints Radio | May 31, 2020	16518
CCTAoMyD_vE	2020-05-31	14326	SABBATH EVENING CLASS: HATRED AND MURDER OF BLACK PEOPLE	50960
BQIhXANiKVY	2020-05-30	7803	Morning Sabbath: A Balanced Diet	6119
RyzT5HvoFWo	2020-05-30	7534	THE BIBLE: BOOK OF OUR FATHERS: OUR NATIONAL ACTIVISM	16426
1kf8_ybmbMw	2020-05-24	13234	SABBATH EVENING CLASS: FIXING THE CRACKS IN OUR LIVES	22539
dvhrHDv430Q	2020-05-23	10362	SABBATH NOON CLASS: BUILD UP	13576
mj54-58dTDM	2020-05-23	8122	Sabbath Morning Class: Fear Not The Sentence	7931
R1jJIXGfgDs	2020-05-23	7966	THE BIBLE: BOOK OF OUR FATHERS: Fight the good Fight of Faith: We are at War! 1 Tim 6:12	12137
LtaZF96tZK0	2020-05-17	14957	FEAST OF PENTECOST 2020	22960
vqR2QocOONE	2020-05-17	9690	Patient Saints Radio | May 17, 2020	13835
NnEB1H9gvkI	2020-05-17	13048	SABBATH EVENING CLASS: DIASPORA FIRE & HAIL	37975
mXT10X-h0-0	2020-05-16	8758	SABBATH NOON CLASS: Stay in the Spirit	15939
bH3UzDMW6Ms	2020-05-16	8037	THE BIBLE: BOOK OF OUR FATHERS: Work While It Is Day	9906
iBgZsyyWNUE	2020-05-10	8585	Patient Saints Radio | May 10, 2020	14032
FC_j8Sln6Lo	2020-05-09	7696	SABBATH NOON CLASS: CHOICES AND DECISIONS	8267
SeMFHPcSuxM	2020-05-09	9828	Wickedness in Our Midst, So Now, What do we Do in spite of the Wickedness? Part 2	17387
VECgW04N-yA	2020-02-15	11605	Noon Sabbath: Precept Upon Precept	12581
5o4I9KeaN7M	2020-02-15	8184	Morning Sabbath: European Terrorism Or Black History	13218
oZe7yQg488M	2020-02-15	8068	THE BIBLE: BOOK OF OUR FATHERS: "Truth and Freedom”	14263
ETX44SPlSPE	2020-02-10	11494	New Moon: Leave Off From Your Sins	15471
GhLanQAt3Zo	2020-02-09	9450	Patient Saints Radio	7654
A1VFsszCnLk	2020-02-08	12179	Noon Sabbath: Numbers 15:38	8867
wxJtCdkxTrg	2020-02-08	8470	Morning Sabbath: SECRET	10353
tLpR4nhiQv0	2020-02-08	14042	Heaven	10874
0P_ZF3-Ru4E	2020-02-08	7324	THE BIBLE: BOOK OF OUR FATHERS: To Die is to Gain.	8393
q8esfkZMOxw	2020-02-02	9406	Patient Saints Radio	10771
LF8ie-u_dRQ	2020-02-02	11187	Sealing The 144K - Revelation 7	89945
wqzP614YcEg	2020-02-01	12590	Noon Sabbath: Yesterday Present And Tomorrow	12132
4ouCtwdShck	2020-02-01	8188	Morning Sabbath: SUPPORT ; DON'T TRY TO TAKE OVER	10452
7L0PoGfhZNk	2020-02-01	7398	THE BIBLE: BOOK OF OUR FATHERS: Mental and Physical Fitness	10604
z9mi_EVJdV0	2020-01-26	9475	Patient Saints Radio	8811
Xdk3BTDwBdw	2020-01-26	166	Patient Saints Radio	4162
wPr8sJkDae4	2020-01-26	1572	Revelation Chapter 8 (A Star Called Wormwood)	12814
4oss6AnvN6U	2020-01-26	12063	Revelation Chapter 8 (A Star Called Wormwood)	106861
JF41obCD4Z8	2020-01-25	12393	Noon Sabbath: Precept Upon Precept Line Upon Line	13820
0oFGWZktSvM	2020-01-25	7906	Morning Sabbath: Thou Art Wiser Than Daniel	7965
z-k6aXeZDEs	2020-01-25	13149	Age Of Consent To Marry	8508
9O1EF5HA4qY	2020-01-25	7782	The Bible: the Book of Our Fathers: Our Mental and Physical Fitness according to the Bible!	12725
Mfs6uN40c9M	2020-01-19	8864	Patient Saints Radio	10545
fGjIO_-_xUs	2020-01-19	13	The Israelites Against The World	3042
t9GLlH5Pd9k	2020-01-19	14378	The Israelites Against The World	27604
i74cfIWDNE0	2020-01-18	12802	Noon Sabbath- Angry Birds 2: War Powers	10082
sTgb6ESmcf0	2020-01-18	8124	Morning Sabbath: Emotions Cloud Judgement	9265
eH9zorJ7fS8	2020-01-12	11605	Jacob's Trouble: World War III	54143
BEz6oiwW9cY	2020-01-11	10695	Noon Sabbath: The Doctrines on Facebook	11469
DLiGu4Dz_tQ	2020-01-11	3219	Noon Sabbath Class: Quest V	5468
xQcN4Eq-L-k	2020-01-11	3290	New Moon Class	14707
RnlZp3i-GwY	2020-01-05	9420	Patient Saints Radio	13989
P564efwlyL8	2020-01-05	7250	REVELATION 9 EXPLAINED (Part 1)	88680
1tmb4WOnYS4	2020-01-04	12725	Noon Sabbath: Tried	9245
qOirBh_GQUQ	2020-01-04	6620	Morning Sabbath: Angry Birds	7437
jGQrmq8-pmw	2020-01-04	12406	FRIDAY NIGHT RAW: Dont Be Afraid	11392
G3468w5ywag	2020-01-04	7476	THE BIBLE: BOOK OF OUR FATHERS: Mental illness and Trauma for Disobedience...	15921
d7wLnWD7mC0	2019-12-29	9135	Patient Saints Radio	10664
iUHXT7i0-0A	2019-12-29	13571	The Little Book: Sweet And Bitter | REVELATION 10	93861
WGnq7jywKKg	2019-12-28	11426	Noon Sabbath: Be Not Offended In Me	8085
fgQ09VQZiVI	2019-12-28	7279	Morning Sabbath: Double Entendre In The Scriptures	5610
nV8jhxFJ8FM	2019-12-28	7407	THE BIBLE: BOOK OF OUR FATHERS: Discipline Now, Reward Later,... or else, Total Self Annihilation!	9281
L1fcXXjRG6U	2019-12-22	9302	Patient Saints Radio	8810
in5ZWYmyJ4o	2019-12-21	10555	Noon Sabbath: Fresh Spirit Part 2	7171
SYif9AZW4RM	2019-12-14	10082	Noon Sabbath: Refresh Your Mind	8799
gZJ-aUmtyU4	2019-12-14	7711	Morning Sabbath: Kiss The Son	6780
bEvSKNIkkgM	2019-12-14	13033	Closing Of The Feast Of Dedication	10023
J3qSSgDyIPY	2019-12-14	3336	Closing Of The Feast Of Dedication	6442
1CCrl-T5pL8	2019-12-13	7256	Happy New Moon!	9132
pfqJkHWCMvY	2019-12-08	10357	Patient Saints Radio	6814
xIOC-FqANsA	2019-12-08	12230	Jesus Came To Kenya: A Study Of His Image | Revelation 13	34213
UrPS1Hu6Yf0	2019-12-07	13230	Noon Sabbath: Roman's 11 Chapter	6833
rG77nEiwFhc	2019-12-07	8400	Morning Sabbath: Animal Kingdom	6655
ZBePhnoDNso	2019-12-01	9024	Patient Saints Radio	4556
cwv2bBoNvc8	2019-11-24	9024	Patient Saints Radio	4969
IMO5AZ96V2Y	2019-11-24	17084	Daughters of Zion: Nothing New Under The Sun	21049
MY4_LBBIQ18	2019-11-23	12192	Noon Sabbath: Sex On The Sabbath Laws Of UnCleanness	11328
Dv9i3FTafdw	2019-11-23	7742	Morning Sabbath: The Lust Of Sports	6261
fWFqdkrVYmM	2019-11-23	8681	THE BIBLE: BOOK OF OUR FATHERS: The Importance of Unity	6315
2CtxaDloST8	2019-11-17	8610	Patient Saints Radio	5246
dc2rdBctNZY	2019-11-17	293	Patient Saints Radio	2635
VOW5IF_i5Ug	2019-11-16	12950	Noon Sabbath: Fruits of Righteousness	7034
EudRy8OyU2U	2019-11-16	7357	Morning Sabbath: The Holy Drip	6931
SKRSd4QpM5I	2019-11-16	6753	IUIC: The Sluggard Mind vs Diligent Mind	9981
8j6B6GMLrK8	2019-11-12	5837	The Law was Before Moses	8535
TABmNcLnqC8	2019-11-10	7976	Patient Saints Radio	4423
vxi8do8Dz10	2019-11-10	12147	Famous Black Pastors Explain Tithe Scriptures	52521
x_Rk4DM13tk	2019-11-09	13004	Noon Sabbath: Trial And Faith Part 4	6155
4QcEgoe-PZE	2019-11-09	7642	Morning Sabbath: Few Relations In Earth Never Die	6758
KyjgbBFlqlI	2019-11-02	14265	Noon Sabbath: The Awakening pt 2	7189
r65s4VYO7PE	2019-11-02	7601	Morning Sabbath: Basic Ways To Resist The Devil	3932
81wg8UVcZTg	2019-11-02	14194	Are Fringes Done Away With?	8207
PZEsXgM0sXw	2019-10-26	7507	Morning Sabbath: Detective Tekashi The Minister Of God	4662
5M3jzHIrQMI	2019-10-26	14210	Halloween And The People Who Remain Unclean	8889
bS6Rf-6qW8E	2019-10-20	13983	The Price Oppressors Must Pay Part 2	72081
TVzFlRPUyHw	2019-10-19	7181	Morning Sabbath: For All Have Sinned And Fallen Short...	9247
dr3uHE6dBr0	2019-10-06	13987	The Negro in Christianity…	28666
uRy_-Q4-co4	2019-10-05	12386	Noon Sabbath: The Dragon's Poetry	11434
DIsLyOdULOM	2019-10-05	8831	Morning Sabbath: The Friend And The Enemy	8156
HwqYh7V4PPA	2019-09-29	8010	The Israelites: To Hear God You Must Leave The Church	60920
20q8Fazjo_M	2019-09-28	11323	Noon Sabbath: The Beginning is Near!	12628
8NJtZpyWTZw	2019-09-28	7331	Morning Sabbath: The 1st Battle	6774
tVhwLJeJmFA	2019-09-28	13229	Feast Of Tabernacles 2019	12510
bfb9HrR_KCQ	2019-09-21	13254	Noon Sabbath: Blessed Are The Undefiled	11242
IQzldK0_gco	2019-09-21	7606	Morning Sabbath: Vote	8299
328qb39dydc	2019-09-21	13692	The Day Of Atonement 2019	14643
lEheNWSrGPg	2019-05-04	14024	It Ain't All The White Man's Fault	12491
FBdcq9TecwI	2019-04-13	14199	A New Year, A New Beginning. After The Passover	9296
yreDDBaSqBM	2019-04-01	7766	Morning Sabbath: My Manner Of Youth  Part 1	9613
HFiCYxHWmRo	2019-03-30	8260	When I Say, "You're Gonna Die" Pt. 2	5140
F6VQSmU1L28	2019-03-30	2598	When I Say, "You're Gonna Die"	6372
vQhx1SVV6Io	2019-04-26	7371	Morning Sabbath: Video Game Addiction	11385
h_oHQWFP92Y	2019-03-30	8715	Black Liars Are The Worst	9250
prkbCwWAhfs	2026-09-13	12902	WHEN CHILDREN WALK IN A LAND OF SHADOWS (PART 2)	43723
BcG8X9aUt8s	2026-09-12	9411	SHE REVERENCE HER HUSBAND: Submission, Grace & Self-Examination of a Biblical Wife	27436
ZdJmxp6V1Ds	2026-09-12	9670	THE MIND OF A CHILD: VOID OF EGO AND PRIDE	24228
KknoJNLCvCg		5325	HAMMER TIME: Accept Your Wrong	
9CXJhsnIP_A		9850	Patient Saints Radio | May 31, 2020	
BQIhXANiKVY		7803	Morning Sabbath: A Balanced Diet	
RyzT5HvoFWo		7534	THE BIBLE: BOOK OF OUR FATHERS: OUR NATIONAL ACTIVISM	
1kf8_ybmbMw		13234	SABBATH EVENING CLASS: FIXING THE CRACKS IN OUR LIVES	
dvhrHDv430Q		10362	SABBATH NOON CLASS: BUILD UP	
mj54-58dTDM		8123	Sabbath Morning Class: Fear Not The Sentence	
R1jJIXGfgDs		7966	THE BIBLE: BOOK OF OUR FATHERS: Fight the good Fight of Faith: We are at War! 1 Tim 6:12	
LtaZF96tZK0		14958	FEAST OF PENTECOST 2020	
vqR2QocOONE		9690	Patient Saints Radio | May 17, 2020	
NnEB1H9gvkI		13048	SABBATH EVENING CLASS: DIASPORA FIRE & HAIL	
mXT10X-h0-0		8758	SABBATH NOON CLASS: Stay in the Spirit	
bH3UzDMW6Ms		8037	THE BIBLE: BOOK OF OUR FATHERS: Work While It Is Day	
iBgZsyyWNUE		8586	Patient Saints Radio | May 10, 2020	
FC_j8Sln6Lo		7698	SABBATH NOON CLASS: CHOICES AND DECISIONS	
SeMFHPcSuxM		9842	Wickedness in Our Midst, So Now, What do we Do in spite of the Wickedness? Part 2	
VECgW04N-yA		11606	Noon Sabbath: Precept Upon Precept	
5o4I9KeaN7M		8184	Morning Sabbath: European Terrorism Or Black History	
oZe7yQg488M		8069	THE BIBLE: BOOK OF OUR FATHERS: "Truth and Freedom”	
ETX44SPlSPE		11495	New Moon: Leave Off From Your Sins	
GhLanQAt3Zo		9450	Patient Saints Radio	
A1VFsszCnLk		12179	Noon Sabbath: Numbers 15:38	
wxJtCdkxTrg		8470	Morning Sabbath: SECRET	
tLpR4nhiQv0		14042	Heaven	
0P_ZF3-Ru4E		7324	THE BIBLE: BOOK OF OUR FATHERS: To Die is to Gain.	
q8esfkZMOxw		9406	Patient Saints Radio	
LF8ie-u_dRQ		11188	Sealing The 144K - Revelation 7	
wqzP614YcEg		12591	Noon Sabbath: Yesterday Present And Tomorrow	
4ouCtwdShck		8188	Morning Sabbath: SUPPORT ; DON'T TRY TO TAKE OVER	
7L0PoGfhZNk		7399	THE BIBLE: BOOK OF OUR FATHERS: Mental and Physical Fitness	
z9mi_EVJdV0		9476	Patient Saints Radio	
Xdk3BTDwBdw		167	Patient Saints Radio	
wPr8sJkDae4		1573	Revelation Chapter 8 (A Star Called Wormwood)	
4oss6AnvN6U		12063	Revelation Chapter 8 (A Star Called Wormwood)	
JF41obCD4Z8		12394	Noon Sabbath: Precept Upon Precept Line Upon Line	
0oFGWZktSvM		7907	Morning Sabbath: Thou Art Wiser Than Daniel	
z-k6aXeZDEs		13149	Age Of Consent To Marry	
9O1EF5HA4qY		7782	The Bible: the Book of Our Fathers: Our Mental and Physical Fitness according to the Bible!	
Mfs6uN40c9M		8865	Patient Saints Radio	
fGjIO_-_xUs		14	The Israelites Against The World	
t9GLlH5Pd9k		14379	The Israelites Against The World	
i74cfIWDNE0		12802	Noon Sabbath- Angry Birds 2: War Powers	
sTgb6ESmcf0		8124	Morning Sabbath: Emotions Cloud Judgement	
eH9zorJ7fS8		11605	Jacob's Trouble: World War III	
BEz6oiwW9cY		10696	Noon Sabbath: The Doctrines on Facebook	
DLiGu4Dz_tQ		3219	Noon Sabbath Class: Quest V	
xQcN4Eq-L-k		3291	New Moon Class	
RnlZp3i-GwY		9421	Patient Saints Radio	
P564efwlyL8		7251	REVELATION 9 EXPLAINED (Part 1)	
1tmb4WOnYS4		12726	Noon Sabbath: Tried	
qOirBh_GQUQ		6621	Morning Sabbath: Angry Birds	
jGQrmq8-pmw		12406	FRIDAY NIGHT RAW: Dont Be Afraid	
G3468w5ywag		7477	THE BIBLE: BOOK OF OUR FATHERS: Mental illness and Trauma for Disobedience...	
d7wLnWD7mC0		9135	Patient Saints Radio	
iUHXT7i0-0A		13572	The Little Book: Sweet And Bitter | REVELATION 10	
WGnq7jywKKg		11427	Noon Sabbath: Be Not Offended In Me	
fgQ09VQZiVI		7280	Morning Sabbath: Double Entendre In The Scriptures	
nV8jhxFJ8FM		7407	THE BIBLE: BOOK OF OUR FATHERS: Discipline Now, Reward Later,... or else, Total Self Annihilation!	
L1fcXXjRG6U		9302	Patient Saints Radio	
in5ZWYmyJ4o		10556	Noon Sabbath: Fresh Spirit Part 2	
SYif9AZW4RM		10083	Noon Sabbath: Refresh Your Mind	
gZJ-aUmtyU4		7711	Morning Sabbath: Kiss The Son	
bEvSKNIkkgM		13033	Closing Of The Feast Of Dedication	
J3qSSgDyIPY		3337	Closing Of The Feast Of Dedication	
AFC4r1BT7qY		1273	Happy New Moon!	
1CCrl-T5pL8		7256	Happy New Moon!	
pfqJkHWCMvY		10358	Patient Saints Radio	
xIOC-FqANsA		12230	Jesus Came To Kenya: A Study Of His Image | Revelation 13	
UrPS1Hu6Yf0		13231	Noon Sabbath: Roman's 11 Chapter	
rG77nEiwFhc		8400	Morning Sabbath: Animal Kingdom	
ZBePhnoDNso		9024	Patient Saints Radio	
cwv2bBoNvc8		9024	Patient Saints Radio	
IMO5AZ96V2Y		17085	Daughters of Zion: Nothing New Under The Sun	
MY4_LBBIQ18		12192	Noon Sabbath: Sex On The Sabbath Laws Of UnCleanness	
Dv9i3FTafdw		7743	Morning Sabbath: The Lust Of Sports	
fWFqdkrVYmM		8682	THE BIBLE: BOOK OF OUR FATHERS: The Importance of Unity	
2CtxaDloST8		8610	Patient Saints Radio	
dc2rdBctNZY		294	Patient Saints Radio	
VOW5IF_i5Ug		12950	Noon Sabbath: Fruits of Righteousness	
EudRy8OyU2U		7357	Morning Sabbath: The Holy Drip	
SKRSd4QpM5I		6753	IUIC: The Sluggard Mind vs Diligent Mind	
8j6B6GMLrK8		5837	The Law was Before Moses	
TABmNcLnqC8		7976	Patient Saints Radio	
vxi8do8Dz10		12148	Famous Black Pastors Explain Tithe Scriptures	
x_Rk4DM13tk		13004	Noon Sabbath: Trial And Faith Part 4	
4QcEgoe-PZE		7642	Morning Sabbath: Few Relations In Earth Never Die	
KyjgbBFlqlI		14266	Noon Sabbath: The Awakening pt 2	
r65s4VYO7PE		7603	Morning Sabbath: Basic Ways To Resist The Devil	
81wg8UVcZTg		14194	Are Fringes Done Away With?	
PZEsXgM0sXw		7507	Morning Sabbath: Detective Tekashi The Minister Of God	
5M3jzHIrQMI		14211	Halloween And The People Who Remain Unclean	
bS6Rf-6qW8E		13983	The Price Oppressors Must Pay Part 2	
TVzFlRPUyHw		7181	Morning Sabbath: For All Have Sinned And Fallen Short...	
YaZOGju_LUI		12248	Noon Sabbath: Part 2 Strengthen Yourselves	
dr3uHE6dBr0		13988	The Negro in Christianity…	
uRy_-Q4-co4		12386	Noon Sabbath: The Dragon's Poetry	
DIsLyOdULOM		8831	Morning Sabbath: The Friend And The Enemy	
HwqYh7V4PPA		8010	The Israelites: To Hear God You Must Leave The Church	
20q8Fazjo_M		11323	Noon Sabbath: The Beginning is Near!	
8NJtZpyWTZw		7331	Morning Sabbath: The 1st Battle	
tVhwLJeJmFA		13230	Feast Of Tabernacles 2019	
bfb9HrR_KCQ		13254	Noon Sabbath: Blessed Are The Undefiled	
IQzldK0_gco		7607	Morning Sabbath: Vote	
328qb39dydc		13692	The Day Of Atonement 2019	
lEheNWSrGPg		14024	It Ain't All The White Man's Fault	
FBdcq9TecwI		14199	A New Year, A New Beginning. After The Passover	
yreDDBaSqBM		7766	Morning Sabbath: My Manner Of Youth  Part 1	
HFiCYxHWmRo		8260	When I Say, "You're Gonna Die" Pt. 2	
F6VQSmU1L28		2599	When I Say, "You're Gonna Die"	
H_x3WgPGj1o		5424	#IUIC | FRIDAY NIGHT RAW | FEAST OF TABERNACLES 2022	
SoogabVlseo		7435	#IUIC | THE SPIRIT OF CORRECTION	
UCjhtk3RuQA		523	#IUIC | Chaos at the Capitol January 6, 2021	
FSW3amQOpS8		10602	OUR HIDDEN HISTORY | King Arthur of The Silurians | Chapter 15	
G_XdpLheKDw		7575	THE BIBLE: BOOK OF OUR FATHERS | Trauma At The Temple Yesterday, And Today	
MtljMsRavVY		7090	#IUIC | Be Not Deceived Evil Communications Corrupt Good Manners.	
r-huv2eUXOc		7004	THE BIBLE: BOOK OF OUR FATHER: Come Out Of Her My People (Part 2)	
HQwNyXObaeM		9827	Secrets Of History: The Two Promised Lands Chapter 6	
aYhufP-4q0U		1952	#IUIC | PERFECT LOVE CASTETH OUT FEAR | PART THREE	
unohjhU9Hw8		3530	#IUIC | PERFECT LOVE CASTETH OUT FEAR | PART ONE	
88YELHvTz44		3127	#IUIC | BLUEPRINT OF BLASPHEMOUS BASTARDS	
q8BrKWOFtE0		3377	#IUIC | THE REMOVAL OF THE VEIL | PART 3	
RsN-LBoQeTU		3674	#IUIC | UNCOVERING THE VEIL | PART 2	
Ku28JXUUMTI		3580	#IUIC | THE REMOVAL OF THE  VEIL | PART 1	
LXJByqnTNfc		3250	#IUIC | #ROMAN PERSECUTION OF #JERUSALEM | DEACON MALACHIYAH	
_px4CJIxdgc		7420	#IUIC | I#ISRAEL FOUND IN #AFRICA & #AMERICA | PART 2	
c3Ag7eFNL7k		7292	#IUIC | #ISRAEL FOUND IN #AFRICA & #AMERICA | PART ONE	
Svtx6YY58BE		4594	#IUIC | THE ACTS OF THE APOSTLES	
N8ApGt1a0ts		10485	#IUIC | REPROBATE REMISSIONS	
lM3Jik5BkzA		3299	#IUIC | THE NEGRO IN CHRISTIANITY | PART THREE	
CY3z6BAwO-U		3315	#IUIC | THE NEGRO IN CHRISTIANITY | PART TWO	
DeIQ0UpGxB4		5063	#IUIC | The Negro In #Christianity | Part One	
dgD9VOm_uL4		964	The Israelites: TRUTH ABOUT THE #501C3	
F24FmPJb_m4		1260	The Israelites: AGREE WITH THINE ADVERSARY QUICKLY	
fQUKrA-tZcY		2948	The Israelites Protest & Ego Trippin'	
0H-O3T0vbCo		5513	The Israelites: The Truth Before Sympathy!!! To SNITCH or Not To SNITCH?!?	
DCDaYo12ixk		3423	IUIC: From Outer and Gross Darkness!!!	
EgScM6RzhJM		234	IUIC: Burn White Jesus Challenge #BurnWhiteJesusChallenge	
hWod_1JIjkw		3274	IUIC: The Stop and Frisk Slander!!!	
s0Uwci81hAY		9793	The Israelites: Why Do The Heathen Rage and The People Imagine A Vain Thing	
E9Hkad77958		6335	The Israelites: Three Unclean Spirits	
F8nZBhFci98		2359	The Israelites: They Hate Him That Speaketh Uprightly!!	
OWBv9ml0bkA		3045	The Israelites: Afrika Bambaataa Accused Of Boy Love	
Z-0FHFu_m2g		8266	The Israelites: Labor of Love	
EoCIYOE8pNg		1957	The Israelites: White Pioneers Received $1K to Settle America	
RLHyTdsND4I		733	The Israelites: Black Citizens A Right To Vote	
SXttZ8DZuEY		431	The Israelites: Proof Some Israelite Camps Don't Believe The Bible	
2UaLvqFMzGc		537	The Israelites: True Disciples Taught Monogamy	
7ejt3zTY1dY		654	IUIC: The VISION and THINKING of Righteous Leadership	
ShfEajiIziQ		627	THE ISRAELITES: PROPAGANDA	
u9fGFgkg_9c		466	The Israelites: The Hebrew Language	
OG94el3Q13A		5186	The Israelites: Benign Neglect	
ykTKrh2Qyho		313	The Israelites: Should We Be Joyful On High Holy Days??	
4KHvBMC_jUY		1797	The Israelites: What Is The Name???	
wiYmi3xBhO8		8809	The Israelites: Isis Crisis on Friday the 13th	
oYL407iEClc		3257	The Israelites: Interracial Relationships	
Ko-4FeVIfCM		8362	The Israelites: All Lives Matter Except Black	
fL9kbjVNk_0		3862	The Israelites: SEX, RAPE... & KIDNAPPING	
_n_KZ2Z-Xfs		3149	The Israelites: Romans 14 Recap	
d6dGWiuNn_g		2940	The Israelites: The American Dream Is A Nightmare	
WJQstbPySe0		3623	The Israelites: Individualist Misconceptions	
KLoybqC3YsM		6128	The Israelites: Understanding of Romans 14	
f2D94MRFebo		8311	The Israelites: Baltimore Is On FIRE	
XvkBVUkeqCM		5935	The Israelites: The Black Woman Is God	
119XxnwI6so		5871	The Israelites: 666 & The Microchip	
QoeIv9UTYFI		9013	RAVENING WOLVES RADIO: Episode 72 - Will Aliens Invade The Earth?	
zifMFvI1TV4		7054	OHH-ECHOES OF ROME:THE RISE OF THE 5TH FEATHER CLAUDIUS CAESAR AND THE TRAVELS OF THE APOSTLES	
5ZR9_swaWVU		3708	HAMMERTIME: Overcoming The Lust Of The Flesh	
NEF3_MQlDBA		6378	Let's Talk Truth | The Truth About COINTELPRO	
wp0sNQCD_yw		7535	TUESDAY NIGHT REDEMPTION: What Yall Dealing With?	
0ZLDxDYjs_E		7227	Are You Prepping to Live or Die?	
DX1UnMBmymU		6525	LIONZ DEN RADIO: CURRENT EVENTS	
hlqC8mmVjPE		9218	RAVENING WOLVES RADIO: Episode 71 - Oppenheimer - What The Movie Didn't Show You	
nR7zKeLDMLk		4163	HammerTime: Ministry of Reconciliation	
tUUjfM8bWuw		6729	Let’s Talk Truth | The Truth About TikTok	
tNrmPZFxjXA		5301	MAN UP MONDAYS: Social Media Influencers VS God's Influence	
spR1ypJSPHU		7266	Lionz Den Radio Show : Current Events!	
HY9gJifXpZY		2684	The Wedding Feast | House Of Officer Manuel	
7ov8Jj25YFQ		6608	Let's Talk Truth | The Truth About America's Education System	
Yq_Mis0gMEY		9110	MAN UP MONDAYS: Masculinity Under Attack! #AndrewTate Interview Review	
3Eaafq4uAfk		519	LIONZ DEN RADIO SHOW: They Cloned Tyrone Is Real	
3pgOWt2zX0w		6027	Let's Talk Truth | The Truth About “They Cloned Tyrone” *SPOILER ALERT*	
fTSQtLgT29g		9417	Wisdom Crieth Out: Martyrs Of The Motherland	
k6_o9thDeqY		506	(RE-RUN) LIONZ DEN RADIO SHOW : CURRENT EVENTS	
MTYLdj87CpI		117	(RE-RUN) LIONZ DEN RADIO SHOW : CURRENT EVENTS	
n99-GiBMAW8		9409	RAVENING WOLVES RADIO: Episode 70- Let No Man Take Your Crown	
MW0ne4ZCVck		289	RAVENING WOLVES RADIO: Episode 70- Let No Man Take Your Crown	
wDh1qAXCT7s		8971	Wisdom Crieth Out: Swing Low Sweet Chariot	
Lg_ApgaMhpg		5754	LIONZ DEN RADIO SHOW: Current Events	
JEIcRYdaaFc		11150	RAVENING WOLVES RADIO: Episode 63 - The Mouth of the Dragon  Part 2	
d16ig8ZLMLU		7592	OHH - THE ECHOES OF ROME: ANCIENT SUPERPOWERS TO MODERN AMERICA PART 3	
u7iigNNZq0s		7591	Power Hour: Silly Rabbit Easter's a Trick!	
6P2qlaPNQKs		7107	Tuesday Night Redemption:  The Time Is Getting Rough	
H0vhFF0UOoY		7091	THE NATIVES HOUR | HOME OF THE 10 TRIBES	
xANwRVT5-nU		8368	Wisdom Crieth Out: The Hate That Hate Produced	
8sFcc0nT4as		9818	RAVENING WOLVES RADIO SHOW: Episode 63 - The Mouth of the Dragon	
GjwRDAXLLQ0		8643	OHH - THE ECHOS OF ROME: ANCIENT SUPERPOWERS TO MODERN AMERICA PART 2	
NxENY5XVQ0Y		4039	HAMMER TIME | JEWISH PEOPLE ENSLAVED NATIVE INDIANS	
l7zt9xlEzxY		7935	PRECEPTUPONPRECEPT: Lies, Fabrications, and Deceptions. Tools of the Devil	
Ox2mRXI7soA		7044	FCN: THE FEAR OF SATAN EXPOSED!!	
XqF1EJfyqks		9280	The Power Hour Plus: The Defaming and Slander of the Israelites: Wrath of the Dragon	
G82UlS9IqIA		7039	TUESDAY NIGHT REDEMPTION: Brother, Don't Be A Simp!	
DYQFX1xNE-E		7063	ITSR: Angry Birds Gone Wild	
czrgPt1dAO8		8361	Wisdom Crieth Out: The Emasculation of Our Nation	
-J9cqvnGeY8		9883	RAVENING WOLVES RADIO SHOW: Episode 62 - The Global  Reset Part 2	
Arft9Ml0RK8		6690	OHH: THE ECHOS OF ROME: ANCIENT SUPERPOWERS TO MODERN AMERICA	
lUaULVubRGo		4510	HAMMERTIME: Spiritual Exercise For The Experience To Come	
me0TljeBG5c		7665	PRECEPTUPONPRECEPT: ACTION IN ASIA; THEIR ARMIES MAKE READY	
vibyVx3owHc		8582	The Power Hour Plus: Proving Finale & The Building of Godly Men	
-I7aKBuaqdw		7161	Tuesday Night Redemption:  “If Iniquity Is Inside The Lord Will Not Abide	
hqjV0Jj9ZQU		5438	FIXX YA FACE FRIDAYS: Getcha Mind Right	
kG-c7H3iKcU		4903	HAMMERTIME:  Matthew 18 Embracing Change	
zinl-cyu998		8196	IUIC | The Power Hour: Mexico Border Crisis	
3h-QAxqiq5A		7182	TUESDAY NIGHT REDEMPTION: Is You Disrespeck'n Me?	
X9keDMRdcoE		8700	Wisdom Crieth Out: Deci'EVEd	
gM8r2W4npSQ		10507	RAVENING WOLVES RADIO SHOW: Episode 61  - The Global Reset	
uwM0JZ8m57Q		10162	(RE-RUN) OUR HIDDEN HISTORY CONQUEST OF ALEXANDER AND THE WHITEWASHING OF EGYPT	
lSzk7ar8ZmI		9604	SIN: HOW, WHY, WHAT?	
_GRzpTIVjuw		8	Sabbath Noon Class | Respect The Brotherhood	
E-m39asgM10		7728	PRECEPTUPONPRECEPT: NATO'S FEAR CHINA UNDERSTANDING RUSSIA	
TLhsRXhxvHA		9204	The Power Hour Plus: The Stranger I Am Proving: Identifying The Representative	
Ls9NYH7paXQ		7464	LIONZ DEN RADIO SHOW: Languishing Leaders - No Solutions In The Hood	
MBsXA_5CLk0		1662	HammerTime: Unsure Repentance	
D4kx8lxOCjk		8254	The Power Hour Plus: Preparing For Marriage: Do’s and Don’ts For A Healthy Marriage	
nEyiYwcgRK0		46	TUESDAY NIGHT REDEMPTION: Praying and Believing	
Gba3o-yj_Pw		6456	ITSR: Edom Deceived by Pride	
6vtZbo2gyMo		8421	Wisdom Crieth Out Show: American Gumbo #MeltingPot	
eLkUMiudSNM		8373	OHH: ESAU (ROME) CONQUERS ETRUSCANS AND SUBJUGATES ITALY	
iBzTQe7VvPo		7629	Power Hour: Hidden Hatred In Entertainment	
wGjzJX22XbU		7230	TUESDAY NIGHT REDEMPTION: Married With Children	
nGba4nef0AM		7026	ITSR: The Trenches: Activism & Revolution In The Truth	
FXnH77Mhf7M		9456	OHH: ALEXANDER AND PHILIP OF EDOM BECOMING JAPHETH AND THE PHARAOHS OF EGYPT!	
ac67I6Ag0GU		8107	PRECEPTUPONPRECEPT: Carnival, A Refurbished Egyptian Custom	
CuZ_wXo_FBE		9645	US Shoots Down UFO | Ohio Toxic Train Derailment | Project Blue Beam | WOTW Ep 46	
TndKWVKVTc4		9074	The Power Hour Plus: Preparing For Marriage: Self Improvement and Red Flags	
dUzW4FjcnXg		7202	TUESDAY NIGHT REDEMPTION: Was The Chocolate Worth The Plan B?	
2P5Bv6ICx6Q		4158	ITSR: The Gates of Hell Chapter 3 Rome: Lust & Idolatry	
ig6ZcPo-udM		7891	Wisdom Crieth Out: Black Mystery Month	
b1T2GJZHCls		6955	LIONZ DEN RADIO SHOW: Red Hebrew Edomites & The Israelites (Rerun)	
cII9iwSMgrY		8763	RAVENING WOLVES RADIO SHOW: Episode 60 - Fulfilling Your Calling	
2TYQR2Ef6SE		9502	OHH: ALEXANDER AND PHILIP OF EDOM BECOMING JAPHETH AND THE PHARAOHS OF EGYPT!	
XPgIAzUQ1Js		349	HAPPILY EVER AFTER	
9QZ7P2qfVL8		2665	Hammer Time: Touch Not The Lords Anointed: Message To The Nations	
Lz256anDqtQ		7389	PRECEPTUPONPRECEPT: THE SALT BREAKS THE RECORD WHILE THE LOST SHEEP SLEEP	
XgkRa80UHr8		9413	The Power Hour Plus: Proving In a Godly Manner: Red Flags and Common Mistakes	
4PKqKZQVjNM		7229	TUESDAY NIGHT REDEMPTION: Addicted To Your Appetite Part 2	
jYvJFNKk2m0		9457	OURHIDDENHISTORYRADIO: THE NEGRO SLAVES OF EGYPT	
D2QHxZcG5KM		11157	PATIENT SAINTS RADIO | EPISODE 357	
n-962iluDr4		10279	The Power Hour Plus: Sisters If You Want A Man You CANNOT Be The Man!	
3oCkVinCf_Q		7206	TUESDAY NIGHT REDEMPTION: Addicted To Your Appetite	
4DJqKHpxMD4		5375	ITSR: The Gates of Hell Chapter 2: Strong Military (Re-Run)	
Bfzryt55h38		7013	Wisdom Crieth Out: 1/29/23	
Ei_7JMw6_HI		3643	OUR HIDDEN HISTORY RADIO: ISRAELITE SLAVERY IN ANCIENT EGYPT AS NEGROES CHAPTER 2 Part 2	
59vKBKgxDLM		4994	OUR HIDDEN HISTORY RADIO: KEVIN HART WAS RIGHT!! THE EGYPTIANS AND JEWS ARE BLACK!!! CHAPTER 2	
J_TPI5AtvbA		4652	HAMMERTIME: Staying Calm In The Storm	
nzhOYuXCbW0		6750	PRECEPTUPONPRECEPT: THE DESTRUCTION OF THE BLACK MIDDLE CLASS	
3p5hNmK990g		5978	#IUIC​ | FCN : Where Truth Speaks!!	
7bc3mCy_gZ8		7162	Tuesday Night Redemption: Is Your Favorite Food Causing Sickness	
yvJaWSAjDpE		9394	WISDOM CRIETH OUT: No Mo Huevos #PassportBros	
tkNvmGLupZc		5778	LIONZ DEN RADIO SHOW: Who's My Neighbor?	
jk973hudNDY		10480	RAVENING WOLVES RADIO SHOW: Episode 59 - Bitter Wives And Broken Sons	
gSRUnx8ha3U		8302	OUR HIDDEN HISTORY: THE STOLEN GENERATION IN EVERY NATION CHAPTER 1	
UhLmbnKczXw		4489	#IUIC | FCN : Where Truth Speaks!!	
qNrxGXl2cJE		6695	TUESDAY NIGHT REDEMPTION: The Delusion Of Unity In Christmas	
r0TRMJ18Xq8		1779	ITSR: Mob Spirited 2: The Murderous Mafia Mindset	
wQJ8Pghv9Vc		8684	ESCAPING THE PLANTATION 2.0: BLACK WATCH DOGS AND THEIR RED MASTERS	
eWOwF8FHmuM		9038	WISDOM CRIETH OUT: Word On The Street	
EdnhKCeOU7c		6944	LIONZ DEN RADIO SHOW: Current Events	
CGCLrAzTwW8		9788	Patient Saints Radio: December 11, 2022	
CyZm629UjMk		5500	Christianity: Death of A People	
YniQkY5itJk		7767	ESCAPING THE PLANTATION 2.0: JEWISH PEOPLE WANT TO REPLACE US WHILE BLACK CHRISTIANS WANT TO ERA…	
sWmsmbvelbI		8153	WISDOM CRIETH OUT: Monsters and Predators (Pedos)	
H9lj9yzLg_8		8934	(RE-RUN)OUR HIDDEN HISTORY RADIO #Israeli vs #Israelite : The #Nominal vs The #Native | Part 3 |	
emjaWNUu7uI		9781	#IUIC | PATIENT SAINTS RADIO: December 4, 2022	
wGEWowpryHc		23	Niger In African: God's Jew=El Part 2	
PcBHzTVgLzs		10113	FEAST OF DEDICATION: The Fight Between Caucasians and Negroes	
SBAkpAii4J4		6520	PRECEPTUPONPRECEPT: Caucasian Supremacy is the Root: Examine The SPLC One Offshoot	
JWv4vMFb1kU		6938	#IUIC​ | FCN : Where Truth Speaks!!	
IvXq7a2zQAE		6299	TUESDAY NIGHT REDEMPTION: Stand Boldly Before All For Your People	
A88Ifh5_MKE		8338	Wisdom Crieth Out: Israelites Shutdown The Barclay Center #Kyrieisback	
Nw85-S7NTfQ		7266	PATIENT SAINTS RADIO: November 20, 2022	
CuZdv-aZn-g		6636	Be Better Not Bitter	
57Qs9ihTvKs		5878	PRECEPTUPONPRECEPT: AS THEY PREPARE FOR WAR, MAKE YOUR CALLING AND ELECTION SURE PART 2	
vQhx1SVV6Io		7371	Morning Sabbath: Video Game Addiction	
h_oHQWFP92Y		8716	Black Liars Are The Worst	
5SsIMPCfc6w		334	ANNOUNCEMENT From Bishop Nathanyel	
Eoixe1uD1PQ		8782	The Power Hour Plus: A Great Awakening Has Begun: The Israelites Are Standing Up!	
QflUXepW0Zk		5183	LIONZ DEN RADIO SHOW: Current Events	
q77Z3MrxMXc		10890	RAVENING WOLVES RADIO SHOW: Episode 57 - Hebrews to Negroes, Why So Angry?	
QOvpz1WQFGE		9585	#IUIC l OUR HIDDEN HISTORY RADIO SHOW- ISRAELI VS ISRAELITE: THE NOMINAL VS THE NATIVE #KYRIE #YE…	
P0W2YRJY1Ys		9767	#IUIC | PATIENT SAINTS RADIO: November 13, 2022	
BiKOT_0GVnU		261	IUIC | SABBATH MORNING CLASS | THAT MAN OF SIN BE REVEALED	
B_JflILZCW0		1510	It's WAR! (Tune into IUIC Oklahoma)	
DuY64mppLZo		4134	The Gates of Sodom and Gomorrah	
uZCRQCOCfwo		463	#IUIC | THE BIBLE: BOOK OF OUR FATHERS: OUR HIDDEN SUPER POWER REVEALED	
KyQx3AQ9tog		6323	PRECEPTUPONPRECEPT: AS THEY PREPARE FOR WAR, MAKE YOUR CALLING AND ELECTION SURE	
ugosEqC5SMs		6792	#IUIC​ | FCN : Where Truth Speaks!!	
szxEHUnZLZM		9182	The Power Hour Plus: It’s NOT a Black or White thing. It’s an ISRAELITE thing. The light skins speak	
ypBnlP6ekuU		254	#IUIC | The Power Hour Plus: It’s NOT a Black or White thing. It’s an ISRAELITE thing. (The light…	
KfX2y_JFRV0		9823	RAVENING WOLVES RADIO SHOW: Episode 56 - The Fake Jewish Messiah	
EdaqzPdcvXg		8437	#IUIC | Our Hidden History: Israeli vs. Israelite: The Nominal vs. The Native	
Xc_MW-hCZFQ		10183	#IUIC | PATIENT SAINTS RADIO: November 6, 2022	
Ct975FkDVio		15357	#IUIC​ |  Rappers Dying People Crying, Pastors Lying!	
Wai6iHiz_2g		27	#IUIC​ | FIXX YA FACE FRIDAYS | YE AND KYRIE IRVING: THE SILENCING OF THE LAMBS	
Uj-iCvOWW4o		1544	#IUIC​ | THE BIBLE : BOOK OF OUR FATHERS | Freedom From Fear & Bondage (Part 5: Our Deliverance)	
wkcSU8bVNEQ		8549	#IUIC​ | FCN : Where Truth Speaks!!	
vSTC2UUnUK4		7952	#IUIC | THE POWER HOUR PLUS: International Northern Kingdom Blitz Recap	
h27VSgCX5w0		6983	#IUIC | TUESDAY NIGHT REDEMPTION: The Negative Effects of Social Media	
TPk7MTdsMwk		10002	#IUIC | RAVENING WOLVES RADIO SHOW: Episode 55: Freedom Of Speech Does Not Exist	
PQc4epBb6ZU		9112	#IUIC | OUR HIDDEN HISTORY RADIO SHOW-DARK AGES: BLACK CLANS OF EUROPE CHAPTER 8	
3ZONL1kEblc		5932	IUIC# | PRECEPTUPONPRECEPT: WHILE THE JEWISH MEDIA HAS YOU YE DAZZLED TMH IS WORKING HIS PLAN	
DK6Il_QqGbM		6477	#IUIC | TUESDAY NIGHT REDEMPTION: Jew-Wish You Was Us!!!	
eIwAjSTonV8		2840	#IUIC | RAVENING WOLVES RADIO SHOW: Episode 54 - The Haiti Crisis	
rcolnGe4-Y8		7268	#IUIC | RAVENING WOLVES RADIO SHOW: Episode 54 - The Haiti Crisis	
WZHYDRkdMGk		4408	#IUIC | OUR HIDDEN HISTORY RADIO SHOW-DARK AGES: BLACK CLANS OF EUROPE CHAPTER 7	
F8r62phG44c		4344	#IUIC | OUR HIDDEN HISTORY RADIO SHOW-DARK AGES: BLACK CLANS OF EUROPE CHAPTER 7	
TgZ9sNE17p8		8765	#IUIC | PATIENT SAINTS RADIO: October 23, 2022	
MT_vFlptbQs		1275	#IUIC | PATIENT SAINTS RADIO: October 23, 2022	
K4GeIbz_sCQ		5136	#IUIC | PRECEPTUPONPRECEPT: WW3 APPROACHES & BLACK PEOPLE ARE STILL DESTROYED 3	
72CA-taUfjw		7028	#IUIC | FCN : Where The Truth Speaks!!	
FbxEoHRmHXI		6228	#IUIC | TUESDAY NIGHT REDEMPTION: The Sheep And The Goat!!	
dFxmoT8lWEs		527	#IUIC | TUESDAY NIGHT REDEMPTION: The Sheep And The Goat!!	
oCN3uTLnXow		10126	#IUIC | Escaping The Plantation 2.0: Why Should A Man Fear God In Today's Time? Part 2: Amalek Ed…	
sUI492a8YcY		11133	#IUIC I RAVENING WOLVES RADIO SHOW: Episode 53 Will Russia Start WW3	
Xw33pFh4xLU		9802	#IUIC |  PATIENT SAINTS RADIO: October 16, 2022	
4yEwG7DD4fE		6709	#IUIC | FIXX YA FACE FRIDAYS | EDOM IDENTIFIED	
ngs2u3Xkzn8		10906	#IUIC | THE BIBLE: BOOK OF OUR FATHERS | Freedom From Fear & Bondage (Part 2)	
ODvrLznQpYA		5336	#IUIC | PRECEPTUPONPRECEPT: WW3 APPROACHES & BLACK PEOPLE ARE STILL DESTROYED 2	
T7lYXKY_iiU		9202	#IUIC | The Power Hour Plus: Space wars & Ancient Israelites Civilization in the Americas	
xrH3kNQzhnk		6305	#IUIC | TUESDAY NIGHT REDEMPTION: Society Wants Us To Marry Jezebel!!!	
-Z8Cws9_N4w		6604	#IUIC | ITSR: Blinded By Religion (Re-Run)	
Qh4-6Cu9xAg		9493	#IUIC | PATIENT SAINTS RADIO: October 9, 2022	
JqixtK0yym0		10541	#IUIC | SABBATH NOON CLASS: Continue Laboring	
kZuxpqv3LQU		9453	#IUIC | SABBATH MORNING CLASS: Fear and Greed	
fy4RQDqt1Xc		15479	#IUIC | More Face Fixing! Vocab Why?	
_xL9XZ4Cc-g		7743	#IUIC | FIXX YA FACE | CLICK BAIT PART TWO	
VZ2WCUlE7ow		7529	#IUIC | THE BIBLE: BOOK OF OUR FATHERS | Freedom From Fear And Bondage	
bzoGcaD89r0		6759	#IUIC | FCN : Where The Truth Speaks!!	
1Pq-M8aJwV8		7785	#IUIC | The Power Hour Plus: Ecuador Recap and The Virus of White Supremacy (Rerun)	
HEgBKWURYFM		278	#IUIC​ | TUESDAY NIGHT REDEMPTION: Unforgiving Marriages!!	
Jo12l50Wl6o		7095	#IUIC​ | TUESDAY NIGHT REDEMPTION: Unforgiving Marriages!!	
i4WXUhFcU8Y		5413	#IUIC​ | ITSR: Blinded By Religion	
V2L-P05ZmcA		8758	#IUIC​ | PATIENT SAINTS RADIO: OCTOBER 2, 2022	
yKKdyrND6OY		8529	#IUIC​ | SABBATH EVENING CLASS: Holy Hoes	
xr3ImhRwgTY		7267	#IUIC​ | The Bible: The Book of Our Fathers: Family Matters (Rerun)	
UZtNN5RT9T0		10537	#IUIC | PATIENT SAINTS RADIO: TABERNACLES EDITION 2022	
2p0B1gftsNo		6806	#IUIC | THE POWER HOUR PLUS: Northern Kingdom Iconoclasm	
WHLbLo1I_0U		6236	#IUIC | WISDOM CRIETH OUT RADIO SHOW 09-18-2022	
AxF-bSSoYTc		6745	#IUIC | RAVENING WOLVES RADIO SHOW: Episode 52 There’s A Sin Unto Death	
ls88a4QyTYI		8755	#IUIC | OUR HIDDEN HISTORY RADIO SHOW-DARK AGES: BLACK CLANS OF EUROPE CHAPTER 6	
LiaH1fCMERk		6252	#IUIC | PATIENT SAINTS RADIO: September 18, 2022	
9vh91xNM5Qw		3970	#IUIC | PATIENT SAINTS RADIO: September 18, 2022	
4IlXt8UaVpE		5257	#IUIC |  PRECEPTUPONPRECEPT: THE VALVE IS OFF NOW THE E.U. SCRAMBLES	
F6vyMlTiNOs		6481	#IUIC​ | FCN : Where Truth Speaks!!	
3foW91Kh1kE		8040	#IUIC | The Power Hour Plus: Israelite Civilization in Americas: Indigenous Reign	
dJJOHV14vTA		6563	#IUIC | TUESDAY NIGHT REDEMPTION: Witches Of Spiritual Sodom And Gomorrah!!	
O3hZUpqN8II		7199	#IUIC| #ITSR: What The Christian Church Isn't Telling About These Days: Famine & Drought Pt.2	
wr_g7UsVgfQ		9622	#IUIC | OUR HIDDEN HISTORY RADIO SHOW-DARK AGES: SILURIAN RECAP CHAPTER 5	
WdpxUA--eSg		9273	#IUIC | PATIENT SAINTS RADIO: September 11, 2022	
2wXDX9jk_B0		4168	#IUIC | THE BIBLE: BOOK OF OUR FATHERS | The Insanity Of Christianity	
VHgREs4vy_g		381	#IUIC | THE BIBLE: BOOK OF OUR FATHERS | The Insanity Of Christianity	
O6vpA7FLIGA		1474	#IUIC | THE BIBLE: BOOK OF OUR FATHERS | The Insanity Of Christianity	
0Ixd64ekvKs		5407	#IUIC | PRECEPTUPONPRECEPT: RUSSIA WITH THE TURN OF A VALVE	
-juVbBXWH4o		7006	#IUIC​ | FCN : Where Truth Speaks!!	
BV5NT68jsjo		9198	#IUIC | The Power Hour Plus: Israelite Civilizations in Americas: Pinnacle of Empires	
gyEg5D9l4bM		6849	#IUIC | TUESDAY NIGHT REDEMPTION: Why My Lust Always Fail	
54AtNTQxJ-c		3610	#IUIC: ITSR: What The Christian Church Isn't Telling About These Days: Famine & Drought	
U-9O9g0nHvQ		5856	#IUIC | OUR HIDDEN HISTORY RADIO SHOW-DARK AGES: SOLOMON AND IBERIAN TRAVELS CHAPTER 4	
7Tg0XqHFI6U		9822	#IUIC | PATIENT SAINTS RADIO: September 4, 2022	
kDcJ9hjtXSk		5647	#IUIC | FIXX YA FACE: Current Events and TikTok Prophets	
cIw-RETFs6E		7281	#IUIC | THE BIBLE BOOK OF OUR FATHERS: Good Economics Or Programmed Degeneration	
wiQiPrPW7BQ		6566	#IUIC​ | FCN : Where Truth Speaks!!	
zYbJOF_kJOw		8320	#IUIC | THE POWER HOUR PLUS: They came before Colombus: The Israelite Civilizations of The Americas	
oslXhJ5_JGM		6475	#IUIC | TUESDAY NIGHT REDEMPTION: Mind Your Discipline	
BbQz3V-0Ifw		7202	#IUIC | ITSR: Thotism & Preterism Go Hand in Hand	
IF9JwE1iuvA		6495	IUIC || WISDOM CRIETH OUT 8/28/2022	
DF6kslYcS8Q		5283	#IUIC | LIONZ DEN RADIO SHOW: Monsters Among Us	
czr5oSu7pbA		9649	#IUIC | OUR HIDDEN HISTORY RADIO SHOW-DARK AGES: SOLOMON AND IBERIAN TRAVELS CHAPTER 3	
YFlI1kI_8gI		7112	#IUIC | THE BIBLE: BOOK OF OUR FATHERS | Judges 5:11	
8sI3r-0AdUQ		5866	#IUIC | PRECEPT UPON PRECEPT: AFTER MEN'S CONFERENCE: REJUVENATED & REDEDICATED	
yaTL6DGZOx0		5950	#IUIC​ | FCN : Where Truth Speaks!!	
sI4lNhHQoLk		8764	#IUIC | The Power Hour Plus: They Came Before Columbus, Israelites Discovered The Americas	
4EKTGGtrscM		6704	#IUIC | TUESDAY NIGHT REDEMPTION: We Are Not Free	
3JRwYkcGimA		7160	#IUIC | ITSR: Grace, Mercy & The Wrath of God (Rerun)	
bBrbS_xXRcA		7694	#IUIC | PATIENT SAINTS RADIO: August 21, 2022	
dlFrjKswX6s		7025	#IUIC | TUESDAY NIGHT REDEMPTION: In Everything Is A Season	
kmDDzqVyEJ8		10411	#IUIC | RAVENING WOLVES RADIO SHOW: Episode 51 - The King	
xfD0eLNv1ow		9937	#IUIC | OUR HIDDEN HISTORY RADIO SHOW-DARK AGES: THE BEGINNING CHAPTER 2	
CQ-rEukckTY		2482	#IUIC |  PATIENT SAINTS RADIO: August 14, 2022	
idJiCD-fQmY		7400	#IUIC |  PATIENT SAINTS RADIO: August 14, 2022	
Q4qrTy2ZYvI		8714	#IUIC | The Power Hour Plus: Ecuador Recap and The Virus of White Supremacy	
l37DBieFbD4		7035	#IUIC | TUESDAY NIGHT REDEMPTION: Make The Healthy Choice	
WP_BVLAYm0g		6715	#IUIC | WISDOM CRIETH OUT RADIO SHOW 8/7/2022	
rYLnOS0CaBA		10913	#IUIC | RAVENING WOLVES RADIO SHOW: Episode 50 - Is God & Christ A Racist?	
AIfvBJXt6oc		9134	#IUIC | (RE-RUN) OUR HIDDEN HISTORY RADIO SHOW-DARK AGES: THE BEGINNING CHAPTER 1	
SM4ek4h0BJk		1821	#IUIC | PATIENT SAINTS RADIO: August 7, 2022	
UOhLOH3FTKw		405	#IUIC | PATIENT SAINTS RADIO: August 7, 2022	
V6E1Dt1vcO0		7048	#IUIC | PATIENT SAINTS RADIO: August 7, 2022	
owR8LnDQmZM		5810	#IUIC | PRECEPT UPON PRECEPT: RUSSIA & CHINA THE PLOT THICKENS	
ix-Unc1e6Yo		6248	#IUIC | THE POWER HOUR PLUS: From Boys to Men: The Talk Every Black and Latino Male Needs (RE-RUN)	
MuRaNSUA1Bw		6868	#IUIC | ITSR: Does Morality Exist In Christianity? Antinomianism and Legalism	
UIHyHzFgCvg		7904	#IUIC |  WISDOM CRIETH OUT RADIO SHOW 7-31-2022	
EvVY-QZqoxo		9788	#IUIC | PATIENT SAINTS RADIO: July 31 2022	
MtlS8uLwn3U		12284	#IUIC | THE BIBLE: BOOK OF OUR FATHERS | The Numbing Effect Of Christianity Upon The Black Minds!…	
W1IyOme9rBU		7833	#IUIC | PRECEPT UPON PRECEPT: The Agenda: Make The Book a Weapon to this Society	
R1fK8UQ1ExM		5434	#IUIC​ | FCN : Where Truth Speaks!!	
7zSpXVzs9u0		6930	#IUIC | TUESDAY NIGHT REDEMPTION: Who's Watching You In This Truth?	
f3gHkwbSc8s		6788	#IUIC | ITSR: Exposing the Layers of Christianity & Land Grabbing	
yKRFFmW8JVo		10938	#IUIC | RAVENING WOLVES RADIO SHOW: Episode 49 - Pagan Christianity	
N-pTbZFcNOI		9141	#IUIC | OUR HIDDEN HISTORY RADIO SHOW-DARK AGES: THE BEGINNING CHAPTER 1	
AE3NCJj2cJE		10054	#IUIC | PATIENT SAINTS RADIO: July 24, 2022	
oC9lh61n9Gw		6808	#IUIC | PRECEPT UPON PRECEPT: GINO WHY YOU ALWAYS LYING?	
8PJCAaw7jLQ		7154	#IUIC​ | FCN : #GINO #JENNINGS IS A #LIAR AND THE TRUTH IS NOT IN HIM!!	
avS4quIR4QQ		8494	#IUIC | POWER HOUR PLUS: Social Engineering: Man Made Upright But We Have Sought Out Many Inventi…	
Kce2_5XhbBM		2988	#IUIC | TUESDAY NIGHT REDEMPTION: Trinity and Christianity: Doctrines That Don't Match Up	
w-d6DMUBJkk		2528	#IUIC | TUESDAY NIGHT REDEMPTION: Trinity and Christianity: Doctrines That Don't Match Up	
wBWTMvNa9Nw		7148	#IUIC | Pastor Gino Jennings: Christian Hypocrites And Haters of God!!!	
zFYDv_cDdZs		9855	#IUIC | MAN UP MONDAYS: Hypocrisy	
2kYcs5nZcBM		11165	#IUIC l RAVEN WOLVES RADIO SHOW: Episode 48 - The Anti Christ	
6YzUE8uF_P4		8722	#IUIC | PATIENT SAINTS RADIO: July 17, 2022	
uPZqSK-sleo		6261	#IUIC | TUESDAY NIGHT REDEMPTION: Have You Really Changed?	
62II6rXlbWc		7047	#IUIC | ITSR: Preparing for the Future of Babylon (Re-Run)	
8MDY_i8X0Us		9065	#IUIC |Times of the Gentiles: Death of the Disciples and Birth of Christianity Chapter 40 (RE-RUN)	
RNfsFOqU5JY		553	#IUIC | PATIENT SAINTS RADIO: July 10, 2022	
fHpy27xDrqw		453	#IUIC | SABBATH NOON CLASS: Kicking Against The Pricks The Vain Fleshly Mind	
TRD78C06Od4		8156	#IUIC | THE FIRST DOMINION: GROW TOGETHER OR BURN ALONE	
nMHUQzXvnuM		8578	#IUIC | THE POWER HOUR PLUS: Unplug From The Social Constructs of Christianity	
o6-zjDr7nwA		6670	#IUIC | Tuesday Night Redemption: Who is Jesus Christ? Is He on Earth?	
_26ixlT1g4w		7070	#IUIC | ITSR: Preparing for the Future of Babylon	
xLWIeDc1M0o		9152	#IUIC | OHH RADIO SHOW-TIMES OF THE GENTILES: RISE OF ROME DEATH OF THE DISCIPLES AND THE BIRTH O…	
8PPE22I5-p0		7951	#IUIC | THE POWER HOUR PLUS: Social Engineering: Don’t let your “PRIDE” get you eternal DAMNATION	
DNpDTl9XCVY		7078	#IUIC | ITSR: The Black Woman And the End of Christian America	
e15Hr9xWfm4		7088	#IUIC |Times of the Gentiles: Death of the Disciples and Birth of Christianity Chapter 39 (RE-RUN)	
vMFxToaI1wc		8503	#IUIC | PATIENT SAINTS RADIO: June 26, 2022	
j2KeaSN6YO8		6575	#IUIC​ | FCN : Where Truth Speaks!!	
y9_Te4MTQXc		8417	#IUIC | Times of the Gentiles: Death of the Disciples and Birth of Christianity Chapter 39 (RE-RUN)	
B2T6-XK8Nr0		8351	#IUIC | PATIENT SAINTS RADIO: June 19, 2022	
jx7j1J4hb8I		3047	#IUIC | FCN: Where Truth Speaks!	
l44xYGYYDI8		8047	#IUIC | THE POWER HOUR PLUS: Roe vs Wade vs God (replay)	
MEFXUynZeKc		11039	#IUIC​ | THE BIBLE : BOOK OF OUR FATHERS | Freedom From Fear & Bondage (Part 5: Our Deliverance)	
nNqoqJcB57A		6542	#IUIC | PRECEPT UPON PRECEPT: PLANDEMIC CONTINUES	
JS_uhUEWkGM		8442	#IUIC |OHH RADIO SHOW- TIMES OF THE GENTILES: RISE OF ROME DEATH OF THE DISCIPLES AND THE BIRTH O…	
jrBKqWLYXQA		231	#IUIC | PATIENT SAINTS RADIO: June 12, 2022	
eZz6jAMPxTQ		1102	#IUIC | PATIENT SAINTS RADIO: June 12, 2022	
B2maFK4zqAM		7220	#IUIC | THE BIBLE: BOOK OF OUR FATHERS | America Which Is Babylon The Foundation Of Killing Fields	
Chad5OXbkR8		6404	#IUIC | PRECEPT UPON PRECEPT: GAS PRICES, GENDER & GUNS BABYLON IS FALLING	
XxTHOYX5MvY		6349	#IUIC​ | FCN : Where Truth Speaks!!	
b7Y1bUh8x9M		2381	#IUIC | The Power Hour Plus: The Truth In Hollywood	
aG3vmONTnp8		6309	#IUIC | ITSR: Grace, Mercy, & The Wrath of God part 2	
HN5IqKBu1gM		7135	#IUIC | OHH RADIO SHOW- TIMES OF THE GENTILES: RISE OF ROME DEATH OF THE DISCIPLES AND THE BIRTH …	
wnWS87G4bgc		9907	#IUIC | PATIENT SAINTS RADIO: June 5, 2022	
1ZKNaSqc0GM		7407	#IUIC | THE BIBLE: BOOK OF OUR FATHERS | WOE TO YOU PASTORS	
7exeFNoF56M		7408	#IUIC | PRECEPT UPON PRECEPT: SINISTER SYSTEM OF OPPRESSION	
7bIdzIG9110		7107	#IUIC​ | FCN : Where Truth Speaks!!	
H_FWLRkagCg		8567	#IUIC | POWER HOUR PLUS: Social Engineering: The White Mans Plot To Keep You In Sin	
zLVU5zzY1AA		6933	#IUIC | Tuesday Night Redemption: Submission From Proverbs!	
8pE_EUKNk24		5951	#IUIC | ITSR: Grace, Mercy, & The Wrath of God	
bXRHgh6OFFo		8448	#IUIC |OHH RADIO SHOW- TIMES OF THE GENTILES: RISE OF ROME (DEATH OF THE 12) CHAPTER 37	
ugDI75hHHlo		7981	#IUIC | PATIENT SAINTS RADIO: May 29, 2022	
di0nGLRwvhk		4927	#IUIC | Fixx Ya Face Fridays | When The Jig Is Up?!	
EyuqXSUGo4U		11537	#IUIC | THE BIBLE: BOOK OF OUR FATHERS | Decadence, Hatred And Judgement (Part 2)	
FUII0wwy78o		6333	#IUIC | PRECEPT UPON PRECEPT: MASS SHOOTINGS: THE LORD MUST BRING AFFLICTION	
Ax2-Nn5SPPI		777	#IUIC​ | FCN : Where Truth Speaks!!	
XuKRMX0Kdjk		5722	#IUIC​ | FCN : Where Truth Speaks!!	
hX-ZgtS3WlA		7412	#IUIC | POWER HOUR PLUS: Social Engineering: Man made upright but we have sought out many Inventions	
YyocR9Ao3WU		5010	#IUIC | Tuesday Night Redemption: Discipline is the Hardest Part	
uYNDYWSrPRc		5951	#IUIC | PENTECOST:  An Unadvisable Soul Shall Suffer Great Loss	
6-JaxZTXkKk		2348	#IUIC | PENTECOST:  An Unadvisable Soul Shall Suffer Great Loss	
VrhCABjP09Q		9905	#IUIC | PATIENT SAINTS RADIO: May 22, 2022	
zYq5rQviyjs		6566	#IUIC | Fixx Ya Face Fridays! : Current Events	
K3h-YMZ9BLE		6688	#IUIC​ | FCN : Where Truth Speaks!!	
J3_UWrJIbgU		7241	#IUIC | Tuesday Night Redemption: Marriage is a Duty	
ERsF5LH5F-4		7341	#IUIC | WISDOM CRIETH OUT: Pastor Depreciation PT2	
zHGHDJRtfK8		10076	#IUIC | RAVENING WOLVES RADIO SHOW: Episode 46 - War On Christianity	
ZYC1buRYG-U		7710	#IUIC | OHH RADIO SHOW- TIMES OF THE GENTILES: RISE OF ROME THE HERODS/12 DISCIPLES CHAPTER 36	
pb8fCrVDkB0		7594	#IUIC | THE BIBLE: BOOK OF OUR FATHERS | The Unionized Scientific Oppression Of The Blacks, Hispa…	
z3jTVBWGERE		5851	#IUIC | PRECEPT UPON PRECEPT: BLACK WOMEN MUST BE HELD ACCOUNTABLE	
Xq6gqvb523M		6915	#IUIC​ | FCN : Where Truth Speaks!!	
Ilo8LD45Vgs		8057	#IUIC | THE POWER HOUR PLUS: Roe vs Wade vs God	
AwTNO6ytGvU		3730	#IUIC | Tuesday Night Redemption: Correction Doesn't Stop	
reiQ8k5MWug		7206	#IUIC | Lawless Apologetics and the Image of God	
NLqxKVNCW3A		7906	#IUIC | OUR HIDDEN HISTORY RADIO SHOW- TIMES OF THE GENTILES: RISE OF ROME (THE HERODS) CHAPTER 35	
g-J1U0tRdck		9744	#IUIC | PATIENT SAINTS RADIO: May 8, 2022	
RvVqnn_OIZ4		7524	#IUIC | THE BIBLE: BOOK OF OUR FATHERS | Israelites, Hard Headed, Hateful, As Hell (Part 3)	
DaPkuuMImJU		6532	#IUIC | PRECEPT UPON PRECEPT: EAST BEASTS TEENAGE CARJACKERS	
0WincK56XSU		3569	#IUIC​ | FCN : Where Truth Speaks!!	
W49sDDQ-e_w		7262	#IUIC | The Power Hour Plus: Modern Oppression of Gad & The Cinco De Mayo Deception	
9IEAWT3Vtu4		6248	IUIC | TUESDAY NIGHT REDEMPTION: Knowledge Puffeth Up, Charity Edifieth	
vGaenY-hFAI		10610	#IUIC l RAVENING WOLVES RADIO SHOW: Episode 45 - Nuclear War Palestinian, Iran, and Israel Conflict	
CnknT6oZm-4		9779	IUIC | PATIENT SAINTS RADIO: May 1, 2022	
UlohkoUypSY		7464	#IUIC | THE BIBLE : BOOK OF OUR FATHERS | Israelites Hardheaded, Hateful, as Hell! (Part 2)	
7HJwH7M_x7Y		7401	#IUIC | The Power Hour Plus: Lies My Pastor Taught Me Pt. 2: What Happened To The Natives?	
OD7dLLKzM7A		5399	#IUIC | Tuesday Night Redemption: This Life is Temporary!	
_E2OIQB5HXQ		7076	#IUIC | ITSR: Miscegenation: Evidence of The Curses	
espil-W7HtE		9555	#IUIC | OUR HIDDEN HISTORY RADIO SHOW- TIMES OF THE GENTILES: RISE OF ROME (THE HERODS) CHAPTER 33	
rsahNroMvdc		10013	#IUIC | PATIENT SAINTS RADIO: April 24, 2022	
s6eeAqdXH0s		7519	#IUIC | THE BIBLE: BOOK OF OUR FATHERS | ISRAELITES, HARD HEADED, HATEFUL, in HELL	
pIDl47lzaww		6535	#IUIC | PRECEPT UPON PRECEPT: OUR LIVES HAVE NO VALUE TO OUR ENEMIES	
wAn2Bmhsr_E		5323	#IUIC​ | FCN : Where Truth Speaks!!	
oV5uLJOBV_A		8472	#IUIC | THE POWER HOUR PLUS: Examining Christ's Crucifixion (Replay)	
TtIi0-7KLzQ		6846	#IUIC | TUESDAY NIGHT REDEMPTION: The Thoughts Of The Wicked	
ru6dRmjLeb4		7180	#IUIC | ITSR: Pagan Wine: We Lust for Lies	
6wJ-FOK9q0o		10217	#IUIC | RAVENING WOLVES RADIO SHOW: Episode 44 - God Will Give Us Reparations	
tU-cJDSG0OU		8580	#IUIC | OUR HIDDEN HISTORY RADIO SHOW- TIMES OF THE GENTILES: RISE OF ROME (GALATIANS  PT. 2) CHA…	
vBMK0Mz_geM		9239	#IUIC | PATIENT SAINTS RADIO: April 17, 2022	
CoO5K_MPDe8		3385	#IUIC | Yo Benzino, Check Out What We Know!	
_K-_jFcMVPI		9019	#IUIC | Yo Benzino, Check Out What We Know!	
S_YR_Iwq0Mk		7324	#IUIC | THE BIBLE: BOOK OF OUR FATHERS | The Unionized Scientific Oppression Of The Black, Hispan…	
0JYOwll_8zY		6093	#IUIC | PRECEPT UPON PRECEPT: DESTROYING EASTER AND IT'S PAGAN GARBAGE	
37LVmJtKUmo		7661	#IUIC | The Power Hour: Lies my Pastor Taught me, Holy Week, Easter and the Passion of christ	
jiERduzzeaA		4035	#IUIC | TUESDAY NIGHT REDEMPTION: Take Heed Lest Ye Fall	
UOzaRoa_3Es		7124	#IUIC | ITSR : House of Pain Order is The Medicine	
Rgvagj-KH1E		7236	#IUIC |OUR HIDDEN HISTORY RADIO SHOW- TIMES OF THE GENTILES: RISE OF ROME (GREECE RECAP) CHAPTER 31	
dblBvWClvYE		3030	#IUIC | PATIENT SAINTS RADIO: April 10, 2022	
xe_NJkh5VmA		4607	#IUIC | PATIENT SAINTS RADIO: April 10, 2022	
cSqltpCxo5I		794	#IUIC | PATIENT SAINTS RADIO: April 10, 2022	
6G2YOYmDBKY		12466	#IUIC | After The Passover	
uDbOkicurSE		7532	#IUIC | THE BIBLE: BOOK OF OUR FATHERS | The Unionized Scientific Oppression Of Black, Hispanics,…	
0r5Y6KuDf9w		7829	#IUIC | THE POWER HOUR:  Passover Commentary, Removing The Leaven	
9ZKXHDbl4nI		6927	#IUIC | TUESDAY NIGHT REDEMPTION: What Nourisheth Man	
lExn4DLTUJQ		7264	#IUIC | ITSR : Shameless Youth: We Steal Kill and Destroy Ourselves	
pGIJsFwPYiY		3914	#IUIC | PASSOVER SABBATH CLASS: QUESTION AND ANSWER	
bCWGICYmvRs		17634	#IUIC | #NEVERGIVEUPNEVERGIVEIN #Passover2022	
nuAaOcTvADU		4602	#IUIC | Passover 2022	
U7GztGExxpo		41	#IUIC | Passover 2022	
HPlmD6Ka0KQ		5159	#IUIC | Passover 2022 Fashion Show	
e-R_iA6DJXs		6392	#IUIC | TUESDAY NIGHT REDEMPTION: Here A Little, There A Little	
OK-SnfiChaw		7746	#IUIC | OUR HIDDEN HISTORY RADIO SHOW- TIMES OF THE GENTILES GREECE: RISE OF ROME (GREECE RECAP) …	
ntL3mDmfrVo		9549	#IUIC | PATIENT SAINTS RADIO: w/ Special Guest: Jesse Lee Peterson #Amazing!	
m0vIyxrdBQE		213	#IUIC | PATIENT SAINTS RADIO: March 27, 2022	
_O2Eaqywyy4		13048	#IUIC | Why Can't We Be Friends?	
N4SBK7BkoNY		7473	#IUIC | THE BIBLE: BOOK OF OUR FATHERS | FOR HER SINS HAVE REACHED UNTO HEAVEN	
gQbO12_hcDk		6766	#IUIC​ | FCN : Where Truth Speaks!!	
A1hIyF0_8mo		8145	#IUIC | THE POWER HOUR: Recap Of Interview With Dr. Johanna Fernandez On The Young Lords History	
kMzR1GqR_Ik		10225	#IUIC| RAVENING WOLVES RADIO SHOW: Episode 41 - Will NATO Be Dismantled?	
WFpXkBjSUtA		8550	#IUIC| OUR HIDDEN HISTORY RADIO SHOW- TIMES OF THE GENTILES GREECE: THE HASMONEANS CHAPTER 29	
kpt3n4ASny0		16927	#IUIC | Preparing For The Passover	
XQQMWoHWe9Q		7359	#IUIC | THE BIBLE: BOOK OF OUR FATHER | Famine, Pestilence, & Earthquakes the beginning of sorrow…	
XQqQpDkUi3A		6046	#IUIC | PRECEPT UPON PRECEPT: IT ALL STARTS WITH THE PRICE OF GAS 2	
1KF6y0t67Oc		6062	#IUIC​ | FCN : Where Truth Speaks!!	
QtTSe8xTT5g		6473	#IUIC | TUESDAY NIGHT REDEMPTION: Woe	
xyB8Y5bYSVA		8121	#IUIC | RAVENING WOLVES RADIO SHOW: Episode 40 - Did Ukraine Count The Cost	
iBTWvO6gqZI		8561	#IUIC | OUR HIDDEN HISTORY RADIO SHOW-TIMES OF THE GENTILES GREECE: THE HASMONEANS CHAPTER 29	
AhTy8mkH5kc		3312	#IUIC | PATIENT SAINTS RADIO: March 13, 2022	
iq6RYnEgJUg		14838	#IUIC | The Biggest Liars!	
qou0cC6tZ1o		5716	#IUIC | FIXX YA FACE Fridays!: The Bewitching of Christianity	
Toe4Y-vhaGI		5057	#IUIC || Hammer Time : Strive To Have A Good Name	
i48wcIQlsho		7464	#IUIC | THE BIBLE: BOOK OF OUR FATHERS: And To Put No Confidence In This Place	
l20kRRVfwgM		6239	#IUIC | PRECEPT UPON PRECEPT: IT ALL STARTS WITH THE PRICE OF GAS	
MeVpht7KJtM		7025	#IUIC​ | FCN : Where Truth Speaks!!	
yaepTSdYhtg		7940	#IUIC | THE POWER HOUR: Interview w/ Johanna Fernandez Author of The Young Lords: A Radical History	
v3LPlo1TVos		7315	#IUIC | OUR HIDDEN HISTORY RADIO SHOW-TIMES OF THE GENTILES: FALL OF THE HASMONEANS CHAPTER 28	
L4xherxE994		9532	#IUIC | PATIENT SAINTS RADIO: March 6, 2022	
1u9mPNONmFo		16146	#IUIC | God Is Not Mocked	
ZhNGzfHwvlk		6987	#IUIC | THE BIBLE: BOOK OF OUR FATHERS | THE UNIONIZED SCIENTIFIC OPPRESSION OF BLACK HISPANICS A…	
DpWh65LlfyI		5609	#IUIC | PRECEPT UPON PRECEPT: MORE FORGOTTEN BLACK INVENTORS	
IZieOoHDiyo		6642	#IUIC​ | FCN : Where Truth Speaks!!	
5G91b3siaN8		2942	#IUIC | WISDOM CRIETH OUT RADIO SHOW: 02-27-2022	
PcMNuiuYH84		1139	#IUIC | WISDOM CRIETH OUT RADIO SHOW: 02-27-2022	
a8QiL_WDQRY		4982	#IUIC | WISDOM CRIETH OUT RADIO SHOW: 02-27-2022	
DmsyGtNnPTk		9484	#IUIC | RAVENING WOLVES SHOW: Episode 39 - Russia Vs. Ukraine Crisis	
dBIxkFTulz4		8575	#IUIC | OUR HIDDEN HISTORY RADIO SHOW-TIMES OF THE GENTILES GREECE: THE HASMONEANS CHAPTER 27	
wG8VavQIGjs		9990	#IUIC | PATIENT SAINTS RADIO: February 27, 2022	
kJc2WJ8fbqY		15825	#IUIC | Will The Russia Ukraine War Affect My Life???	
HmjinhjYRXA		7286	#IUIC | FIXX YA FACE FRIDAY: The Beast Is Alive!	
UIbHTq7AU1Y		5157	#IUIC | HAMMER TIME: And Such Were Some Of You	
YR0TBLqVw-0		7417	#IUIC | THE BIBLE: BOOK OF OUR FATHERS | Then Shall His Mind Change (Part 4)	
85YCbSQhEeg		6742	#IUIC | PRECEPT UPON PRECEPT: FORGOTTEN BLACK INVENTORS	
Q59-nNKAJXQ		6670	#IUIC​ | FCN : Where Truth Speaks!!	
aRQXZJ18UU4		9468	#IUIC | The POWER HOUR PLUS: Black and Brown Men, We Need To Talk!	
xhLOvAm8tLg		9035	#IUIC | WISDOM CRIETH OUT RADIO SHOW: 02-20-2022 PREMIERE SHOW!!	
rR_eIae-fZU		8346	#IUIC | OUR HIDDEN HISTORY RADIO SHOW-TIMES OF THE GENTILES GREECE: THE HASMONEANS CHAPTER 26	
SkNFu7Vc-oI		9274	#IUIC | PATIENT SAINTS RADIO: February 20, 2022	
iNQSMSkN5OI		7672	#IUIC | SABBATH AFTERNOON CLASS: BLACK CULTURE A COVENANT WITH HELL	
7Rrn7TyG1fw		8569	#IUIC | SABBATH NOON CLASS: WHAT IS YOUR BELIEF	
p3YOxirsawE		7520	#IUIC | SABBATH MORNING CLASS: CHRIST IN THE VOLUME OF THE BOOK	
yez24qhatgg		13222	#IUIC | Can I Save My Family Members?	
Eos_KZk85iE		4741	#IUIC | HAMMERTIME: Follow The Leader - Rehearsing The Righteous Acts	
-w65lOjF61w		8006	#IUIC | PATIENT SAINTS RADIO: June 12, 2022	
mEcJJj79JuE		12797	#IUIC | PASSOVER SABBATH CLASS: IDOLS AND FIRE	
U_VuYh-6u4s		5597	#IUIC | PATIENT SAINTS RADIO: March 13, 2022	
tN3ux_jADyQ		7311	#IUIC | THE BIBLE : BOOK OF OUR FATHERS | Then Shall His Mind Change (Part 3)	
pnATaclxdds		5854	#IUIC | PRECEPT UPON PRECEPT: #Black History - The Robert Smalls Story 2	
ti3uQkabt4Q		7491	#IUIC​ | FCN : Where Truth Speaks!!	
R1S4Oidqtzc		5261	#IUIC | WOTW LIVE | EPISODE 6!!!	
us3I8eE6iUc		6566	#IUIC | NEW MOON: Are You Saved?	
FV75550XrDA		3618	#IUIC | TUESDAY NIGHT REDEMPTION: The Alpha Male (Part 2)	
IsfH24kmUOI		8482	#IUIC | OUR HIDDEN HISTORY RADIO SHOW-TIMES OF THE GENTILES GREECE: THE HASMONEANS CHAPTER 25	
ah0WAsRpJh8		9056	#IUIC | SABBATH AFTERNOON CLASS: Humility: God Resisteth The Proud	
U3MuK-lsRNQ		7881	#IUIC | SABBATH NOON CLASS: WHAT YOU NEED TO KNOW BEFORE THEY LET THE BOMBS GO!!	
9Jw69eETDPQ		9782	#IUIC |SABBATH MORNING CLASS: 1 DAY WITH GOD UNCHAINED	
-CnIzBhPpfQ		11478	#IUIC | Only Christ Can Save You!	
w_xbs4pb6OY		7136	#IUIC | Fixx Ya Face | Lionz Den Radio: Current Events	
jiOlkm_ESjw		3850	#IUIC | HAMMERTIME: The Alpha Male	
BngapvOJvzc		7388	#IUIC | THE BIBLE : THE BOOK OF OUR FATHERS | Then Shall His Mind Change (Part 2)	
IlIKA0b4OGA		5451	#IUIC | PRECEPT UPON PRECEPT: #Black History - The Robert Smalls Story	
nC-Z-9rfiX8		6957	#IUIC​ | FCN : Where Truth Speaks!!	
t3hFTDXrti4		8893	#IUIC | THE POWER HOUR PLUS: Spiritual Fathers, Come Out From Among Them	
XbYoCs8hU9s		7168	#IUIC | TUESDAY NIGHT REDEMPTION:  A Good Woman Will Never Change	
btepTcfsk6U		9208	#IUIC | OUR HIDDEN HISTORY RADIO SHOW-TIMES OF THE GENTILES GREECE: THE HASMONEANS CHAPTER 24	
7_M6Eqxc9Sc		9132	#IUIC | PATIENT SAINTS RADIO:  February 6, 2022	
xrn507LyUiU		14310	#IUIC | SABBATH EVENING CLASS: Are You In A Cult?	
GlqLw9eS32o		9096	#IUIC | SABBATH AFTERNOON CLASS: Unapologetic	
WsdoGVOL2W0		9892	#IUIC | SABBATH NOON CLASS: BASTARDS	
-2ZMrELI8Bw		7281	#IUIC | SABBATH MORNING CLASS: When The Times Of Refreshing Shall Come	
mVEHjwBQbxc		12787	#IUIC | Your Black History Month Is Wack History Month	
0cZx5yQfuxA		7102	#IUIC | FIXX YA FACE: Lionz Den Radio - Can I Work For You Massa	
UtSPscZlOdQ		7212	#IUIC | THE BIBLE: BOOK OF OUR FATHERS: Then Shall His Mind Change	
ubEEat4kMmU		6233	#IUIC | PRECEPT UPON PRECEPT: Wars & Rumors of War Part 3	
CxXQgjbJ4Qw		9056	#IUIC | THE POWER HOUR PLUS: Where are the strong Black and Latino men?	
821tjRn3rQI		8925	#IUIC|OUR HIDDEN HISTORY RADIO SHOW-TIMES OF THE GENTILES GREECE: THE HASMONEANS CHAPTER 23	
a0OGpeZeRkc		10373	#IUIC | PATIENT SAINTS RADIO: January 30, 2022	
TUyjVHb-Mok		14949	#IUIC | SABBATH EVENING CLASS: Jacob's Trouble - Darkness In The Seat Of The Beast	
vStJkxU-Gz8		8300	#IUIC | SABBATH NOON CLASS: The Trial Time	
CIFqc95ssu4		8058	#IUIC | SABBATH MORNING CLASS: Romans Chapter 8 Explained	
RMYCLhrbuWc		11161	#IUIC | Biden Wants A Black Woman On The Supreme Court Justice! Why?	
NNuLP2qwdpM		7240	#IUIC |FIX YA FACE FRIDAY: Current Events	
T_mnPbBhkOI		7261	#IUIC | THE BIBLE: BOOK OF OUR FATHERS: The Responsibility Of Excellence	
Yd4Z_ISePwk		5891	#IUIC | PRECEPT UPON PRECEPT: Wars & Rumors of War Part 2	
C2kYRBvKwcQ		7729	#IUIC​ | FCN : Where Truth Speaks!!	
-yXtpZ05ea0		9999	#IUIC | THE POWER HOUR PLUS: The Bible is Truer than True!	
ftJmYAHg7LY		7101	#IUIC | TUESDAY NIGHT REDEMPTION: Egypt Repeats Itself	
Lhsk6HRryGw		9120	#IUIC | RAVENING WOLVES SHOW: Episode 38 - Coping With The Plague	
DxzwRPgXT9M		8803	#IUIC | OUR HIDDEN HISTORY RADIO SHOW - TIMES OF THE GENTILES: GREECE CHAPTER 22	
Qv3poXL6Vq4		11964	#IUIC | SABBATH EVENING CLASS: Empires From Assyria To Persia Pt. 2	
Y_BtqnIoAj0		8000	#IUIC | SABBATH AFTERNOON CLASS: Jacobs Trouble - The Rise & Affliction Of God's People	
RQYulf4TF-Q		8932	#IUIC | SABBATH NOON CLASS: The Prophets	
XxFnkpPbO4o		11635	#IUIC | Vengeance Is Mine!	
4qpqPENLRbM		7128	#IUIC | THE BIBLE: BOOK OF OUR FATHERS: Nation Building In Full Effect Part 2	
Q1pdZDGO1QA		5318	#IUIC | PRECEPT UPON PRECEPT: Wars & Rumors of Wars	
BCqM2aecGuk		7420	#IUIC​ | FCN : Where Truth Speaks!!	
CfC9D-v8QdQ		7734	#IUIC | THE POWER HOUR: Is Midnight Upon Us? The World Has Lost it's Youth and the Times Wax Old	
USH3dAguxjs		6322	#IUIC | New Moon: When Your Life Is A Living Hell Part 2	
iT9pifoQV4A		3679	#IUIC | WEDDING FEAST: House of Officer Reuben- January 16, 2022	
Y42tk-yX0l0		9343	#IUIC | PATIENT SAINTS RADIO: January 16, 2022	
qzGhI1dzFQA		11784	#IUIC | SABBATH EVENING CLASS: Empires Pt.1 - From Assyria to Persia	
YPovq68UUJc		9111	#IUIC | SABBATH AFTERNOON CLASS: Life Issues When Your Life Is A Living Hell	
ed69G16Gl_Y		7670	#IUIC | SABBATH NOON CLASS: Fear Cannot Stop The Truth	
KLTtU_3huMw		7604	#IUIC | SABBATH MORNING CLASS: The Controversy Over Jesus Christ: Then And Now	
TpOfrsvk7Uw		15996	#IUIC | If You Stay Depressed You Won't Get Blessed	
UX0pS3rB8Dg		4449	#IUIC | Hammertime: Yep, Another Marriage Class - The Mystery Thereof	
vO9yaheGpNo		7323	#IUIC | THE BIBLE BOOK OF OUR FATHERS: Nation Building In Full Effect	
QLJrfqvwo_c		4093	#IUIC | WRITING'S ON THE WALL RADIO SHOW EPISODE 1	
gvEKJ4JaBTE		8217	#IUIC | THE POWER HOUR PLUS: From Boys to Men: The Talk Every Black and Latino Male Needs Continued	
vRNh6fJjKi8		2175	#IUIC | WEDDING FEAST - HO Officer Ephraim	
yx51FrrFqWc		6713	#IUIC​ | FCN : Where Truth Speaks!!	
UUgCJ9V5Xz4		257	#IUIC | 2021 - New Year, Same Oppression	
fRmaWUNOw6c		4972	#IUIC |HAMMER TIME: Fooled Into Worshipping Lies!	
Qf8Dg1ywsnw		7125	#IUIC | THE BIBLE: BOOK OF OUR FATHERS: An Academic Holocaust	
kVluQCbqxo8		7530	#IUIC | OUR HIDDEN HISTORY RADIO SHOW: Times of the Gentiles: Greece Chapter 19 (Re-run)	
aijmA2A4ACA		10014	#IUIC | Christmas Is Fun! So Why Is It Bad?	
exgRv60ZGcM		7684	#IUIC | THE BIBLE: BOOK OF OUR FATHERS: The Fear of Nation Development	
0PWVHGYczJ8		16582	#IUIC | Do Not Throw Away Your Inheritance	
203IeFOxDis		6283	#IUIC | Fixx Ya Face Fridays! : What A Wonderful World!	
1X-_jGk7TqQ		7173	THE BIBLE: BOOK OF OUR FATHERS | The Diabolical Beast | Cause & Effect: Peeling Back The Banana o…	
YmOGuYJ3lfQ		6559	#IUIC | TUESDAY NIGHT REDEMPTION: When a Friend Becomes an Enemy!!!	
d1VJxSR8BrE		5203	#IUIC | FEAST OF DEDICATION 2021	
5LAQal-HdVc		6959	#IUIC | RAVENING WOLVES RADIO SHOW: Episode 36 (RERUN)	
8sXq7zEZv1Y		5817	#IUIC | SABBATH EVENING CLASS: J.E.W.S	
NOc5ljCXvsI		7163	#IUIC | SABBATH AFTERNOON CLASS: Play Your Role! Is It Good Or Evil?	
QWgetB13CWw		9340	#IUIC | SABBATH NOON CLASS: THE WORK HUSBAND	
JDDVWgA-LOk		15713	#IUIC | Dealing With Unbelievers During The Holidays	
gOX8_wmxIX4		4201	#IUIC | HammerTime: Discipline Your Children!	
0pXUZADkgVk		7397	#IUIC | THE BIBLE : BOOK OF OUR FATHERS : Valley Of Decisions	
GGhGQ3agZdA		5810	#IUIC| #PRECEPTUPONPRECEPT: The “#Holiday #Season" is a Commercial Venture to Destroy the Israeli…	
W64OkmtAvDA		7750	#IUIC​ | FCN : Where Truth Speaks!!	
y_yLUuwK0Ho		17189	#IUIC | Beware Of The Violence In The Land	
X0zmbyIi-mw		4818	#IUIC | HAMMMER TIME: The GIANT Within You	
iRgqC4JChKw		5814	#IUIC| #PRECEPTUPONPRECEPT: The “#Holiday #Season" is a Commercial Venture to Destroy the Israeli….	
YrLDuNH441o		6335	#IUIC​ | FCN : Where Truth Speaks!!	
M0Ey7Vox6bo		4597	#IUIC | HAMMERTIME: THE PROCESS OF CORRECTION	
QoSmM-UEwAU		7317	#IUIC | THE BIBLE: BOOK OF OUR FATHERS : The Sects Of Jews During The Time Of Christ	
5aTlRXwtUB4		7998	#IUIC​ |   OUR HIDDEN HISTORY RADIO SHOW -RISE OF THE GENTILES: PERSIAN AND MEDES CHAPTER 15	
y3NrnTdRYfc		7153	#IUIC​ | THE BIBLE: BOOK OF OUR FATHERS : What Shall Your Conversation Be? The End Is Nigh At Hand	
YxNqUuynstg		8300	#IUIC​ | FCN : Where Truth Speaks!!	
Yb4zWv6Vypk		185	#IUIC | SABBATH NOON CLASS: Sustaining A Healthy Marriage	
K0sHrV0LSAo		15828	#IUIC | Do Not Follow The Sins Of Your Parents!	
Z2qJ2FPvEdk		4613	#IUIC | HammerTime: The Uncrowned Kings	
4CXmX1ON0zc		5686	#IUICNEWORLEANS PRESENTS: PRECEPT UPON PRECEPT- Look at the Times, Babylon is Falling	
1ccCktQzAhk		10087	#IUIC | MORNING SABBATH: Desired Perfection	
_ehit7p7IDM		6999	#IUIC | Don't Be A Hypocrite!	
qbSJh8YEpCA		1973	#IUICNEWORLEANS PRESENTS: PRECEPT UPON PRECEPT- DOOMSDAY CLOCK IS TICKING	
4omT-pzRYQE		15059	#IUIC | SABBATH EVENING CLASS: The War To End All Wars	
G3UMFZhaeog		4655	#IUIC | HammerTime: Being Committed To Your Salvation	
bVPT9_SxiKY		7144	#IUIC | TUESDAY NIGHT REDEMPTION: We learn as we repent.	
cpEhanRODcs		9069	#IUIC | PATIENT SAINTS RADIO | OCTOBER 24, 2021	
nZujycHfFR8		9533	IUIC | SABBATH AFTERNOON CLASS: A LOOK INTO KING SOLOMON LIFE AND LEGACY	
bbLY4AhPqV8		9804	IUIC | SABBATH NOON CLASS: Don't You Worry Israel	
gVFbYV6VEek		4719	IUIC | HAMMERTIME | Be Mindful of Envy	
Ftyqh3Ka6s4		4905	#IUIC | NEW MOON	
aSLbVrvgmSs		6317	#IUIC | TUESDAY NIGHT REDEMPTION: Wisdom Before the Kingdom	
sKl-EdHaKi8		5919	#IUIC | OUR HIDDEN HISTORY RADIO SHOW-TIME OF THE GENTILES: PERSIAN AND MEDES CHAPTER 11	
YJpk5PTaGv4		6914	#IUIC | SABBATH EVENING CLASS: Bitter Negro Blues	
VFfhtwN1c78		4969	#IUIC | SABBATH EVENING CLASS: Bitter Negro Blues	
m_zy2t_rvUk		4505	#IUIC | Feast of Tabernacles Closing	
zqIyjfHjrM0		51	#IUIC | Feast of Tabernacles Closing	
2TvuRw7-knc		5982	#IUIC | PATIENT SAINTS RADIO | TABERNACLE 2021 EDITION	
pKVHWactCRw		746	#IUIC | Choose Life Or Death	
wdD5_kOw9Mo		3913	#IUIC | Choose Life Or Death	
uoTDgI2E04Q		7135	#IUIC | In The Wilderness Edition Q&A	
v9wfzCI2fZE		2044	#IUIC |  SABBATH EVENING CLASS: Sacrifices Of God In The Fourth Kingdom	
p-3EaroIq_Q		612	#IUIC |  SABBATH EVENING CLASS: Sacrifices Of God In The Fourth Kingdom	
iKELld-aP9s		14583	#IUIC | FORGIVENESS	
rn-XtCmJliM		6440	#IUIC | FIXX YA FACE FRIDAYS!: That Which is Done.	
_kT5S7hVg14		7144	#IUIC | Tuesday Night Redemption: Day of Atonement Forgiveness Is Near!!!	
2TV_wOus9Mc		6322	#IUIC | SABBATH MORNING CLASS: The Fear That Keeps You Fighting	
23SjuxsVd8s		5082	#IUIC​ | Hammertime: Stop Thinking, Apply God's Laws	
JNKhxRWpWfk		7880	#IUIC​ | THE BIBLE: BOOK OF OUR FATHERS: THE CITY OF ISRAEL IN RESTORATION	
C7Z-HVCrJAk		9200	#IUIC​ | OUR HIDDEN HISTORY RADIO SHOW- TIMES OF THE GENTILES: RISE OF BABYLON CHAPTER 9	
6LuUpbYdNj4		8446	#IUIC​ | SABBATH NOON CLASS: UPLIFT YOUR MIND	
GDOqnzKclhg		8905	#IUIC​ | SABBATH NOON CLASS: UPLIFT YOUR MIND	
Qcb9AE__tAQ		8654	#IUIC​ | SABBATH MORNING CLASS: Activating Angels Of Destruction	
487bOSz1yuE		5731	#IUIC​ | Fixx Ya Face Fridays: Self-Haterd Among A Hated People	
ypWjk80MJI8		6762	#IUIC​ | THE BIBLE: BOOK OF OUR FATHER: From the Past, to Present, Pushing into the Future!	
IzH8Z156bIU		10125	#IUIC | RAVENING WOLVES SHOW: Episode 33 (RERUN)	
yLHZpIpTzoU		8605	#IUIC | Morning Sabbath Class: THE SIMPLICITY OF SAUL AND THE CRUELTY OF CAIN!	
OI_VZspG53c		11550	#IUIC​ | We MUST Wait On God To Give Us Our Rest!	
BD4D-hLQR0Y		6430	#IUIC​ | THE BIBLE: BOOK OF OUR FATHERS | More Truth, Less Lies!	
M3hxoKCX-0M		5500	IUIC | Envying Your First Life	
KV7DVS9gCig		8888	IUIC | Hunger For More	
9DvJFMWpeMY		7979	IUIC | SABBATH MORNING CLASS: The Flock of God's Pasture	
z3U-WTN1z1A		7464	IUIC | THE BIBLE: BOOK OF OUR FATHERS | Biblical Prophecy Vs. Man's (Deliverance and Destruction)	
myE3S0Yy3TU		6360	#IUIC | NEW MOON: Spiritual Warfare	
Vl9DpePOXEg		8945	#IUIC | RAVENING WOLVES SHOW: The Heathens That Are Called By God's Name (RERUN)	
yNZePD3EXv8		7423	#IUIC | Patient Saints Radio - August 22, 2021	
khE8u9Idn7o		14592	#IUIC | SABBATH EVENING CLASS: The End & Salvation	
i6nH4rrhoGc		5244	#IUIC | Sabbath Evening Class: Sincere Charity Is The Pure Love Of Christ	
0KHdfQ3_i6E		9337	#IUIC | Sabbath Noon Class: Self Examination O Israel	
wo5vl6GcJD8		9646	#IUIC | Sabbath Morning Class: The Signs of the Times	
cUxc1F5wPE0		7745	THE BIBLE : THE BOOK OF OUR FATHERS | Bible Prophecy VS Man's Deception (Part 4) Pang and Sorrow	
wMFbDX7Aiqg		5430	#IUICNEWORLEANS PRESENTS: PRECEPT UPON PRECEPT- THE DRAGONS OF ARABIA REMEMBERING THEIR NATURE	
21F1jTEJ1EM		4516	#IUIC | Truth Be Told: The Body Snatchers	
PbecGP2oYwM		9189	IUIC | OUR HIDDEN HISTORY RADIO SHOW - TIME OF THE GENTILES CHAPTER 6	
LA4MybabWHI		9181	Patient Saints Radio | August 15 2021	
BukNUd4Gons		13847	#IUIC | SABBATH EVENING CLASS: Then Shall The Wicked Be Revealed Part 2	
qe6mEXTfkPc		7669	#IUIC | Sabbath Afternoon Class: Betrayers & Secret Admirers	
d73gqx1S3vo		7669	#IUIC | Sabbath Noon Class: Acts 18	
0ennboxGnoU		8106	#IUIC | Sabbath Morning Class: Christianity leads to hell!	
QITvtfYoPbM		10263	#IUIC | The Grace Of God!	
aSYLXccqdME		8899	#IUIC | SABBATH MORNING CLASS: Dehydrated Spirit	
dg41ta6Q284		5228	#IUIC HAMMER TIME | HISTORY REPEATS ITSELF	
AR0q7PBVnng		5585	FIXX YA FACE FRIDAYS!!: AESTHETIC PROPERTY OF MUSIC PART 2	
ERclWgbgnj0		7739	THE BIBLE: BOOK OF OUR FATHERS | BIBLE PROPHECY VS MAN'S DECEPTION (THE GREAT DIVIDE AND PROPHETI...	
Z_oa1z0JPIA		10164	#IUIC | RAVENING WOLVES SHOW: Episode 33	
nL96rCjARug		9283	#IUIC | OUR HIDDEN HISTORY RADIO SHOW - TIME OF THE GENTILES CHAPTER 5	
AwdvYmD5Ldg		7496	#IUIC | Patient Saints Radio: August 8, 2021	
nLcJjxHB7C8		6798	#IUIC | SABBATH EVENING CLASS: Then Shall The Wicked Be Revealed	
3IVS_K_sCGg		4792	#IUIC | SABBATH AFTERNOON CLASS: THE WILLING HEART	
WAReCm4Ey-s		10071	#IUIC | SABBATH NOON CLASS: Secret Plots to Destroy The  Sons Of The Prophets	
liQfPnuEeso		9466	#IUIC | Satan's Desire To Destroy Your Marriage: Are You The Problem?	
42Ts4uA4GkM		9262	#IUIC | Humble Yourselves Unto The Mighty Hand Of God	
BrNLiRvq8jE		7709	THE BIBLE : THE BOOK OF OUR FATHERS | BIBLE PROPHECY VS MAN'S DECEPTION (PT2) IN THE AGE OF DECAD...	
iVeBb3CRRk8		9477	#IUIC | RAVENING WOLVES SHOW: Episode 32	
oqfSNP3FpOU		7760	#IUIC | OUR HIDDEN HISTORY RADIO SHOW - TIME OF THE GENTILES CHAPTER 4	
3dpQ2cVrgsI		7614	#IUIC | Patient Saints Radio: August 1, 2021	
tYmsqEXWaXU		7687	#IUIC | SABBATH AFTERNOON CLASS:  STRUGGLE THROUGH THE STRUGGLE	
OSDJ3_FeKaw		8616	#IUIC | SABBATH NOON CLASS: Learn Self Control	
xVec_yTdzWg		9161	#IUIC | SABBATH MORNING CLASS-REAL WORLD PROBLEMS GODLY SOLUTIONS	
Y4-1Z3kJKKs		12716	#IUIC | Pray For Protection Against The Injection	
3YhGkUeuIw4		5411	Fixx Ya Face Fridays: Unbelievers And False Teachers In The Last Days	
pvGpxCFGKr0		6976	THE BIBLE : THE BOOK OF OUR FATHERS | Bible Prophecy VS Man's Deception	
5KDBuAraS4M		13627	#IUIC | SABBATH EVENING CLASS: Being Held Accountable	
eUTczC9DiVM		8313	#IUIC | SABBATH AFTERNOON CLASS: THE ELECT CANNOT BE DECEIVED	
sGDHT7RK-AM		8901	#IUIC | SABBATH NOON CLASS: 3 Types of Leaders	
l6uu9MUAYfE		8621	#IUIC | SABBATH MORNING CLASS: Space Force	
PUBHV7sMIIo		11359	#IUIC | Call Out To The Lord For Help!	
Vv_LBukDmDA		5324	Fixx Ya Face Fridays!!: Aesthetic Property Of Music	
JAnl8bkWi4k		4905	Hammer Time: New Moon Spiritual Tune Up	
gTrhsSX4Yhk		7407	THE BIBLE: BOOK OF OUR FATHERS | For He That Cometh Preacheth Another Jesus. (Part Two)	
FfK8hYP0l-g		9580	#IUIC | RAVENING WOLVES SHOW: RERUN - Episode 27 - Fire Booth - #TheSouthGotSomethingToSay - The ...	
bTC4Ut2Tun0		8149	#IUIC | Patient Saints Radio: July 18, 2021	
wrdYR-ltgJw		7942	#IUIC | SABBATH MORNING CLASS: PSY-OPS	
wLM2oKEWGmo		10635	#IUIC | The Devil Will Go Down With Great Wrath!	
YHOtBvrr0CU		5506	#IUIC | Fixx Ya Face Fridays!!: Gangstas, Lunatics, and Heretics!	
AjxtNCUQtCI		2979	#IUIC | The Writings on The Wall Radio	
cszHptLORl0		1619	#IUIC | The Writings on The Wall Radio	
VJ7Q5Aj0TmQ		7423	THE BIBLE: BOOK OF OUR FATHERS | For He That Cometh Preacheth Another Jesus.	
ZPl97GmWKMU		4711	#IUIC | Truth Be Told: The Wiles Of The Devil	
5V6hePtdx-A		9977	#IUIC | RAVENING WOLVES SHOW: Episode 31	
Tx_FRNdAqiY		7480	#IUIC |OUR HIDDEN HISTORY RADIO SHOW-TIMES OF THE GENTILES: ASSYRIA CHAPTER 3 Re-Run	
KyxL_Q7-A8M		7383	#IUIC | PATIENT SAINTS RADIO: JULY 11, 2021	
0CpVSa_3k3M		14170	#IUIC | SABBATH EVENING CLASS: WHEN CHAOS PRECEDES CHANGE	
XT-2NXK4OFk		1253	#IUIC | SABBATH EVENING CLASS: WHEN CHAOS PRECEDES CHANGE	
Em4IjuvooSU		9175	#IUIC | SABBATH NOON CLASS - THE LIFE OF A BELIEVER	
uzLorMKoh_k		6826	#IUIC | SABBATH MORNING CLASS - SODOM AND DESTRUCTION	
mubsZmpY3r0		13694	#IUIC | The Bible Can't Help You If You Hate Yourself!	
_ACZzPyg86k		8252	#IUIC | Fixx Ya Face Fridays!!: Beale Street Revisited!	
v0EBy_nzmPQ		7447	THE BIBLE : THE BOOK OUR FATHERS | 1619 Projected In Black and White (The Acknowledgment And Resp...	
lBaQDtF8Y_o		11225	#IUIC |RAVENING WOLVES SHOW: Episode 31 - Firebooth Sessions St. Louis	
YpYHbsD-sxE		7993	#IUIC | OUR HIDDEN HISTORY RADIO SHOW-TIMES OF THE GENTILES: ASSYRIA CHAPTER 3	
hSghtgpxdaw		9512	#IUIC |Patient Saints Radio: July 4, 2021	
Ay2ePcns830		2747	#IUIC | SABBATH EVENING CLASS: The Souls of Black Folks	
qiL2CT-qqSs		8574	#IUIC | SABBATH AFTERNOON CLASS: "Two Parts Will Die” will warn you of what’s awaiting many!	
hmu_BsUSc-4		9371	#IUIC | SABBATH NOON CLASS: The Foundation Of Your Faith Part 2	
FKgMajJcxzQ		9184	#IUIC | SABBATH MORNING CLASS: THIS AIN'T NO JOKE; IT'S LIFE AND DEATH	
V4jgpek7Ws8		3667	#IUIC | HAMMERTIME: The Foundation Of Your Faith	
cZueHHjujdE		7282	THE BIBLE : THE BOOK OF OUR FATHERS | 1619 Projected In Black And White (Remembering the Days Of ...	
w60PW1A76uc		10141	#IUIC | RAVENING WOLVES SHOW: Episode 30 - What God Joined Together	
PJCMfCWQGOc		9280	#IUIC | Patient Saints Radio: June 27, 2021	
jyvmTMT2aHg		13662	#IUIC | SABBATH EVENING CLASS: The Titus 2 Deception	
srBeXAUxS9Y		8545	#IUIC | SABBATH AFTERNOON CLASS: The Kingdom Of Heaven	
JQ0Y3lUV2zg		9838	#IUIC | SABBATH NOON CLASS: I SEE DEAD PEOPLE	
0F7d8Qyy3A0		8215	#IUIC | SABBATH MORNING CLASS: Let Us Run In The Race	
HRxP43t_pGc		11999	#IUIC | Let None Of You Suffer As A Murderer!	
_dB3IUgqyGI		5002	#IUIC | HAMMER TIME: Why are you here?	
NJP9NqYfu0c		7250	#IUIC | THE BIBLE: BOOK OF OUR FATHERS: 1619 Projected In Black And White (The Awakening From Rac...	
rjDKHKpXK28		7464	#IUIC | NEW MOON - Crossroads: Life Decisions	
l2m8mO5e8g0		11987	#IUIC | RAVENING WOLVES SHOW: Episode 29 - Don't Be Defiled With Woman!	
_573gyKKWK8		7499	#IUIC | Patient Saints Radio: June 20, 2021	
NiZLUxwhL-o		7763	#IUIC | SABBATH AFTERNOON CLASS: Are you Sleeping with the Enemy: Battle for Spiritual Domination...	
jXUHnhHcGPQ		9123	#IUIC | SABBATH NOON CLASS: Decision And Reason And Judgement Part 2	
qiUfSiPkZeU		12658	#IUIC | Christ Is Our Faith	
xI8Bxhx8n0w		5401	#IUIC| Fixx Ya Face Fridays!: The Death of Demotion	
ISrkoaARkKY		4471	#IUIC| HAMMERTIME: Decision, Reason & Judgement | Part 1	
XPX02ZKcjtU		7408	#IUIC| THE SIGNS OF BUGGING OUT	
li07YynK7Tw		12156	#IUIC | RAVENING WOLVES RADIO SHOW: Episode 28- Prophesying Through Music	
yiYzTLAKHeY		2257	#IUIC | OUR HIDDEN HISTORY RADIO SHOW- TIMES OF THE GENTILES: ASSYRIA	
1wP2vEBt43A		8634	#IUIC | Patient Saints Radio: June 13, 2021	
y2FLL9tFup4		14260	#IUIC | SABBATH EVENING CLASS: CREFLO DOLLAR DESTROYS MARRIAGES	
PX8oxvxj084		7235	#IUIC | SABBATH AFTERNOON CLASS: BITTERSWEET WISDOM	
XO-b9n_HZys		9108	#IUIC | SABBATH AFTERNOON CLASS: I AM THAT I AM PT2	
3oexii6bP-o		15443	#IUIC | Let's Find Things To Be Happy About	
AvgDhn_KbMk		7293	THE BIBLE: THE BOOK OF OUR FATHERS | FAMILY MATTERS	
ftOC2vTEE9M		8336	#IUIC | Feast of Pentecost: Prophetic Purpose of Christ	
9lpPplzCXCg		13363	#IUIC | SABBATH EVENING  CLASS:  Being Married to Eve.	
hzg6bNFoMhA		6562	#IUIC | SABBATH AFTERNOON  CLASS:  Enjoying Sin for a Season	
lqpZc2u7giI		10165	#IUIC | SABBATH NOON CLASS:  RISE OF THE SYNAGOGUE OF SATAN - HERODIANS	
NQE449xC4rA		8140	#IUIC | SABBATH MORNING CLASS: Diotrephes Abusing God’s Flock	
WSd0H7reFGk		5453	#IUIC | Fixx Ya Face Fridays: “Monique, Murder, and Mischief”	
Rpf6jDAc2bA		796	#IUIC | HAMMERTIME: The Spirit Of Understanding	
i4W5PJ2HPbg		3236	#IUIC | HAMMERTIME: The Spirit Of Understanding	
vKzw0x80skQ		14315	#IUIC | RAVENING WOLVES SHOW: Episode 27 - Fire Booth - #TheSouthGotSomethingSay - The Blood Of T...	
cPPxJ2MEy2Q		9060	#IUIC | OUR HIDDEN HISTORY RADIO SHOW | THE SPANISH INQUISITION CHAPTER 33	
oGNmcGNJvQQ		7990	#IUIC | Patient Saints Radio: May 30, 2021	
3_cQ-RLSW_I		8151	#IUIC | SABBATH AFTERNOON CLASS: Proverbs 31 or 31 Problems	
ZzGqN6uOxi8		9347	#IUIC | SABBATH NOON: Strong Man And Faithful Woman	
MO_xtf8u-ZA		5398	IUIC In the Classroom Two	
C5EDeRrtLCw		13678	IUIC In the Classroom Two	
jFAKdoPNc4s		12048	RAVENING WOLVES SHOW: Episode 12 - He Shall Rule Over Thee	
0GhFdpcxERw		10546	Our Hidden History - The Moors Featuring The Gladiators Chapter 18	
UXv0FKW1sMg		9558	Patient Saint Radio | January 3, 2021	
drIZECwkKUc		5103	#IUIC | Cries, Lies, & Guys 2	
i2njoWaenwk		5263	SABBATH AFTERNOON CLASS: The Book of Acts | January 2, 2020	
BGwGXmH6emg		9573	SABBATH NOON CLASS: Temptation Must Be Controlled	
XhDW10u5HJo		8222	SABBATH MORNING CLASS: Don't Save Her, She Don't Wanna be Saved	
MYvLCIZ0lic		14806	Dog Returns To His Own Vomit For The Love Of Money	
jQ84wHffQfM		6322	Fixx Ya Face Fridays!! Conflicts and Confrontations: When Does Matthew 18:15 Apply?	
T5GKOwYx40U		4343	Hammer Time | The Masculine Woman & The Effeminate Man	
_m0aKg3DqOY		3782	THE BIBLE: BOOK OF OUR FATHERS | Who Are You Listening To?	
765O-DR_udQ		13507	#IUIC: My Spouse Ain't Right	
wHzyxsrVeB4		5338	NEW MOON CLASS:  Thy Desire Shall Be Unto Thy Husband Pt2	
ITyy_TeALxg		4799	#IUIC | AFTERNOON CLASS: Journey In the Book of Acts	
g0wZG-Ny31s		2566	SABBATH MORNING CLASS	
ezBcD3vCvgI		13650	How The Spirit Of God Works Pt. 2	
5q5yL_0tOfs		3802	Hammer Time | Spiritual Things	
4bfbsnd0lDc		8146	RAVENING WOLVES: RESTORING THE TABERNACLES OF DAVID PART 2 (RERUN)	
6jbP4TvluzE		8169	Patient Saints Radio | December 20, 2020	
mGJ2g4NDjtk		6051	#IUIC | AFTERNOON CLASS: Book of Acts 10	
Qg4njugPrYs		8980	#IUIC | SABBATH NOON CLASS: Our Ignorance is Their Success	
Fih3li2zWiQ		8474	SABBATH MORNING CLASS: The Love Triangle	
V7wfSOngHwc		11781	The Desolation of Manhood	
H6dv1t952Rg		7356	THE BIBLE : BOOK OF OUR FATHERS | Trauma at the Temple Yesterday, and Today (Part 3)	
I3JitQqi_Eo		9240	Patient Saints Radio | December 13, 2020	
gflX61xBsgI		6049	SABBATH AFTERNOON CLASS: The Book of Acts | December 12, 2020	
bv-LfYVvUa0		9325	SABBATH NOON CLASS: The Return of the Saviours	
0yooLnUcUjI		9245	SABBATH MORNING CLASS: Are You Spiritually Lot's Wife?	
un5KU0lEVts		5385	HAMMER TIME: A Servants of Servants	
GVHjGD2TvEE		7536	THE BIBLE : THE BOOK OF OUR FATHERS | Trauma at the Temple Yesterday, and Today (Part 2)	
D06gQwFxH4w		8822	Patient Saints Radio | December 6, 2020	
KaVJ4n4LjrE		2078	SABBATH EVENING CLASS: Are You In The Truth?	
1tS-hHvw5YQ		4871	SABBATH AFTERNOON CLASS: Accountability 101: Repentance, Restitution, and Personal Responsibility	
oyDYQHgiM7I		9658	SABBATH NOON CLASS: Wisdom Will Build a Nation	
OLqrGQb4iMY		8103	SABBATH MORNING CLASS: The Systematic Destruction Of The Black Family Structure	
mDHMWQ2qI9Q		5053	IUIC - The Study of YOUR Faith	
4hKJSQJ8ePk		8950	RAVENING WOLVES: The Heathens That Are Called By God's Name	
nhF8YMryONw		95	Our Hidden History: The Barcas, Israelite War Geniuses & Heros | Chapter 14	
_8kv9Z2lk8k		8676	Patient Saints Radio | November 29, 2020	
5llA9-s6jmU		12043	EVENING SABBATH CLASS: Damn! I Married a Monster!	
9DBfOhRX9Fk		6001	AFTERNOON SABBATH CLASS: The Book of Acts	
pJ-nE_Ux384		9015	NOON SABBATH CLASS: Wisdom (Part 2)	
3LTNtCGnNfM		7310	MORNING SABBATH: Who Shall Praise the Most High From the Grave?	
bUh6IFgysiM		17426	We Brought This On Our Selves	
rJuB2067bj0		4996	#IUIC | Spiritual Salvation=Physical Salvation	
QrZGvutY5ZU		7124	THE BIBLE : BOOK OF OUR FATHER | Must Begin at the House of God	
l7Nr6M5nvqE		13857	FEAST OF DEDICATION 2020	
E_BLmb22vV0		12657	SABBATH EVENING CLASS: Let the Fire Burn	
LnEvtXIwTlc		5193	SABBATH AFTERNOON CLASS: The Book of Acts | November 21, 2020	
tZ19yab8I_I		6970	SABBATH  MORNING CLASS: The Boot Camp We Need	
Czq5aqSXO1E		5328	HAMMER TIME: The Prophet Is Back Which One Are You?	
PlvRASY3KvQ		10279	Our Hidden History: The Barcas, Israelite War Geniuses & Heroes Chapter 12	
s49rJD_z_o0		9384	Patient Saints Radio | November 15, 2020	
uEJR7DwL6uQ		11866	EVENING SABBATH CLASS: Jacobs Trouble is Great Tribulation	
J1evHEN3Tj0		6024	AFTERNOON CLASS: Book of Acts | 11-14-2020	
u8jD295Nw8Y		3600	The Israelites: The Origins of Halloween	
71zQ_yfy_80		3668	The Israelites: Part 2 - Bishop Nathanyel Blazes The Airwaves on Patient Saints Radio!!	
rk64zJ4gnKc		4139	The Israelites: Part 1 - Bishop Nathanyel Blazes The Airwaves on Patient Saints Radio!!	
OxczsnVTRsM		669	The Israelites: Explaining - Galatians 5 & the WHOLE Law	
iAQGHorZRY0		499	The Israelites: Explaining - 1 Timothy 4	
HGiYFz3WlAk		223	The Israelites: Explaining - 1 Corinthians 9	
gtIg710_ano		312	The Israelites: Explaining - 1 Corinthians 8	
g05wTzWw3aE		634	The Israelites: Explaining - Acts 15	
R6oPlZcP1jg		224	The Israelites: Explaining - Colossians 2:16	
VozFfA5C7o4		281	Black Israelites   The Shocking TRUTH About Hebrew Israelites REVEALED	
IuCbJIBMdQQ		224	The Israelites: Niger Originally Pronounced NIGGER	
qBL4ck5l2oY		839	The Israelites: Q & A	
jucSwCgzX-A		2335	The Israelites: The Blue Letter Bible & The Microchip	
adk6GUUHUBk		66	The Israelites: Esau is the Devil	
hfKKTJ8P4NM		3838	The Israelites: Gods & Fathers	
WKu-lV2l9d4		1736	The Israelites: Result Of Relaxing Your Wool	
vkjCIoiUOmU		529	The Israelites: Farrakhan Sells Nation Of Islam To Whiteman	
DgPo9NYa0J8		5645	The Israelites: Shhh   Be Quiet	
FrDaRU2Tltk		195	We Salutin' - Yawan Ben Israel	
bmVHToQhX_c		1400	The Israelites: The RFID Microchip Is A Hoax!!!	
WFzNoYqj3Zk		6932	The Israelites: Esau, Rome, Herod,& Khazars	
17tibtypANE		2824	The Israelites: SaNetertv7 & Shakka Ahmose: Cast Not Your Pearls Before Swine	
yuuqiYFz7Cs		62	JOIN ISRAEL UNITED IN CHRIST OFFICIAL SUBSCRIBER PAGE NOW!	
K3dmVI474rg		4539	The Israelites: GM-Mess Pedophiles get their doctrines Rebuked	
kTYfDHoNNKo		7575	The Crumbs of Society	
WzIZYaYabwc		2284	Which Israelite Camp Is God Dealing With?	
iU2sBLoudpE		6961	The Civil Rights Movement Was A FARCE	
yLwFqaI1cJY		2213	Smashing The Lunar-tic Sabbath	
wDwteZvcgHo		3187	NBA  Nigger Basketball Assimilationist	
__mBdp7-bz4		455	New Moon Based  Sabbath DEBUNKED!!!	
czOz3ntyfeI		842	Bible Bum Teaches Christ Was A Bum	
8O65n1liEnI		714	Israelite Crabs	
mAhuEj_eW18		224	Niger Originally Pronounced NIGGER	
Udw8-oFQGn4		2653	The Son Of God Movie Is White Supremacy	
5W34L0_Nizs		4489	Israel and the Khemetic Kings	
S_Wj99KWNGI		1359	Following The Laws Of The Bible Prevents Evil	
lYwtkjHKvXs		1803	30yr Christian Finally Learns his History	
Pc1uPvyRl0U		6328	Explaining the Old and New Covenant	
3yg_Cnzo9VU		8067	Our Stolen Legacy	
9jNHOyJQcqA		8666	Sisters MUST Support the Troops	
fffrWUrPw8o		7524	Explaining Scriptures Mis-used by Christians	
6jeBrlPL3_4		6595	Eugenics: Murder of Our Nation	
t6_XMg76t-c		171	JOIN IUIC ONLINE CLASSES	
hywedUrIhI4		655	The System Is Against You Blacks   Latinos	
tUPVmBGpDc0		512	The Israelites Unclean Spirits In the Bronx!!!	
BKlrcORt8Pc		2162	THE ISRAELITES  THIS IS NOT A DEBATE!	
Krmr95t4tik		1752	Older Black Woman Need To Teach  Black Girls Right	
ZNjUY74P8KQ		924	GOD SAYS WOMEN ARE NOT ALLOWED TO TEACH GODS WORDS	
inYb2B3zBYI		1461	CHRISTMAS IS OF THE DEVIL  JESUS WAS BORN IN THE SPRING	
GVSE9HrRPfs		808	The Israelites  The Bible Is The History Of Blacks  Hispanics   Native American Indians	
__veTk6u3h4		2475	You Blacks andLatinos Need To Get It Together Before Christ Comes Back	
Dw8VpCHbMf0		481	MEMPHIS EXPO 2013   THE 60 MAN CAMP	
GQUWuxDyNp0		8578	Spirits of Bondage	
cmfDfQGl1fY		902	THE BEGINNING AND MIDST OF TIMES	
m7lSosOcJ7k		3583	GENTILES GRAFTED IN	
ZFYHzrJThvQ		3950	The Cross Is A Symbol Of Oppression	
b-yfhba0t_I		199	MESSAGE TO HEBREW NEGROLITES   BLACK CHRISTIANS	
Mz51poDqcpY		4370	Did Paul keep the Law??	
xEdpqeG1mf4		4213	The Stockholm Syndrome Spirit	
G-Pxbb8PXQo		2679	Sins of Sodom They Hide It Not	
RhBLaN9k0nk		6946	Coons and Confusion	
0YIZdcloRsc		3736	Battling Lying Christians!	
ghDX27fi26E		2976	Make Haste to keep Commandments Oklahoma City Israel United inChrist	
3-MPfte7L4g		2975	GREATMILLSTONE (GMS) VS THE BIBLE	
M1iWO6KB5bA		2214	CrackHead Calls GMS	
KqqAr0leMXY		6689	Ye Do Always Resist The Holy Ghost	
q0kz2UVC80I		597	STEPS TO MARRIAGE	
k4NdIoUjfnM		3950	Charity & Leaven	
KQhN58AYXkk		647	Be Honest With Yourself	
Hw_m70j9om8		2124	Letter #3 ~ Signs of a false Prophet	
Fj_EW4mMTzQ		3583	GENTILES GRAFFED IN	
GxS8K2cNl24		1383	Walking Between Fire and Water	
JNMfZ5MJ23o		64	The Devils discuss their control over Black  Elite  and Negro  Bourgeoisie	
-5C_1Kt2TkQ		2914	WILL GOD'S PEOPLE BE SAVED??	
y-LdyOcZJHU		2421	Blasphemy against the Holy Ghost .....	
yuqWWCQKCGk		2312	Be Ashamed of Whoredom!!	
W0LaqVmTksE		1683	Letter #2 ~ MY MAN IS LAZY AND CRAZY	
ebCE6b6VvKM		1614	Letter #1 ~ Multiple wives	
hAdh-dPameg		1940	The Truth Hurts	
ksmq4uNTiGQ		786	Cry Aloud, Spare Not!!	
eO1kBoX8QAk		8454	How Long Are Ye Slack	
IndH8AcpwCo		913	Yo Baby Daddy	
sMtRCcm5j3o		480	The Ark of the Covenant	
g5AE0sWf9Aw		777	Sista Cover Yo Head	
KTniiHJRDD4		602	Pornography	
I5DjcpubZ5s		228	Soldiers Of The Lord -  Israel United In Christ	
0as5wJRNAuI		1196	Name of The Father and The Son pt1	
GKXhPPxnW5k		1195	Name of The Father and The Son pt 2	
I4XZEYZuDTo		1587	WICKED WOMEN HATE THE TRUTH!!!	
4FFKP-mN-Mk		790	The So-Called Latino	
xu5XyCCSZx4		6571	Hard up People fall on Hard Times	
NMFYt4tQNrY		2585	ASLEEP IN CHRISTIANITY	
jhjVwlpKTvI		904	Dress Code for Israel	
bX5u0pqLdnc		1903	Original Greeks Were Black	
9G5ACgq3f7g		1795	Easter and Good Friday	
79i_u6JDshA		570	WATER BAPTISM	
ldcL0gGXw2I		1568	Daniel 7th Chapter	
KLrYejVHjBM		603	WHEN THE HOLY SPIRIT IS GONE	
SNs_aNxActQ		5331	SAMARIA	
NM-ujAKBNN0		3136	BREAKDOWN OF REVELATION 12	
pW_PYI9m2E8		4680	Identifying the Jezebel Spirit	
HFvzdKNZMsE		6975	Children Of Whoredoms; Jump Offs In Jerusalem	
48v8_oWvFC8		1224	THE BIBLE VS. MUSLIM	
nnpfDwSR2Qw		2299	Born Again Vagina's	
vCabbMWwNKo		5119	DELIVERANCE = DESTRUCTION	
67kAO2kgl18		3600	HATRED IN THE HOUSE	
MmE4qjgzJog		5327	DISABILITIES & DISEASES	
OEDkiAesCE0		3600	The TRUTH of Thanksgiving	
oa3D7Uq4oyc		5698	The Sodom Agenda	
aJYUqb8ylO0		3601	Your Pastor	
RGVf4L_Wr08		3600	Cornelius	
fkw8ImUjZ8c		3615	Birthdays - An Unholy Custom	
_Abti5BcD7k		2214	HISTORY OF THE GREEKS & JEWS	
Saste5H2BcE		6332	WHAT IS MY NAME..??	
aKvuw8Fo9jU		2066	SEX & MARRIAGE	
ZKeugdOBDCE		7870	Revelation 13 Breakdown	
PEd4P6ghfVY		4632	Mother's Day	
4vLc0C6E6qw		3376	The Parable of the Ten Virgins	
oSwJzX0Ftu8		3540	Slaves obey your master??	
5PSjKf0USP8		3019	The Parable of the Woman that had 7 Husbands	
uUlbcsFcyg4		1470	A bit of understanding in Galatians	
QeHb3YDhKOM		4733	Iconoclasm...Many Days Without An Image	
tWPKJP4HSvE		2878	So you Negro's want to be Africans??	
0WXqluqfe4s		2121	The Parable of the 4 types of Israelites	
D61D-f0elTk		299	Who does SIN apply to ??	
GrcpwyhAC5c		3600	THE TRUTH BEHIND CHRISTMAS NEW YEARS	
8IzkF68aBC4		3601	THE THREE TRIALS OF FAITH	
NFxatqWztNc		922	The Star of David FRAUD	
haktIcYhO00		3601	THE SLAVE TRADE	
6tx2WXZdSi8		1069	RECEIVING AN HUNDREDFOLD	
NhNxOlGOXYA		3600	Message to the BLACKMAN	
4iwO51od2fM		3601	LUCIFER	
rA7dXhHGjO8		3474	Jews And Gentiles	
Cz2yrmlQUXg		4039	Interracial Marriage	
r0DiQFWSCHU		900	"I HAVE A DREAM" IN THE BIBLE	
m_gRNmo9gcU		900	Feed the Wicked of Our People??	
Jb_1QeiGN6U		669	Be not over righteous ~ Ecclesiates 7:16	
WEEaCi_jrXs		800	Christianity Exposed	
DvqW-Ssi3PQ		882	Christianity Destroyed	
1MpZdjyuUS4		3600	BY THE RIVERS OF BABYLON...	
xuioC34W37Y		3600	Are GOD's laws destroyed??	
o1y14kpv5ck		797	ABOVE ALL PEOPLE	
f0wk1YzyfSQ		3601	THE TRUTH BEHIND CHRISTMAS NEW YEARS	
3ctJCk3vHQs		772	THE NAME OF GOD	
AppA769k610		1815	Regeneration in The Bible pt1	
4DrKt9DguwA		4039	Interracial Marriage	
DKL7OKa0xyY		9183	#IUIC | OUR HIDDEN HISTORY RADIO SHOW- TIMES OF THE GENTILES: ASSYRIA CHAPTER 2	
syR3TlsbcjQ		7889	Sabbath Morning Class: "Don't Make Your Kids Your Idol"	
nqg3EQMDv40		8872	HAMMERTIME: Wisdom Crying Out	
OpRHBos2A0Y		9054	Patient Saints Radio | November 8, 2020	
7irgJyDG74E		5709	SABBATH AFTERNOON CLASS: Book of Acts 11-07-2020	
UaHX_Hv9-x4		10600	SABBATH NOON CLASS: THE WATCHERS OF GOD	
wuk9V9GcsbM		8488	#IUIC | SABBATH MORNING CLASS: Porn is my Addiction	
7wXGrVuX8xA		6704	HAMMER TIME: CHRISTIANITY IS A DEMON	
NQXhrsHSbaA		11728	RAVENING WOLVES SHOW: EPISODE 9 #WRATHOFGOD	
N65BrPq5Pc8		12589	EVENING SABBATH CLASS: Crushing Colossians Heresies	
MU4ZqYHWVKE		5517	AFTERNOON SABBATH CLASS: Book of Acts	
_Qo0tCL0AdM		10264	SABBATH NOON CLASS: Find Your Way Home	
BAxvrJuSBxI		7390	SABBATH MORNING CLASS: The KJV Translation	
RHIDW68WXok		1444	HAMMERTIME: Surrender Your Thoughts	
VLT2UDE9mcE		8848	RAVENING WOLVES SHOW: Episode 8	
8pvHpliydFQ		9682	Secrets of History:  The Two Promised Lands (Chapter 9)	
w28A15cyAxw		4163	Patient Saints Radio | October 25, 2020	
o7vb4hFc3W0		4829	Patient Saints Radio | October 25, 2020	
D8RSC47zvjk		9452	SABBATH NOON CLASS: Which Vessel Are You?  Part 2	
su9CX4l-Qd8		5142	Fixx Ya Face Fridays!!! Christianity is a Joke.	
AIE7_9bB4WQ		10931	RAVENING WOLVES: Episode 7	
ZEkyw3JFH_A		8434	SECRETS OF HISTORY: The Two Promised Lands (Chapter 8)	
ydDepMuugmc		9307	Patient Saints Radio | October 18, 2020	
zeu5C_jWDIY		4928	SABBATH AFTERNOON CLASS: The Book of Acts	
nn-P5jCzMjQ		13581	SABBATH NOON CLASS: We Need To Wake Up	
K1ZnEqokqm0		8515	SABBATH MORNING CLASS: The Lord's Company	
uMGrDkoODwE		5959	Fixx Ya Face Fridays!!!  Inordinate Affection: The Secret Truths…..	
Yt1sxo_IwEQ		5072	HAMMER TIME: Wisdom From Within	
dW2GiduVZ1A		7610	THE BIBLE: BOOK OF OUR FATHERS | Come Out of Her My People! Part 3 (Is It Justice,...or Just Us)	
4vadD-QENH4		11728	Secrets Of History: The Two Promised Lands Chapter 7	
ya1O41iqnqo		8838	Patient Saints Radio |  October 11, 2020	
H9KqUINtKp8		5819	SABBATH AFTERNOON CLASS: BOOK OF ACTS	
i7zJSWFiGXQ		14590	SABBATH NOON CLASS: Which Vessel Are You?	
A3P1Rg5HEUw		3434	SABBATH MORNING CLASS: Self Care	
mhOp8BSRlpw		6348	Fixx Ya Face Fridays!!!  The I.U.I.C. Phenomenon Part 2!	
jYYrLP_kkSA		5277	HAMMERTIME: WHY TROUBLE YOURSELF	
S0PnuAVETVM		8800	Patient Saints Radio | October 4, 2020	
zxtUx-GidVY		207	Patient Saints Radio | October 4, 2020	
elg6Vk2VV3M		6602	DAILY BREAD | Sunday October 4, 2020	
cvZF6nREScM		10709	#IUIC | Bishop Nathanyel Explaining The #Christian #Faith	
dQLcvLvILEM		91	SABBATH AFTERNOON CLASS: The Book of Acts	
5-l01nsPXOk		5485	SABBATH AFTERNOON CLASS: The Book of Acts	
_YYUH3Cy1Pw		7166	SABBATH MORNING CLASS: CLIQUES IN THE CONGREGATION	
6mj_Sm2WrPQ		2140	HAMMERTIME: A GLANCE AT THE KINGDOM	
C2sXq9Phwko		3718	HAMMERTIME: A GLANCE AT THE KINGDOM	
7X4t9JVOuNE		7470	THE BIBLE: BOOK OF OUR FATHERS | COME OUT of Her MY PEOPLE	
An43ESP20CQ		6156	NEW MOON FEAST DAY	
MR5v7xjPaMY		7230	RAVENING WOLVES: Payback	
et2QscoZjjA		9526	Secrets Of History: The Two Promised Lands Chapter 5	
2Pqo_oCrsrw		9307	Patient Saints Radio | September 27, 2020	
IyNTwUsJbW8		12093	SABBATH EVENING CLASS: ESAU THE RETURN OF CAIN	
TXrXhZGMqKk		5752	SABBATH AFTERNOON CLASS: The Book of Acts | 09-26-2020	
I-2as37ah3E		13192	SABBATH NOON CLASS: The Song Of The Lamb	
33Z1PV6xpmM		8174	SABBATH MORNING CLASS: "31,700"	
SDSCMqm9clU		4445	HAMMERTIME: The Beatitudes	
MApn0Qbt6sg		7592	THE BIBLE: BOOK OF OUR FATHERS | Thy Enemy IS Thy ENEMY??? Which Is Which?	
sN_51n9xcHc		4596	FEAST OF TABERNACLES CLOSING	
JocABMgz1lY		2223	FEAST OF TABERNACLES CLOSING	
E-ufQufpol8		1366	Patient Saints Radio | September 20, 2020	
2WQd01z2GYA		10904	Patient Saints Radio | September 20, 2020	
MROABOSYAuM		9746	EVENING SABBATH CLASS: DECLARING THE END FROM THE BEGINNING	
t9Ay1T3qUN0		12607	SABBATH NOON CLASS: The Table of Nations	
4IKrrCCB0rw		7785	SABBATH MORNING CLASS - My Children Are White	
xf7QX-L1HLc		6174	IUIC: AT WAR WITH SATAN	
AyJlb_TImLc		931	THE BIBLE: BOOK OF OUR FATHERS	
AKRI2-q7fUs		7509	IUIC FEAST OF TABERNACLES: KEPT THROUGHOUT OUR HISTORY	
vLRVmeZiH60		9965	OUR HIDDEN HISTORY: The Secrets of History: The Two Promised lands-Chapter Four	
3EKy7S9C4FY		12123	SABBATH EVENING CLASS: Wake Up and Atone	
J41Cht2OvsI		6957	SABBATH AFTERNOON CLASS: The Book of Acts	
jWWc2Qlpz_M		11626	SABBATH NOON CLASS: US AGAINST THE WORLD YOU AGAINST YOURSELF	
qDeTns45eH4		8196	SABBATH MORNING CLASS: She Don't Give Me None	
SsixGIAuDa8		7348	THE BIBLE: BOOK OF OUR FATHERS | There Be Spirits Created For Vengeance	
1wkQ90A6kQ0		15785	Patient Saints Radio | September 6, 2020	
bIN1_O_DumQ		6539	SABBATH NOON CLASS: Q&A	
9bduhtCEj_k		8102	SABBATH MORNING CLASS: Some Basics	
TqKX9VkAT_c		11391	Amar'e Stoudemire, Tell Us Why You Mad? (2nd Half)	
BlCeqspk8X0		4902	Amar'e Stoudemire, Tell Us Why You Mad? (1st Half)	
iSIy_VgkAnE		8319	MEMORIAL BLOWING OF TRUMPETS	
0Jg28Eu68bY		6846	RAVENING WOLVES: FIRE BOOTH	
Oq6w8rzvsHw		1204	OUR HIDDEN HISTORY: UNHINGED HEATHEN AND TRUE HISTORY	
8JsUvI5-W_M		15431	SABBATH NOON CLASS: Walk In Love	
FIcPmdWcKM8		8249	SABBATH MORNING CLASS: Bible Trivia	
GeMRTmm8tJY		3165	HAMMER TIME: Brothers That Are Unwise	
cHcmjmL8CSc		753	HAMMER TIME: Brothers That Are Unwise	
YImBDT6gbY8		7480	THE BIBLE: BOOK OF OUR FATHERS | A Great Evil Upon The Jews [PART 3]	
8_2jLyjVjsg		7260	RAVENING WOLVES: Restoring The Tabernacles of David Part 4	
EIbEN8BpQ6s		10475	OUR HIDDEN HISTORY: The Secrets of History: The Two Promised lands-Chapter Three	
UJS8-8gATkE		13223	SABBATH EVENING CLASS: The Secrets of History: The Two Promised lands-Chapter Two	
fY7MCWGjE3g		14524	SABBATH NOON CLASS: To Serve The Living God	
H1Nkm4MM9Nk		8411	SABBATH MORNING CLASS: The Wondrous  Truthbix Cube	
iytGeR00Low		14907	Understanding The Sabbath	
c7lQfUKi7nE		5342	Fixx Ya Face Fridays!!! Fire and Desire: The Wages of Sin.	
NtvTGxYWshI		7606	THE BIBLE: BOOK OF OUR FATHERS: A Great Evil upon the Jews Part 2	
llmVKJ-VV3Y		8950	RAVENING WOLVES: The Heathens That Are Called By God's Name	
5fFsSvCNG9s		7830	OUR HIDDEN HISTORY: Eve of Destruction and the Religion of Rebellion Part 3	
MovDZgJ2zvU		13111	SABBATH EVENING CLASS: The Secrets of History: The Two Promised Lands	
hjYy6PTSL64		12951	Sabbath Noon Class: Restoring The Tabernacle Of David Pt3	
2NiEZiSWjE8		8182	Sabbath Morning Class: Spirit Of Revolution	
5g4TH1NNA2I		17762	What Is Grace?	
eUY5V1oZeG4		7552	THE BIBLE: BOOK OF OUR FATHERS | A Great Evil Upon The Jews	
A4y6oPEF1gQ		8218	Ravening Wolves Radio: Restoring The Tabernacles of David Part 2	
Knnde9PdG-A		6692	Eve of Destruction and the Religion of Rebellion Part 2	
4klW6mc3CrQ		8526	Patient Saints Radio | August 09, 2020	
IczhtFtRGIU		11533	SABBATH NOON CLASS | AUGUST 8, 2020	
9BpcMkkQBYM		8324	SABBATH MORNING CLASS: We Don't Love Dem Hoe's	
HaCZzNJLayg		15944	If There Is No Rapture, YOU'RE ALL GONNA DIE	
7SYohRqkcjk		5196	Fixx Ya Face Fridays!!! Music Industry: Spirits of Seduction	
Sf05U2YApjA		4877	Fixx Ya Face Fridays!!! Music Industry: Spirits of Seduction	
If1b4BzxZn4		6748	NEW MOON CLASS | August 3, 2020	
32M7Qy9I_aE		7533	OUR HIDDEN HISTORY: Eve of Destruction and the Religion of Rebellion	
AbiROjhfKTE		7381	Patient Saints Radio | May 10, 2020	
G0gnoI_j_aQ		14352	SABBATH EVENING CLASS: The Armies Above and Below	
yB3Brbr1J1A		8287	SABBATH MORNING CLASS: The Mighty Olive Trees	
zlElk7aU5as		5183	Hammer Time: Stay Humble	
qsnVPQRoYgA		7808	THE BIBLE: BOOK OF OUR FATHERS: The Revelation of The Wicked (Part 3)	
OW0_JXlV7D4		770	THE BIBLE: BOOK OF OUR FATHERS: Dragon is Wrath	
Ak8QZrooJ-k		786	OUR HIDDEN HISTORY: THE COLOR OF GOD AND HIS PEOPLE IN AFRICA	
8zK-rvLHnuM		8668	Patient Saints Radio | July 26, 2020	
5qebaD9VwaY		14207	SABBATH EVENING CLASS: TD JAKES POTTERS HOUSE SUPPORTS JEW-ISH LIES	
VvfQ1DkXrBk		7922	SABBATH MORNING CLASS: Lets Remove Our Beam	
hUBHSTFD5Ac		5082	THE BIBLE: BOOK OF OUR FATHERS: THE REVELATIONS OF THE WICKED Part 2	
L150iY7J-2A		7792	Hammer Time: Who You Fear	
qeVmWObQtgE		5031	Annoying Agnostics, Christians & Sodomites	
OlktdWuQUXY		6491	Crazy Religous Negroes	
XJATgTuIVBU		1538	Regeneration in the Bible pt2	
OfeSju75iMY		3601	The Truth of Thanksgiving	
-U_-sfA5QuA		3601	The Truth Behind Christmas and New Years	
fnuC_xS6tcg		3601	The Origins of Halloween	
hWm-rNvPdFw		4039	Interracial Marriage	
47FuyanZ7e8		3601	Sickness and Health	
3gbsekMfwpo		3601	Your Pastor	
JLinM92nNhU		3601	Cornelius	
EEC2C0VjfZ4		3474	Jews and Gentiles	
x0RyWvn7RNE		3601	By the Rivers of Babylon	
77Wub5C_abI		3601	The Israelites: The Slave Trade! The Truth Shall Make You Free!... IUIC	
4mJJhSP0230		480	The Ark of the Covenant | Israel United In Christ Videos.flv	
WREIeQeXbwU		3601	Are God's Laws Destroyed?	
5KENvrYRfak		3600	The Truth Shall Make You Free: Jacob and Esau	
49xFwXLZSfY		1227	GET A JOB BY ISRAEL UNITED IN CHRIST	
tGn4uDRuiYM		3600	The Beginning and Midst of Times	
kDu6MLHxR1Y		3601	The Three Trials of Faith	
MUpOEgagoaw		3583	Gentiles Graffed In	
mHKbqNLtmwc		9924	Bishop Nathanyel | Revelation 1 A Visit From The Lord	
q5IK6YdmCh0		11736	Bishop Nathanyel | Revelation 2 Message to the 7 Churches	
vTxL9PTSR5M		10473	Bishop Nathanyel | Revelation 3 A Message to The 7 Churches	
QxDokX4hfJY		10462	Bishop Nathanyel | Revelation 4  Kingdom Vision	
AFiE1wxb1NA		8017	Bishop Nathanyel | Revelation 6 The 4 Horsemen	
DGULJ9oy1Mk		11188	Bishop Nathanyel | Revelation 7 Sealing The 144k	
N32pNhqGvak		12062	Bishop Nathanyel | Revelation 8 A Star Called Wormwood	
oC9ntig1we8		7251	Bishop Nathanyel | Revelation 9 Explained Pt. 1	
GtuMqjOu-Zs		4627	Bishop Nathanyel | Revelation 9 Explained Pt. 2	
bEYzbrYI75c		13572	Bishop Nathanyel | Revelation 10 The Little Book, Sweet and Bitter	
Dvja0vhkJ6o		16351	Bishop Nathanyel | Revelation 11 A Time Of Defamation	
w4JrBaDMV0E		11570	Bishop Nathanyel | Revelation 12 Red Dragon, Red Herring	
mxhky8UxD5A		12230	Bishop Nathanyel | Revelation 13 Jesus came to Kenya, A study of his image	
UoF-SkBZ6dI		12466	Bishop Nathanyel | Revelation 14 Part 1	
l9xWOTZxXR8		11337	Bishop Nathanyel | Revelation 14 Part 2	
fVcZw5IUhqQ		14402	Bishop Nathanyel | Revelation 15 The Seven Last Plagues	
O0fMDclbhrw		11429	Bishop Nathanyel | Breakdown Of Revelation 16	
gYocciEVrIc		7815	Bishop Nathanyel | Revelation 17 WW3: The EU Vs. America	
BpvGvvwAhJc		8059	Bishop Nathanyel | Revelation 18: Babylon Is Fallen	
ahBrGItI1mo		5863	Bishop Nathanyel | Revelation 19 Supper, War & Marriage	
6RecaZHll-Y		10040	Bishop Nathanyel | Revelation 20	
uhRzSgET4rs		8223	Bishop Nathanyel | Revelation 21 Thy Kingdom Come	
tPdnnbKPuyk		8393	Bishop Nathanyel | Revelation 22	
MEbvsm4oKkU		1754	Is The Cross Idolatry?	
raihIHV5U3g		4821	AOG | Black Knight Exposed	
5SAl7VfP_hw		3548	The Sin That No One Wants To Admit	
_fGh80B2GfI		6947	Coincidence Or Prophecy?	
PFt0jvE41NU		8057	AOG | Spiritual Inception	
2yKRIaWqgR8		4119	The Father Every Broken Son Needs	
Yzma3sQJ5FU		1624	What If Your Faith Is Just Tradition?	
rXR7cv0uyTA		1574	We’re Celebrating While Our People Are Dying	
eXdQk_m3kiA		7545	AOG | Spider-Man Brand New Day The Four Fs Of Trauma	
QKlkwy-sz70		5009	Christianity, Miseducation Of The Bible	
JaUjdJbT2Ng		5768	Everyone Wants A Reward...Until The Books Open	
17b3c8ZQpCY		4421	Pride And Self-Willed, The Enemy Within	
vC3l1PcMXMQ		3001	Why Influencers Are Paid To Lie To You (Spiritual Matrix)	
Qn34Jtnxbhw		5828	AOG | Planet of the Apes or Planet of the Gods PT 2 ReRun	
OMrPs8-0bcE		1741	Why Your Mindset Is A Trap	
it-9lIE1eF8		1479	Could The Bible Reveal Your True Identity?	
b4B7pItwY50		5355	Planet Of The Apes Or Planet Of The Gods	
mZRMYN-2j0U		3858	Why Complaining Destroys God’s People	
gxrCDtfvj0o		1823	The Truth About Church Cliques (Why They Destroy Ministries)	
bbBxFi1r1-E		2310	The Secret Behind Generational Trauma	
iIddY2OKdoo		5673	AOG | The Pirates Of The Caribbeans (Re-Run)	
cMFCfvpRip8		1598	The Hidden Battle Every Man Fights (And How To Win)	
fB57mmfQHOg		1378	Modern Religion Is Lying To You	
8tETskY2Cgg		2560	The Truth About Self-Defense Laws In America	
r-NlRomiJEo		1707	The Hidden Pharisee Spirit, Destroying Churches Today	
Y99Er-LSe_8		7076	AOG | The token black man: accident or agenda	
FGoCq7-QXAk		5678	The Hidden Psychology Of Seduction	
T8jjeYbYmbg		4131	The Truth About The End Times	
DQvoejBxu_4		1069	She Trusted A Stranger....But Rejected The Bible!!	
T9yrf3x3deE		2323	Is America’s Empire Starting To Crack?	
L737R3XzLvI		2162	The Truth About Divorce No One Wants To Hear	
pA3GYJffhjs		1300	Does God Really Support Slavery?	
iFGxdcFSe48		4180	Why Women Getting Revenge Always Backfires?	
mxADQLCkeCg		3079	Did Archaeology Just Prove The Bible Right!?	
KG1aHQ_yXjM		8516	AOG | Your Children Are Watching THIS!!	
BwakRV88uQQ		829	What Happens When Men Stop Fearing God!?	
JXRwtIQV2VQ		7931	Why Nobody Talks About Native Genocide?	
2hlTatFWjq0		822	Why They Fear Black And Brown Unity	
eorYAp0jnP0		6587	AOG | Why Them?	
Oext9L9UtYo		7721	Why History Erased God’s Chosen People	
utIuSY32HO0		1136	Does The Bible Predict Our Suffering?	
rmgPJdGTD-E		746	What Really Happened To The Black Family?	
BEHr-dutGoA		7478	AOG | Disclosure Day The Truth About UFOs, UAPs & the Great Deception	
9J2epSjXhvU		1171	They Lied About Your Identity!	
4JeKvUTgHTs		2786	Megan Thee Stallion: And The Fall Of Modern Women	
RAbyK_1Blu4		1996	She Thought She Was Haitian Until They Opened The Bible	
8kQQRIa_2d4		6662	AOG | What Films Won’t Say Out Loud	
mGi7r5VV3Z4		1605	The Hidden Agenda Behind Modern Culture	
ubr5zcBl1-o		3161	The Truth About The Israelite Curses	
JQWLX-l0WpE		1987	Why They Hid Israelite History	
ohdM-5ULD0E		5845	The Moment Before The Moment: How Triggers Control Outcomes	
UAKade8xxtU		4944	Science Vs God Who Should You Trust?	
LfrNxnGVqxM		1664	Why Modern Churches Ignore The Truth Of The Bible?	
u2G21f7W4mU		5265	AOG | The Creator And The Created: Blade Runners Spiritual Allegory	
nDWv6r9U0j8		7168	Ye Know Not What Ye Worship	
k7sERpwsbbg		2230	How To Sell To The Negro	
G6sBN4mHFS4		2354	Adult Consequences Of A Spoiled Child	
OhzPB3ueCOQ		7378	AOG | Every Door Has A Price	
ItEc4kL80IY		4453	Jesus Warned Us About These Churches	
BiLCI7IG2TI		1456	The Truth About Broken Families	
-45JOO7kPtw		2471	The Truth Behind Trump's Golden Statue!!	
hHk34xPbMN4		2860	Mental Instability From Childhood Trauma	
Li6vkNXZkfw		2377	Did Paul Contradict Jesus?	
h0z8nve9LdE		7518	The Funding Of Prisons And Foolishness Of Israel	
dOHz4W6NTVA		2483	Bombs Over Tel Aviv	
UosKnsiajvQ		7341	The Wisdom In Zion	
6j0K6CLd8Vs		1177	Black Jesus Got Taiwan Shook!	
ubOiZekUu4s		2060	The Conquest Of America	
G8l2LGnnuCc		7713	AOG | Obsession: What You MISSED!!! 😯🤫🤫	
HWgw9rGWZGU		2921	The Truth About The Military Draft	
JGSqVvH7-BM		1752	Does Christianity Make The Community Worse?	
1GWjUQ8IOAE		7817	Cultivating God’s Chosen Seed	
PBheXXjhgRI		4473	Entertainment Influencing The Mind Spiritually	
uW-CtOaadSQ		7645	Subduing The Root Of Bitterness	
Qvs63wqs_tM		2935	Satanás Vino Y Perdió La Batalla	
Sk70oXwQ6Oc		4508	Well...That Went Left, The Israelites Shut Down South African Podcaster	
QN6lkc8ATZI		2750	AOG | AOG 2026	
vxDap_uSVrA		2228	God’s Judgement For Whoremongers	
iF7H26_sO64		3320	Is America Past The Point Of Being Saved?	
Ui4UJNQvzkQ		8238	Church Invites ISRAELITES Inside 😮... MUST SEE!!!	
6Fl8x1A94JU		2188	Are Girlfriends 304s?	
CnjS7KPRt2g		2778	WW3, Escaping Nuclear Destruction!	
Xq6mRubqw7U		1817	Who Can Oppose The Word Of God?	
lUdseW79ZwI		5646	AOG | Are Black People Like Viltrumites?	
SZRkpxBT_wA		4051	Babylon's Fire: Fueled By Your Lust	
ru7telil6wc		3853	How Long Raleigh NC?	
RRJRftxy0nw		1498	Unity With Esau??? Never Trust Thine Enemy	
gWtI8aVZIYY		6888	Biblical Hit List Part 7	
-fWrm6Gn-uQ		1897	Prophecies Of War	
_sHLDS04Goc		6996	AOG | The Messages From “The Witch” C.I.A Rerun	
NZD8oZr4x9s		6684	Disciplined Speech In A Holy Nation	
t9y5CGCi9e0		1475	The Mind Control Of False Doctrines	
ZLGW8mXKAuI		2571	The Corrupt Mindset Of Black People	
V9l2dxSuav0		2763	The Deceiver: Born Speaking Lies	
MCNh-gvTVVY		1417	He Was Cutting Himself... Until He Met The Prophets	
B4j7nP3wv2M		740	Chris Gets All His Sins Off His Chest	
mZ7nSoTNUL0		7214	Keys To Becoming A Worthy Wife	
Y38No2pVj-I		7104	AOG | Cartoon Conspiracies (Rerun)	
G6SrmxC9Fjk		3274	Have We Been Deceived?	
7dszBxZaO8E		2396	Iran Is Not Amalek	
GSR9A_hXJm0		2865	A Moorish Edomite? Repent Brother You Are Of Israel	
7au6D2gEE1A		1303	The Bible: A Weapon Of Mass Destruction	
yQ1nVNuk7iI		1512	Heavens Only For The 12 Tribes	
6da3wCZl9fc		2664	Prophecy Fulfilled In The Midst Of War	
493pp3330YI		1583	Fringes Only On The Sabbath???	
0CP1KngQH-k		7848	AOG | Spiritual Transformation Then Physical Transformation Recap	
DPKC70Vx7LU		1412	The Negro Project	
88x-OyS2hzI		6640	The Heathen Helped Forward Our Affliction	
fEDqwER3S7c		1380	El Diezmo Era Para Los Levitas…¡no Para Tu Pastor! Prueba Bíblica	
gFxV1GY9mdU		1804	Rebellious OG Gets Reality Check	
qlyImRju9PY		1765	God Will Give You Reparations	
JcmdZTWLa34		7125	AOG | My Fellow Preppers Survival Of The Fittest	
Bxjj7erfxDE		5502	El Arrepentimiento No Tiene Edad	
zSKkUDTSaC8		2346	The Power Of Imagery	
EKhmImz1VKk		7787	AOG | Solo Leveling Spiritually Becoming Limitless Part 2	
5QAgzy71QeI		2042	Sleeper Cells In America	
5fyBjVSp8p8		2161	From Exile To Glory: The Real Jews	
s2irKfgsmEI		6934	Why Is Most Black History Only Oppression?	
EiqRKK2idEQ		1385	What Is The Holy Ghost	
uVxR3V7oyXQ		1446	Banned For The Bible?!	
sznz2asi-jo		2259	Who Gave Black People Religion?	
C5q1LSCTD88		2790	Why Is Christ The Key To The 12 Tribes?	
d_phVgKyLEY		5607	AOG | Solo Leveling Spiritually: Becoming Limitless	
_yIARq9gefw		2612	What To Do When A Demon Is On You!	
CNuH0v0654A		1128	The Enemy Took Our High Holy Days And Changed Them	
qIR93ChsAjI		7035	Current Events: 28 Of February	
0P97Zw3KGOg		1670	France vs. God	
c5YwYRtEnu8		5673	AOG | The Pirates Of The Caribbean	
w7RvPEQCG1Y		3238	The Age Of Deception Christianity And Social Media	
MQGPhdIXX_A		1591	Moda vs Biblia: ¿Por Qué Los Pantalones No Son Para Mujeres?	
qaxgTYkPYjw		881	Faith Cometh By Hearing	
IbkBy0pnWps		7123	I See Two Faces	
r9DfbH7Rv-k		2639	Empire In Decline	
_PtqRCBX0T4		6868	AOG | The Lord Of The Rings	
jWkr6w75jZY		1810	There Is No Such Thing As Spiritual Israel	
z2wdjTkXtbQ		1993	God Only Loves One Race, Is God Racist!?	
9WfzFvoaPxE		2341	Pharisees Of Old Still Deceiving The People	
kBXtBU4JcOY		4479	From Broken Vows To Biblical Healing	
UDUV0YbOy6Q		2625	Never Forget The Horror Of Slavery	
o6KHBD9ovvw		6203	Biblical Prophecy And Nuclear War Explained	
98PI7i3gqk8		3756	Black Power Is Black Unity	
aCtjSDWUfIM		4496	The Return Of The Gods And The End Of The Wicked	
PewUw0BJDp8		1685	Captain Josiah Vs Angry Christian	
fc4NjcgCEVo		3382	What Is The Rapture	
HlRIMOCQlhM		3064	Satans Influence On Societal Norms	
4wIfeku5yRw		7336	AOG | The Spell Caster	
lAqA7XnXWr0		2486	Oil, Empire,  And Prophecy. Esau Moves On Asher	
iJjjHC2a6Do		2836	America And Zionist Hate Christ	
m_X0jAMDn9I		1328	The Bible, The Book Of The Negros	
zTiLIff2vRc		2519	WW3 On The Rise And The Fall Of Babylon The Great	
jnQhgDhbz0Y		1388	This Is How Oppression Starts	
_pPoGql9JbE		7322	AOG | Lose Weight Or Die Trying	
WVdlzCbdyfI		2879	Societal Norms Formed By Satan	
GB9qZ5P0Zmc		1092	You Are Of Your Father The Devil	
vuf7cFp5PoU		8368	The Redeemed Of The Lord	
5kfEkoDMdxM		3756	Biblical Defense For The Modern World	
76aVK_0xgjU		2358	The Red Man's Destructive Weapons	
ddxAB338P4k		9316	AOG | Cavemen & Dinosaurs	
gkRd5BwBID4		61	85 Years Later: Choosing The True Image Of Christ	
zndS3BW_oXs		2291	Satan's Spirit Is Sitting In The Whitehouse	
QWzU4GqPJEE		6764	If You Love Me Keep Gods Commandments	
f3fLM9UikQ8		2647	The Lies Of Christianity And The True Doctrine Of Christ	
-Vl4gEwbe_8		2594	Avery's Doctrine Of Devils	
1aerhd1nx40		1999	Many Will Be Deceived By False Prophets	
egz2GOOX87c		2480	The Rise Of Christian Nationalism	
hgz-xlGSI4w		2636	Out Of All Creation God Chose One!	
_nZGBlkrxSc		1265	Zootopia's Hidden Messages	
KVmb9m96R60		6676	What's Really New This Year, Same Agenda New Year	
NnXKff30ZuA		7661	AOG | Civil War	
2Mm1TaT4N3I		2415	We Sold Ourselves!? Lies In The New Living Translation	
aKj7fJ6sCn4		2180	Sirach 18:2 We Can't Be Righteous??	
2DK_iPacAcQ		3065	Is There Freedom In Religion?	
8cBKHOhKxB8		7183	Charlotte Icy Web Reached Raleigh And The Chicago Children Of Chaos	
t5XUb5sh8pc		2358	The Red Man's Destructive Weapons	
s79nZ-tWIN0		7838	Don't Let Satan Catch You Stay In The Spirit	
sCXlvPy5HAs		1389	What In My Day To Day Life Should I Counsel On?	
WBxUvE6umnI		6339	Loving Thy Neighbor Includes Their Health	
nmK2yAD66zE		4496	Church Sit Down: IUIC Leaves Christian Pastor With A Lot To Think About	
vWlaeY6JGmA		2047	Aint No Portal For 2819	
WsusAbiDEzQ		2260	Keeping The Laws Lead To Immortality	
3kuVQXxUI_8		8056	Frankenstein The Anatomy Of A Manufactured Negro	
2QkrN524r28		6953	The Mask Of Pride When The Image Replaces The Spirit	
vMn7gxgczmA		2530	The Goal Of Discipline Is To Restore Not To Destroy	
_-zRxBJDPYM		1259	Jerusalem: Our Chief Joy	
_Quu2OPqMZU		1200	Was The Blood On The Door Post Symbolic Of Christ?	
Noukk5N2_Rs		3108	The Brainwashing Of Christian Orthodoxy	
-j0ofkKPldc		1069	Cristo Solo Vendrá Por Nuestra Raza	
ZmkDbZ6w4lg		2222	What About Jasher And The Missing Books?	
90y0NL2mCuo		2510	Worship Of The First Beast	
MbiNHP8Nn1U		1000	How To Interpret My Dreams?	
xrELWAKwKqM		7399	A Peculiar People	
XbEO5FL34y8		2047	The Devil Wants To Recolonize Africa	
A0rchP9SqGs		1008	3I Atlas or UFO?	
pj6fUGJ4TZc		8132	The Dangers Of Miscegenation	
TQEmsT-PpVM		765	White People Are Edomites	
rzPX-ebm5Ec		1020	Can Christians Prove Christmas Is Holy After This Video?	
gBua9_-pHA0		2406	Kwanzaa Is A Man Made Holiday	
76_L7OiLw3Q		1999	Romans 10:9 Is Salvation For Everyone?	
cI92aSukuCE		1558	Christ The Black Messiah Is Coming To Destroy And Redeem	
2Dai4Wc7Sxw		945	The True Essence Of Woman's Beauty	
743SiGZ73T4		3070	The Founder Of Falsehood	
2XZ4v1mOkUE		8556	AOG | Theologians' Trinity Trash Armory Unloaded	
gZCrYFMq_Fo		6484	Rebuilding The Nation Of Israel Brick By Brick	
oZS2YAgCYsQ		7216	Black Fatigue	
E2CvhXymSeE		8829	Wisdom And It's Application	
SnPe0kzItqg		2041	The Great Red Dragon Revealed Through Obedience	
KENs5t6VlXE		380	Will The 144,000 Go Through Persecution?	
TP4TU7MtwwM		8870	Wisdom Vs Stupidity	
Fb_EKEfSwX4		1757	Christmas: Rooted In Black Enslavement	
vH3faM1zL3U		1118	Family In Need Lives With Me But Doesn't Keep The Laws?	
6ya5K65kgJU		2167	The Government Shutdown And Pending Upheaval	
CDb5RBJavz4		7437	The Black Crown	
6Lb2vFSXSv0		497	How Would Leadership Recommend Cutting A Worldly Friend Off?	
7dAWxFLFOgg		2555	False Prophet P.A.M Butchers End Time Prophecy	
rpuPImLPJPM		2246	Black Woman Love Massa But Hate The Black Man!!	
7jija9xjSgQ		1039	AOG | Unholy Trailers	
VXUvG3FAKsc		594	She Traded Eternal Life For A Pair Of Levi's	
oGmVMo1rpFk		2982	Porn Is Idolatry	
e9LfuK7N7Bw		949	Your Brother Is Not Jesus!!	
RDTnd96-HW4		3024	All Religions Are Atheist!	
wMQgK2LYNUY		1196	If IUIC Is Wrong Then Go Out Work Us	
WlL5hKG8sGk		7062	AOG | The Unholy	
MJH86andksI		2398	Edom: The Vilest Creature On Earth	
NNoZpyCW9b4		1886	The Kingdom Is Not For The Wicked	
prwgXVclYWE		1943	BHI’s Says Latinos & Natives Are Not Gods Chosen!	
TZSeUo-_hx4		2214	Black Christian Says Christ Was Illiterate?!	
Pkyqq_-uc8c		7156	Simple Men And 304's Is Not What God Wants	
tLJ3Kdf2I4w		2113	The Hypocrisies Of P.A.M False Teachings Of 2819 Church	
Sd0uPqn-VJU		2683	Have You Really Read The Bible	
ofjeVi8XoBk		1009	Transforming Your Life Into Pure Gold	
s0Sd8lc3aC0		2362	This Shocked NCCU Homecoming	
8i2u8xyHwYE		7059	AOG | The Book Of Eli Explained	
3LcORsw5TZg		2037	IUIC Helps Latina That Was Taught Blacks Were Nothing	
kf7BvxskSuQ		1859	Abominations Running Rampant At NCCU	
EvvTgWgJkCI		981	Hateful Women That Don't Know Their GOD!	
LY__5oBj1H4		9437	The Called Vs The Chosen	
uR3N6urYKSk		1749	Don't Be That Woman With The Attire Of A Harlot	
5nxPUG4jQV0		2500	Kingdom Building And The Fall Of Nations	
hrsAyKK8LQk		3182	Esau, Rome, & America: Do Edomites Still Exist?	
opyDwvoNF9c		1313	Hidden Heritage Exposed	
zYdCMX0xo6Q		1697	When The Children Of God Choose The World	
_07Jm6SWKhw		1280	Is There Equality With God?	
uqWrKaV9tfg		2841	You Teach For Debate	
Er0qSFB8Mz4		7027	Gad A Troop Shall Overcome	
z44ZCTGkBmM		2505	Nigeria Religious War Lies Exposed	
FL94wFpQgwQ		1722	Nature Itself Tells You How To Live	
eqyXX4pIkbA		2841	God Logic Is Pathetic	
RKbJy3hudm4		2458	The Judgement For A Rapist And Trauma Triggers	
O3xk0uHw4Yk		7860	Forgive And Be Forgiven: The Day Of Atonement	
qdn-qhE2bJc		1842	Jesus Christ Is The God Of The Old Testament	
sUSaQZdbJkM		2669	Two Apologetics Try To Debate The Israelites	
PJhLys1C8jM		9063	HBO’s Weapons Explained: The Scarlet Woman of Witchcraft & the War on the Saints	
ucK_e4C3tuM		1009	Q & A: Breaking Bread	
kc8ZgsniQG8		6607	AOG | Spirits Among Us: Halloween, Horror, And Hidden Forces	
5W4qOmHg6oQ		2297	Incarceration Is The New Slavery	
mqC39p7kPSw		930	God’s Law Is Your True Heritage	
rYtlpgphZ0s		6457	Family Ties	
d_K5l4aHrBc		2839	BHI's Reject Yahawashi's Teaching On Multiple Wives	
SzS8aGP9vTA		7295	Do You Know Who You're Doing Good To?	
I0BXqvhr3H0		6273	The Israelites: AOG | Satan's Future Plans	
7lkiTRURLT0		861	Judgments For Forgetting Our God	
NKb-LrLtvAg		8814	Corrupt Kindred: When The Wrong Spirits Find Each Other	
PWI8vdJ_5gY		1326	Dontay VS The Prophets	
ds-bkT_g4BI		1334	Blame Game: Black And Hispanic Hatred	
qYKbpUXNG1w		99	#blacks #fyp #explore #bible #latino #native #God #Christian #pray	
Rlp1kX2RL7E		6248	Wisdom Uncoded To His Chosen	
L_UJeJ-YYDc		1925	An Apologetic Confronts IUIC About Salvation	
TgXNP3ldmQQ		9343	AOG | Edge Of Tomorrow: The Image Of The Army Of God	
Esoc7zBtWTI		1741	Fake Thug Hates Latinos	
SulVpPj3tfg		2925	Chase After God Not Women!	
DhA4Flp1Gm0		1749	Sin Is Our Kryptonite	
-yXq43S5tH8		923	Do Not Prostitute Thy Daughter	
_wdJli_gvAE		2341	Rich Black Men Dont Get White Privilege	
HdTsj75tBco		390	The Danger In Your Desires	
fX7rYke_Wgo		2518	Dealing With Multiple Men Makes You A Whore!	
8rHM7T5EmY8		1376	The Spirit Of Anti Christ 	
B90mc-Kkja8		652	Are You A Rebel In God's Eyes?	
G4C3-0pDADs		1313	Remember Every Idle Word	
PdfFUwyABIo		486	Idolatry Equals Death	
hm8OVPAKeI8		2309	From Brokenness To Restoration	
0b7Zfdh4VIc		1871	Instructing The Aged Woman In Truth And Righteousness	
qd5CT4_muj4		1719	Philip Anthony Mitchell Sold His Soul	
adGBpblMM4Y		1130	Your Repentance Is Your First Step To Rulership	
NtJ0fREFjyQ		8631	AOG | They Live	
FKx9QDR-QsE		2032	Gods Laws Are Not Hard To Keep	
MDgB-kkW_hQ		3485	Health and wellness	
-4Bk__1KuPs		1858	Biblical Cure To The Black Man's Self Hatred	
G7UKUPhj9kA		612	Brother Finds Out He's From The Tribe Of GAD	
2c02SV_SFUI		1391	The Consequences For Touching God's Anointed!	
n4k8PC3JI0E		1170	Man Of God VS. Mike The Wine Bibber	
kSmPklgXL_4		1454	Satan Is Her Husband	
XsqeU6D1bu8		7213	I listen, And I’m Judging	
RHQrsq1hPT8		2819	Is The Serpent In The Garden Still Deceiving Eve?	
aR9x5jQhkus		1093	Grace Is Over When Christ Returns	
UvFC4ESNhb8		6996	AOG | Messages From "The Witch" C.I.A	
fS5Zouzx0PA		1563	Keeping It 💯 About Our Oppressor	
Ptt6aBcptY0		2602	Why Can’t Black Christians See Racism?	
O-XyF7_UfOg		1355	Christ’s Description Isn't A Secret Anymore	
XlzIYFnBa6E		7211	WW3 The Black Preacher And The Lost Sheep	
yxqbEKgS-NI		848	Reasons Not To Have Sex Before Marriage	
tyUnglaZvEQ		1526	If They Don’t Want To Marry You, Run!	
DB_OO4caY18		5167	Self Sabotage And Willful Self Destruction	
L5CBtmRIAYQ		2842	Who Taught You To Hate Your Skin Color?	
x0kgDtpVt2s		3755	Songs Of Deliverance: Negro Spirituals & Israelite Identity	
lA3cXNhcixI		1061	Why Are Christians So Violent?	
L9aVBuqxVro		2353	America Is Lucifer The Light Bearer	
5Ka5TQVez7M		1661	Reconstructing Our People With The Holy Book	
XoP-KN3BGno		1650	What God Requires Of You & The Biblical Depiction Of Christ	
RiQDn_Ej-ZU		6250	Empty, Swept & Garnished	
QlcvIDJSabo		1655	Bugged out brother thinks Christ is already here!?	
1guB2XalPYA		4067	Feminism Is The Anti-God Movement	
B6K77GpFZ70		2446	You’re A Baptist Because Your Slave Master Was A Baptist	
_btYw4DL86g		6498	AOG | Saints And Sinners Emptying Out The Armory	
-zcjr-mG8v8		1137	We Have To Correct You Lying Pastor!	
X0R8T6EBHSQ		2300	Islam Is Not Ordained By God!	
A9xnEbQ6aHc		730	Through Crafty Council We Were Destroyed	
VyHtINmYEWI		5937	The Hurt Of God, Destroyed To Understand His Love	
C5j2LiWltLY		3327	These Children Think The White Man Is Jesus! The Older Generation Have Failed Them!	
NyUfz_t-hU4		2609	The Power Of Black Consciousness	
XxNfnhqvLR4		1705	Our People Still Reject The Oracles Of God	
kn9_IXhtra4		7565	AOG | Three Wishes Part 2	
cJ3cgIzVnfI		527	Wearing The Cross Is Mocking Christ	
drUiFj4RXhk		2194	Lost Sheep Living In Lies	
aKkEJHJyTQQ		810	God Will Punish You For Your Sins	
wRyANkXHrcQ		2876	Isaiah 14 & 60 Haven't Been Fulfilled Yet!	
6_DfJV4rjTs		1902	Domestic Violence Is Still Rampant In The Hood!	
HacaaIMJI7I		2529	Parents! Your Kids Are Not Your Friends!	
OkwH-wQZmQo		7419	The Bible: The Black Man’s True Culture	
b-y8BqLP8zo		1166	Mind Control And The Image Of The Beast	
_TyfMj8DOPQ		1119	Pastors Told Nay-Nay Christ Was All Colors	
XqTFqFi1MSU		1862	There Is No Healing For Babylon	
X538WvNR7rg		4507	I Got 40,000 Reasons Why The Church Ain't It!	
oB9UQW7PY8U		712	We Must Correct Our Brothers	
LJ4DZgcMK1E		1520	I Can't Believe You're Still A Christian!	
S8gsuIXXkKQ		2013	Redneck Thinks The Police Can Stop This Truth!	
87VQtGK_Gw8		4612	Built Like A Woman, Fall Of The Emotional Man	
ZDy4qIO6PuE		1340	True Riches: A Promise From God	
EJUOBouQeiI		7182	Rejoice Thou Holy Prophets And Apostles	
Dcu8oobf5Z8		741	Preventing STD's According To The Bible	
_Th6FbkVuzo		829	God Is A Top G: He Heals, He Kills, He Reigns	
t7sN7fLZhYs		566	Real Africans Sold Real Jews As Slaves	
ma63v81jdG8		2048	You'll Be Cursed By God For Disobeying Your Parents	
PqPQt4e8dRo		7854	AOG | The Watchmen's Call: Preparedness And Vigilance	
HxQ054CxAwk		1550	Injustice and Colonization	
quuly5Xqms4		3257	Christ Did Not Come To Destroy The Law	
1bCDWseDB-o		7341	Single Mommas Been Raising YN's	
kVd-VJWmD14		1102	Feminist Tries To Scatter Sheep With Her Blasphemy	
PoNho5ziXL4		2234	Iran Vows Revenge Against Israel	
qLsVUgHkvcw		1434	The Lord Is A Man Of War	
632qYgjZDuo		1167	News flash: God Don’t Love All People	
zVvOcw3T2pg		3305	2819 Church Hates Black Jesus	
WS3jQeXqY4c		2378	Them Idols Tampered With Your Brain	
leG0IRviqu4		7515	AOG | Three Wishes, No Freedom: The Slave In The Lamp	
AQwcVIAQ_SE		6205	Seducing Sinners: Guard Your Spirit	
Xw0apGvUGpg		7252	Come Out Of Her My People	
jinOduyuUDs		6505	Romans 2 - The Hypocrisy Of A Leader And Beyond Christian Comprehension	
8R9-g7ATRRs		5819	My Brother & Me	
a1N8zMX7Qxw		2009	White People Invented The State Of Israel	
LDG-POmPMRY		8243	AOG | Thunderbolts: Escaping The Void Within	
HH2uq7e-ud0		1112	It's The Last Days, And They Still Don’t Know Christ is black	
kmXR6gKgAjQ		504	Jesus Christ Is The Son Of The Most High God	
cC3nnJr4gKI		4081	Crackpot Christians	
3LcyGeVOBU0		5981	Easter Is Not Of Christian Origin	
HZAhfSP1s9g		1116	Dressing Like A Whore Attracts Whoremongers	
daR789ZnlMY		647	The Understanding Of God's Affliction	
FOLO-h9pjBM		1097	Marriage Is Honorable, Not Boyfriend Girlfriend	
WGdGh4zBmn0		2192	Manipulating The Mind Through Social Media	
gkkH31Igpac		2013	Sin Brought Us Slavery The Laws Brought Us Freedom	
XdCXZZHimjU		8321	AOG | Philip Anthony Mitchell And The TWISTING OF SCRIPTURE	
8L-YffuKOOI		1272	Jose And His Female Pastor Reject The Words Of The Bible	
nu18L8UkyXs		81	#iuic #latinos #negros #nativosamericanos #unidad #biblia #nacionalidad #cristianismo #historia	
h73ZD-X29bQ		1472	Help!!! My Mind Is Borderline Seared!	
z2wtkNJ8-Uw		1664	Are Black People Cursed?	
CFjMz-ec1rE		922	Smoking Weed Is Modern Day Witchcraft	
Lq8Qid4Yfgk		1075	You Love The Wrong God	
yzH-dqX--hs		739	Edomite In Tears After Boyfriend Is Exposed	
6wuflkAAt5E		7209	Your Location Does Not Determine Your Nation	
VS3RnIhYC_Y		1074	Real Men Don’t Put Women On Pedestals	
FEMpOGyZalA		1887	The Prophets VS Hebrew Christians	
3ODV7P6pVOs		4881	Out Of A Dark Place	
c3hfENyXQVA		3715	If You Are A Follower Of Christ You Will Be Persecuted	
k6TEB_u-be8		1917	Muhammad The False Prophet!	
gGOfXgh8gbE		6975	The Shadow Confrontation Navigating Your Inner Battles	
PBgBZ9d4wIg		848	Christianity's Psychological Warfare On Christ	
B6Y46F-mNIQ		1373	IUIC Sends A Shout Out To This Brother!	
DwneTfZmScw		796	The Ox Knows Its Owner But Israel Don't Have A Clue	
YEXnIJyD9vI		2767	To all you haters, shut up, listen and learn!	
KRdNJvVVa0M		2195	France oppresses the gospel in Maritius Island!	
wNptsjTm3hc		5981	Annihilation When Generations Fall	
BS3HZirsd3M		1873	Who Told You Christ Was A White Man?	
l-geRGtxT_M		3355	In The Vault | Assimilation = Self-Hatred	
Rkkpkad9Mkw		7182	The Government Shutdown Is Over For Now But Not Everything Is Back To Normal	
a2lwnqtF3oQ		93	#bible #motivation #history #native #god #christ #truth #live #reaction #black #latino #indian	
5xeghIVuvRE		1283	American Holidays Were Helladays For Slaves	
IYAlnXXuKuQ		609	Smoking Away Your Salvation	
m-1TRWCbI0g		1303	The Lord Aint Listening To Sinners	
X0_KpKwljL8		2258	€45,000 for teaching the truth? WTH France!	
Yc9Vkfj-DnQ		1291	Christianity Has Destroyed The Minds Of God's People	
SaiLaXNH5O4		2768	Lost Souls Searching For Light	
aS31oeQEkc4		2048	Something Is Wrong With Your Frontal Lobe!	
LVC979fryMw		2167	URBAN APOLOGETIC TRIES TO CRITIQUE IUIC	
7Kyan8KKqwA		3192	Fascism Of The USA	
VpuqISB0j2k		7844	AOG | The Saga Of Black Vikings PT 2	
jQvlk85ts1o		998	White Lies And The Truth On Christ's Disguise	
93HS4fNruPo		1294	Yokes Of Iron Still Plagues Our People	
Pp52Gg9_9c0		1135	Rejoice Israel When God Brings Judgement To Our Enemies	
9xoJ2-JsFBs		2367	You Blacks And Hispanics Are The Elect Of God	
Ko_aXJfJKuA		1931	Is Your Beauty Worth Your Health	
TWLmR3B0ynw		6371	AOG | The Saga Of Black Vikings	
OSITwvKDd-E		1135	Rejoice Israel When God Bring Judgement To Our Enemies	
baKhaCoCV2A		2988	The France Government Is Against the Bible	
tyO0pJTUGE4		2647	The Stoning Of The Prophets Will Increase	
2pcnf6Ni1Lw		4229	Guyanese Radio	
VsmPZkyHV2I		6713	The Devil Exposed Himself!	
3sa3cP7OqfA		1419	The Warning Before The Destruction	
e4S5KQZUvIg		6676	Oak 93.5 Radio| Unity	
HCwC-SaFyc8		4419	Hammer Time - The Evil Of France The Dragon Will Burn	
3NsqvC1jpQc		1933	15 Year Old Bi-Sexual? What Is Happening To Our Children?	
Q_a9RfyZaoQ		6328	Armor Of God | France And Its Black Horseman	
Ef3MRF1t8-w		1558	Sè Wilda Pa Konn Mèt li? (Sister Wilda Don’t know who her God is)	
H6FOGmgRNJc		1243	Los Conquistadores Nos Pusieron En Cándelas	
OvvPJJzXEOo		2619	You Cant Buy Your Way Into The Kingdom Of Heaven	
IDPM2zzSSvU		398	The Revolutionaries Of Gad:Navajo Code Talkers	
CfbyQy7pqZA		2116	Apolopathetic Haters Are Helped By The FBI	
JjxKG0_wskU		5227	The Assertion Of Cognitive Distortion	
oysps2LbWPM		1038	You Will Be Unalived For Not Wearing Fringes	
phG73RIphMM		2060	Should I Sign The White Man's Marriage Papers	
Vf6n3hKaL_U		2298	The Truth Always Comes Out!	
Nh7zxPZMLKA		1711	Captain Seriyah Exposes The Secrets Behind The Cross	
GvniFVjR_Vo		4511	Providing Solutions For Our Older Generation	
oEjJjL7LzVQ		7761	Is Passion Of The Christ Idolatry?	
jsjxuwblo5k		6330	Let Not These Things Slip	
DVbmTpyBr_A		1804	The Time Is Short Stop Serving Idol Gods	
Dhv4xfkEcqM		6393	Defiled To Gold Whosoever Believeth Shall Be Saved	
5lqY3ewgs7o		1871	Islam Is A Fake Religion	
8ngvgERoPdE		6992	Armor Of God | Blood & Brimstone: Vampires & Hell	
v3N9o0moXgk		1280	Manwhores Are Rampant In The Projects	
0V6MvLutp4Y		560	If This Is Jesus Then Who Is This	
AFunjwWXWCU		6943	Don’t Let Your Emotion Effect Your Works	
KGFAwYx8S4s		1347	Tú Eres Un Rey En La Tierra	
Uc-ULAaqJbQ		3620	The Royal Law	
gJM7TZMc0FI		3632	Who is the new covenant for?	
rjLxWbEhIUs		508	Was Slavery Based On Race	
63UHE9sCDfk		2702	The FBI Is Against Us	
TyG2ytWZCrg		974	Cristo Tiene Color No Es Transparente!	
QSxuD3w1Wvc		6061	You Repented But Social Media Says It All	
ROjK2esj_vY		1675	God's enemies have plotted against us	
Hc_37DgCw7w		5443	Not John 3:16 Again!	
FLmKXxJy0a8		873	Don’t allow Your Daughter To Be Defiled	
lW8okbaOf-w		1165	Romans Chapter 9 Explained	
mEPw1aty-0Y		969	Christians Talk But Don’t Read At All	
qgjS3jyVDbc		1701	So Now Jesus Blood Make You A Jew?	
Uztvw3SRufQ		622	The Revolutionaries Of Gad: Black Elk	
RZfO4UBw1Us		1762	Tariffs Leading To WW3	
-a1PgUzz9tU		1769	Preachers Been Preaching But The End Hasn’t Come	
9ZZzrOdTcy0		674	Elderly Learns Black History	
5F8IMjUkOh8		4466	Proverbs Chapter 2	
-cLllNC7Qyw		1177	Should We Be Voting	
rUYn9XC6qnM		1229	Jamal Bryant Comes Clean About IUIC	
OHeKGFuOOlk		1805	Who Is The Anti-Christ	
mzAIyjBKC-E		1449	Young Simba Finds The Circle Of Life	
Mwd3zRWiBF0		841	Mr. Panky Got Rid Of His Cross Quick!	
TDYYJjDQDGs		1286	Three Apologetics Challenge IUIC In The Streets	
nFAXErxUwig		5044	Lucifer Explained	
sq-vlOxtDVs		3728	The Reign Of David Part 1	
E-GdAJ_MBNk		3854	Who Told You To Do That?	
GSQXFSWy_lQ		7723	AOG: Forewarned Signals From The Past	
Xe4TVoz5Ukk		2635	The Proof America Is Psychologically Destroying The Black Race	
24YhokL0JLI		2112	Black Riches Does Not Equal White Privilege	
eW0vne2LEaA		5925	Mary Shelley's Frankenstein The Concoction Of The Negro	
JihDfwgmdlc		2306	Adam Was Not Deceived	
1BHNiv50-X4		2424	The True Rats Of New York	
WmuhuM4T40M		2214	Planting Seeds Of Black Excellence	
j72YsF2f8xM		1770	The Massacre Of God’s People Still Exists	
EWl4MxZe1jU		1431	Discount Women Want High Dollar Men	
bZRWrnaDVlI		984	The Lord Called The Other Nations Dogs	
iuw6emudVEE		6449	WHoreticulture	
LUSjwh9drcM		1394	Does God Really Hate To See Women Wearing Pants?	
uNRqZPXp3nc		1718	AOG: Columbus Knew Where He Was Going	
LwrAIEZC2Hw		7351	AOG 2025	
ABoVDLyw6fE		1678	Les-Pion With 23 Demons	
gJRxmNbdzAo		1132	"F" Around With God And Find Out	
aRsc4wtFZnQ		5353	The Rise Of The Old Lion	
eViiwt3BYrk		7193	How Has The Gold Become Dim: Who So Ever Believeth Shall Be Saved	
4x8Z5neda_k		5225	Proverbs Chapter 3	
I4S3LtX2cTo		1810	Philip Anthony Mitchell And Theatrics Of The Pulpit	
x6DzAa3MUrs		5121	The True Messengers Of Christ & The Allies Of Satan	
pM6Vnyhjah8		3633	These Curses Will Follow You Till Christ Come	
W3_N2jECtJo		7269	Heart Break	
eiEwLYDlkRU		8298	Heaven On Earth We Shall Rule	
LLXXoFRS7Aw		456	The Revolutionaries Of Gad: Chief Red Cloud	
mWEaRpvo9KE		4981	The Congregation of the Holy	
-QG9io-K-OE		6819	AOG: Adult Swim & Animated Visions	
P7AezBPqQDw		3623	Truth Is Sprung Up, Even Through The Air Waves	
5ppn-STaL84		920	500+ People Saw Christ	
5QX7R-Yg-OM		9362	The Unholy Trinity And The Election Aftermath	
0UV-Wr07pak		1032	Effeminate Boy Wants To Be A Man But Mama Says No!	
JbtEJdjcFnU		1332	The Cross Is Not A Symbol For Christ	
tvqw7DXGa6k		1984	Billy Carson Makes Stuff Up With No Sources!	
7gEiPMAIaNI		2113	Astrology: Philosophy Of Fools	
BQrmQKO-K6w		1342	The Son Of God Called Caucasians Satan	
2BTc57L9wuI		637	It Takes Time To Change	
TGK6UnpLIvE		1490	These BBL’S Is Killing Y’all And The Thighs Don’t Match	
2eVwhMJRC-o		8960	The Ban Of TikTok	
TaPe768N9yo		2879	Who Is Lucifer?	
fqyuK1QVdYk		2214	You Must Go To Your Slave Master To Be Nourished	
BIi6UqvBe-I		7657	Fallen From Grace Then And Now	
LllC-5OK6Mg		1443	Are You A Good Tree?	
BbwWOh77aYc		886	The Bible And The Dictionary Both Condemn White People	
z3ONy4yAFek		386	The Revolutionaries Of Gad: Crazy Horse	
r19VwP6xd28		8029	AOG: Star Wars And Space Combat	
nLgi1WrAxzo		6010	The Israelites: Rulers Of The Earth	
2hQ9w4nPHxE		770	Saudi Arabia Has Slaves Today	
6eVfIXT1vbA		4832	A Clean Slate - Righteousness Or Wickedness	
XE0rGgjRXxc		1805	Adam Was Not Deceived Only Eve	
bk7ffepTHwg		2509	Apologetics Have Confirmation Bias	
Wzoq4i3tkhA		1328	Show God That You Really Love Him	
gFQvDylft40		1295	Emotional Brothers And The Sin That Follows	
NjksoTpGwEQ		5986	The Reality Is We Lost Our Morality	
Ay-e1GWNMUQ		1291	We Can Fix Our Community By Obeying God	
nV1WJ5Fk6So		1104	Why Are You Still Voting	
IWKEvmbbDFA		8096	AOG: Spiritual Transformation Then Physical Transformation	
VMRTVVOxcjo		1925	Bro You Got The Devil On You	
sPKAdidFnxo		2128	Married Couple Finding Out They Own Nothing	
m-qrYsExGpI		1407	Stop Whoring Out Your Daughters At Parades	
C7ta6bNjl4Y		2177	Esau Knows His Time Is Near	
FymUqt0ZG5k		2625	Gadite Brings Fire From Heaven	
xzrzDo8_uL4		1359	There's NO SPIRIT In The SUNDAY Church	
8jBNPJhcX3w		6100	Family	
3hZUJnNQzw8		1275	Is The Black Women Really Independent	
LFJ7mwxy7ZQ		8019	AOG| Transformers One: Prophets And Primes	
OHnPs7uLcnM		2213	Theologian Embarrassed By His Greek Mythology	
STWVm6Enu-U		2383	The Arrogance Of The Apologetics	
YZvBoxcjzg4		1499	We Are Stronger When We Are United	
QQDWRmPX9Wo		1764	The Acts Of The Apostles Continue	
htme_e5KlXw		2366	Steven Learns He Is Destroyed	
eZ-O6CvLNDo		1359	What Day Is The Sabbath Day?	
TCdUWCQLwj8		1390	Great Black Leaders Are Always Assassinated	
2vZw7Ora8NY		2063	These Are The Requirements Of The Lord	
xQea0Qd49jk		2140	Smoking Is Defiling Your Temple	
nbHWbxjKhBM		1588	Help Not A Sinner	
EMJJP5C1wDk		2759	Can Your Local Apologetic Explain This	
FWUD-i95H9g		9074	AOG | Spiritual Possession In Smile 2: A Warning For The Soul	
32smGzafz-I		1462	Who Is The Black Man’s Enemy?	
00YBz9nRYVo		1322	The Greatest Lie: I Don't Need A Man!	
ctAiZXP_MIk		1176	Your Father Determines  Your Race	
4n6mTNaRV8I		1600	Sin Is Our Kryptonite	
C2Sq8yhT8_c		2713	The Law Is The Holy Ghost	
fZgDQsCjNoc		1108	Issachar: Mexican History Revealed	
u4sTzezAfqU		1228	These Wars Are Bringing In Our Salvation	
Wiujuow5U2c		1904	A Call To Biblical Manhood & Marriage	
vJgs8f4WFQ0		904	The Real Jews Are Returning To Greatness	
Rz9iDznzfBg		1292	Black Man, Your Bloodline Is Israel	
hcHEGUhHgaQ		2686	The Covenant Was Passed To Issac Not Ishmael	
kDbmeSdHQgI		560	Even The Kids Get This…	
Im1oyymYnRE		1954	He Is Our God And None Else	
Ch7qX9DpT2k		1332	Is Your Wife’s Hand In Your Back Pocket	
xovcBhUgRE8		1476	Awake Awake Captive Daughters Of Zion	
bFRxwgYXlI0		1764	If You See It And Say Nothing Then It’s On You	
EBvFJnYGTcs		1985	Brothers In The Hood Agree	
uHl7EyL73PI		1946	The Yin And Yang Samurai	
ABC1ZUrQ2i8		1881	Tre Got Baptized On A Street Corner	
zeDg2byJbbw		1606	Heads Turn At NCCU Homecoming	
Ph_bbiT0jXQ		1366	Your Hidden History Revealed	
faEBcGgtHTQ		1793	The Qualifications Of Being A Leader	
W4VJmSBNsbw		1368	Black Women Are The Standard For All Women In Righteousness	
K2z3NDeG_XU		1479	Old Head Gets His Card Pulled	
l9GI40CSIU8		7620	AOG: Avatar And The Conquered Indians	
k08QVqthBtg		2281	She Devil Came To Snatch His Soul	
cWjMdOk5bZo		2074	America The Sins Of Sodom And Gomorrah On Display	
i59Ao0t16bw		1452	The Traditions Of America Are Satanic	
sBpSIak8WQs		1693	Quick History Lesson	
7fM7oMDR_Ho		1064	Being Homeless Should Not Be An Option	
GUa1ymi3abI		1398	False White Jesus Made Us Hate Each Other	
pznbWHESXjc		3600	We Have To Start Taking Care Of Our Body	
dCuRlmOXSQU		1904	They Hate You Cause They Ain't You	
Hw7uApJMk10		1444	You’re Living A Lie	
0U9AVgHiV80		1030	Natural Or BBL?	
XkuP6oqoRGs		1870	You're The Head Not The Belt	
1G2DPCCHjD0		2290	Man Made Religions Are Not Of God	
rG14yWJRTzY		1819	Cuts From The Streets: Dreamville	
3xif3rRsHLo		2574	Bottom Line, If You Don't Keep The Commandments Your Going To Die!	
-QVG_dG98Sk		991	Be A Father To The Fatherless	
sfxiHvcuUz0		1801	Turning The Minds Of The Children To Their Father's	
a-jM3DE20ZQ		6774	Are You Under John's Baptism Or Christ Baptism	
3CgidLzDiYs		7249	The Bible Is A Black Man’s Book	
15MQkl-qYQQ		6291	Child Like Behavior	
N3gM6Iq9ips		595	Proof They Are Not The Children Of God	
WW4CHAc8aps		1735	Evan Breaks Down After Finding Out He Can Be Perfect	
Ng8oiaxq0ww		1450	Wake Up You Are Still In Captivity	
bGBWfUXD_cg		6607	AOG : Spirits Among Us Halloween, Horror, and Hidden Forces	
mIDWvwTmcv0		1633	Waking Up An Egyptian Christian	
Qy8_IOFfq8U		7340	Rage Quitters And Monstrous Gamers	
5w0Lb7GzYRU		2448	Sentence Against An Evil Work	
lgTLvOwMRjE		2310	Spawns Of Satan	
Xj8yhTU-Yx0		1350	The Truth About God's Blackness	
na6qbFU3Bh8		1501	Jackie Hill Perry Tries To Twist The Narrative	
c3SfcVKI51g		7068	AOG: Afro Futurism	
oTv4KpGsyQc		1613	Your Pastor Lied About Baptism	
us7gFPX51Gk		1657	History Teacher Gets His Lesson Corrected	
HGXAv9hus0E		2306	Women Are Emotional Creatures	
6h6O6ACxNR4		1344	The Bible VS Jewish Lover Boy	
ObXmb8duUx8		945	Do You Want STD’s Or Safe Sex?	
XdrWSkrxH44		1931	How Do You Know You Believe in JESUS	
puKj9Wc4pCQ		1842	Islam Is Plagiarism	
nFXAYVn3ELE		1515	God Don't Want To Hear Your Gospel Music	
2nG33PworUY		1645	The Other Nations Mean Nothing To God	
SbORhTVlyXE		1133	Even The Elderly Can Be Re-Taught	
OT3_OEdCA6E		1427	Run From The White Mans Religion	
IsUkfZ5sNyk		2179	God Curses The White Man	
2_-bAuz6xyk		6046	AOG: America Is A Silo Pt 2	
YaEjCFTpjx8		2739	Black People Did Not Sell Their Own People	
UICmNWmyEZY		1884	Everyone believes something	
ONpCenjuAQc		2876	The Black Woman Is Running The Community	
6HWPv2c1rIE		1599	Powered By The Sun - Melanin	
KPMSqHhMRos		1507	Why is Kpserves Clout Chasing	
N8Uo9zHgSlI		7234	AOG: Trouble In The Flesh	
iunG78QRv0M		1519	They Only Want You For Your Body!	
e7bMbQATuGo		3168	Produce Your Cause	
IlEJxD8fWlc		1509	The Subconscious: Deeper Than Thought	
DhtnCBJpokk		5236	The Bottomless Pit And It’s Angels	
dIXLkU5BxtM		995	The History Of Cape Verde #diaspora #capeverde	
6JeXS2F9yII		7339	AOG: America Is A Silo	
YU2pYj87XM8		3455	More Women More Problems	
Q4r794biEco		1687	Rule Your Women	
gljdWvialP4		6663	I've Fallen, Help Me O Lord	
f31taE-dPS4		1905	Marcus Is Running From The Word Of God	
DYPkPZ91Kqo		2433	Blacks Are That Nation Not Desired	
zOx-DbYIGTU		2327	Bulldoze The Christian Church	
pnx8gTEJhMI		1291	To Many Baby Daddies!	
7XN-vaE0Dw4		966	Today Is Your Day To Learn The Truth	
e2sBsVOnlSQ		927	T-Bone Just Might Get It	
tul8q5mZqTo		865	The Black Jews Of San Tome	
RM81KDrqhcU		1065	Stay At Home Israelite	
jT1Pkz7VGHc		1221	The Spirit Of Cain Revealed By The Prophets	
FE8hILKrNhE		560	76 Year Old Learns Truth	
Yp6KBHkqyEs		1920	The Fear Of The Heathens	
VlC51FYNXDQ		3106	Manna Church Vs IUIC	
4dYKERE5E8M		1519	Rebuking Alicia’s Rebellion	
6vZNCH9tXuA		1843	El espíritu de satanas está en las iglesias de Guatemala	
-RZhaYuiszQ		1803	That’s Antichrist On Your Neck	
RRoyp8IagkY		3455	More Women More Problems	
T57sCZ62uZg		1402	La Ensenanza De Un Cristo Negro Es Luz	
Agt1UwQsQiE		361	The Child Of The Devil	
joAajxAf_Dc		1344	Hondureno Aprende Quien Es Su Opresor	
32cBgRZDtpo		2167	Did Your Church Explain The Rapture Like This?	
L31dsNnssLg		1312	A Woman Can’t Raise A Man	
jb3yA6QUzRk		948	Does God And The Angels Have Bodies Or A Puff Of Smoke	
sNxSwD4o5Vo		1528	Delusional Brother Vs The Truth	
dlWYscdyPVw		1217	You Wanna Play Musical Chairs With The Other Nations	
jaQiSVe5z64		8848	The 2 Virtues	
Doeiu_KPSDM		1150	Daayul Is Drunk And Insane	
glzYbLNLspA		1999	Jada Let The White Image Of Christ Go!	
Yd9zafHipTw		3681	God Is Not A Woman	
Fzegno75h0o		694	Keep Quiet and Answer The Question	
TDI9zCxaiEw		8754	AOG| It’s In The Game	
q8ZiUrRBYuQ		1792	There Is No Restart Button	
nXzXJzGM3oM		3010	The Real Reason Black Women Are Bald	
F_FAsSVFS0g		1507	Gino Jenning’s Student Gets A Sidebar Edification	
PeyMWwNTI8E		4655	Scriptural Line Up At the Barbershop	
tGkX-640Tpo		1490	Repentance Is In The Air Tonight	
ptM1aeBdKRs		1373	Brother Chooses Life Over Death	
-YJvTD2P_7I		2875	Legion Vs IUIC	
RFgbgX1lyWo		454	The Police Can't Stop This Truth	
Urnovrzu_58		707	Characteristics Of A Caring Father	
BhHIUDR89Ko		2155	That Sister Is Too Young For You	
mDvH6Lmvlmk		1286	The Aftermath Of A Single Mother	
sJEw-KI4hT0		4334	A New Heaven And New Earth Only For Us	
0zx2Yb7oxAw		1169	The Woman Cannot Produce Without A Man	
hH_70aqKLHc		1102	Asking For A Paycheck Is Not Normal	
SEDtZwkEUxg		1317	The Elements Shall Melt With Fervent Heat	
ZkJE4sXIvgQ		1659	Africans Sold Israelites Into The Transatlantic Slave Trade	
Nd9rIWHXVgc		3012	Where There Is No Hope There Is No Vision	
nIkq-BX3ihg		1234	White Jesus Comes With A Lying Spirit	
GOjQg96DY1w		2018	You Must Avoid The American Mindset	
lum9bRMr9hc		5510	AOG | Video Games Destroy The Mind Preview	
DYgymTob8HM		4812	The Black Man Is More Better Then Fine Gold	
Ib8aMdGUfuo		2291	Proper Attire Is Found In The Bible	
OItkp6ZCPgI		2233	Have You Heard This Many Scripts In Church?	
3Q3BxLraSns		1931	She Likes The Idea Of Brothers Ruling The Planet	
aouF9OpLVcg		1344	Some Of You Must Burn	
5K6IoQYDBb0		1349	Hondureño Aprende Quién Es Su Opresor	
aKIjQaGieW8		6065	AOG | Planet of the Apes or Planet of the Gods PT 2	
05vKsK7eC_c		2035	Cast Way That Idol!	
4wQItPzZ2VY		1229	Older Generation Humbled By The Word Of God	
rddnUDaQRwQ		2058	Your Past Shouldn’t Stop You From Repenting	
rXsVpDOfiS0		980	Missing person Blitz Team 2	
3vtaXga-L4c		2521	He Wanted Smoke And Got A Forest Fire	
Xo3DroWrKQs		1739	You Have Been Brain Washed	
A_T3SxwzfVQ		2238	Black Women Obey Your Husbands	
_2ONP-6FS-g		1226	Even Children Know Christ Aint No White Man	
IH4yHPJiHR0		1408	Scarlet Letter W For Whore	
GHf5HzP1NFs		5355	Planet of The Apes Or Planet of The Gods	
oZ_rsDlLI9g		1888	You Was Taught To Hate Yourself	
VJA--0EJGSg		1775	You Got The Devil On You	
s_c7d4DDE6Y		1889	Transvestite Mad At The Word Of God	
6gmCM4iT6MI		1671	You Are Defending Them That Destroyed You	
04YXsfd1DyA		3281	Modern Day Smyrna: The Acts Continue	
dAaHWU7cUxI		2206	Cuts From The Street: Bimbe Festival	
QwqVM-VKQuQ		1621	The Name Native American Came From Your Enemy	
SXZXvm8Hs4Q		960	You Can’t Smoke Away Your Stress	
08mCpZzZOtE		3277	Step Dad Learns The Truth About His Cross	
QPVeZw9LPgk		1396	Single parenting is a curse	
wpAa_anR4OI		2309	Rebellious Sisters Hates The Lord	
Pr-xddAdMn4		878	No One Gets Away With Doing Evil	
8jIO5j8izc4		7114	Are We In A Simulation Part 2	
TTSi4HlIOL8		1398	Prophets Reveal The Fake Jews	
mnoJmfUKixc		5875	Through Jealousy Enters The King	
nA7Zbm6B2V4		5979	Seasoned In Subtility	
eDYQdkg79_k		6109	Are We In A Simulation	
3BgMVSnrbeM		2078	Women Must Come out of America’s Mindset	
SFmgeMUxrNk		1199	How Much Time Until The END	
lwbpCrSdzFI		1398	Jehovah Witness VS. Prophets	
vIKxXc_pqxo		679	Sister Rather Die Than Keep God's Laws	
4cKNdXJ-U_U		4135	Don't Be Anxious But Obtain Patience	
dH492rSJZzU		1448	Barbershop: Does Color Matter?	
yaxP5pvfEeM		3711	Wife Learns Husband Must Lead	
Zkj4a_bAaFc		4830	Milk Does The Spirit Good	
Nk6M7wtu6lE		1302	Tú Corazón Estás Lejos De Dios	
DnzUyLmPIco		2482	Your Body Count Brings Demonic Forces	
9kDc0hsgXNI		1252	Mexicans Had The Ten Commandments Written In Hebrew	
OvpYRtYgsh0		2102	3 Body Problem Decoded	
ztJrV3p-Uzg		2610	Haitian Sister Learns Shes Above All None Israelite Women	
KaTXQUM4CNM		2574	Never Trust The Christian Religion	
qemCqfRUXo0		3655	The Benefits Of Being Among Great Men	
Z0xDAn5vMmM		703	College Students Stand Against Israel	
1mUZUk20yt4		2060	Weed Heads Get Biblical Surgery	
DC9yZSja-Gw		3381	You Would Rather Steal From Stores Than Pay Taxes	
3dSBjQ3BdIg		2710	The Prophets VS the Devil and Spiritualite	
7XTphq2HQCM		1414	Ain’t No Diddy Party Over Here	
RKJsUlLod2Q		1539	Homosexuality in the black community- The Christian Agenda	
3MqxLmJcHMg		888	You Voted For Trump And Still Oppressed	
ggnd93jiZvs		1914	The Ark Is Not In Al Aqsa	
ks4gy7Qwrso		702	Israelites VS Grandma	
nZplPoU0BHk		2146	Jesus Was From The Hood Like Us	
-n9hOrU4RTU		2565	Islam: Wake Up And Stop Bowing To A Rock	
2QPTOliXry8		3400	Individualite Learns How To Truly Serve God	
KGI4_HtsS-Y		1112	Babylon Is Going To Be Destroyed Soon	
P7QMMKLjc4o		3672	Make Haste To Return To Your God	
3PsxjGX9tjA		1414	Don't Apply = You Die	
biaXkMPOnbw		4478	God Always Chooses The Underdog	
s5htBkTEMJw		1181	Abuelita Aprende Su Nacionalidad	
XFOJBx5ssOM		1651	You Are Not A Wife Without Paperwork	
_GFe6CQrIhM		2853	The Streets Are Not For You	
_qsLxjbMs84		7661	Civil War	
wK9QAsHjn60		984	Cuts From The Street: The Faces Of Dreamville Festival	
ZOAuYMRSXFM		2434	War At Dreamville	
ye4Uxc0qSXE		64	Wake Up Dreamville Blitz	
m-I_aIttJgI		5630	The Great Mystery, Christ And The Church	
uIl046_SdkU		2581	Redlining Is A Plot Against Us	
Lh-jlqXR_94		6810	Good Times & White Lies	
10DhxclyWPc		1298	WEE FM Radio Grenada: Discussion with IUIC	
MtAavfj84sQ		1288	Slavery Is Still Happening Overseas	
7mEOWjckKaE		2161	The Arabs Will Pay For Enslaving Us	
pfIT9AT661w		2349	Sister Learns How To Fight God’s Enemies	
EIBZNY1G0uo		1033	Repent Or Burn For Eternity	
XZsGS-PACgI		2043	Caucasians Are The Real Illegal Aliens Not Mexicans	
yHKZNFkKxiU		1709	No You Cannot Be A Whore	
VMM8DQ9roKY		6238	Now I Know I’m Israel, What Is Required Of Me?	
1uMYlHcrD0A		2408	She For The Streets	
LV4TLgRaDKA		2554	You Want Multiple Wives	
Tbb-vcYSOMo		1459	Deacon Isaac Unveils the Hidden Historical Secrets of Haiti	
c8NFTynK-O8		1057	The Borgia’s Somebody Lied To Your Children	
08Ew1V10CKU		6251	Though We, Or An Angel From Heaven	
eGDDayqqNho		803	Bishop Nathanyel Exposes Corrupt Haitian Leaders and Jewish Puppet Masters	
J_YD95hY5OU		7392	Easter Sun Worship Origins Of Idolatry	
xSuZkeYUs6k		1640	This Is Why We Are Cursed	
Td4J2Q6xVfw		7848	AOG: UFO’S & The Angels Of God!	
Yd3CqbFNR5U		1064	La Crus Enseña Mentiras	
dkrGIXUdoMs		3080	God Will Un-Alive Kids… Keep Playing	
hhTdvJAvT2k		1113	You Ever Ask Yourself Why Us?	
uKuXMGW5jZI		1323	Our People Think They Are African American	
iJvhiIDmJdM		1374	A Full End Of All Nations Is Coming	
BGNQjD-rTQc		8942	Three Body Problem	
V8HTHo9bWvY		1406	She Understands The Spaniards Are Our Enemies	
tKrWnws5GWo		627	The Quran Allows You To Beat Your Wife	
sH7WvSIqV-k		1921	Calm Down- No One Is Attacking You	
yeZH2ysvjVg		5389	Watch Ye Therefore	
Z97rHFXF37M		5750	There Shall Be No More Sea	
7EAQOPeB8H4		732	Emotional Old Head VS IUIC	
WJfJZAVBkF4		1202	You Can't Smash Everything Walking	
cwaOztTWN4M		7777	Damn! I'm Possessed	
ueAz1uLNBt0		830	The Prophets vs Lord Voldemort	
piAx1KAA7S4		1345	Carlson And Vladimir Putin Talks God’s Plan For USA	
YUCi407oQ0I		729	Black Are Not The Same Race In Africa	
yXY_LY8qQqE		3189	Christian Couple VS IUIC	
GgyrzHF7418		390	The Ben Gurion Canal Is Why Gaza Will Suffer	
zOnWIjXpNK4		635	Cristo Es Un Israelita!	
ZxLlpAe9slg		3859	The Crown Of Life	
Br8VU_UUGzQ		7548	Esther/The Laws Being Inscribed Upon Our Hearts #Esther #Purim #Nicanor	
_u14mIDbhRs		738	You Agree With The White Man's Agenda	
TMmYiJslFdI		5214	Dumb Dogs, Jezebels, and Demons State Of The Black Church	
X8KPUd79LNc		3825	Things Got Heated	
miLgA-i5IDI		3502	Avoid The Incoming Tribulation	
L9pwRFp7L54		1404	Amber Came To Listen And This Happened…	
srbUmmBCckU		1502	Commandments Are Not Grievous	
jwkt5_xBUZw		5280	Our Kingdom Is Near Prepare For War	
1VnfZtSavs8		1969	Divorced Twice And Wants To Marry An Edomite	
5VONTIjvnes		4066	Your Friendly Neighborhood BLACK Folks	
jQkCwC-nMjQ		1254	Native Americans Are The Jews Not Asiatic	
gIQN2XyvVBc		4856	The Immaculate Misconception	
AWA9eAFNdog		6514	The Coming Civil War	
drRh9AQdqc4		5804	Misconceptions About The Human Race	
_lUO8e6xe4I		1722	Jesus Looks Like You	
c--HAnZmD5E		1576	Battle Of The Beast Inside	
7pHkDw8B5_s		1888	Christian Runs Away From John 3:16 Understanding	
wQVyA_ihoiA		1344	Feminist Won’t Be In God’s Kingdom	
IpdgAxTs_tY		1870	Truth Of The Bible VS Lies Of America	
kJ2cXsRCA08		1162	Next Generation Learning Their True Heritage	
rnhHSPXYMNs		714	Aztecs Were Gifted By God To Tell Time	
LwVIhk63akY		1590	Don’t Run! You Gon Get This Lesson	
mquZ43gNHdk		1242	You Can’t Deliver Your Children From Death	
dGkzaSOLcCU		619	Hood NI&&@ Turned Godly	
h6ro57gNx0k		1124	Stubborn For Stupid Lies	
Vws4voev9cA		939	Sisters Are Shocked When Shown A Negro Bible	
Y-9L-6q7Z0c		1132	If You Got No Enemies, Why This Happen?	
Ic-EPAtb79U		1344	Crazy Larry Knows Karate	
sA6DgsKDatY		1168	If Africans Sold Us, Then Who Are We?	
BPFh2BJCWUk		1090	Ofc Nahum Battles Crazy Coon Larry	
2kEo5mvPIYY		1206	Confused Brother Fights To Keep Ankh	
6yi2MaMjcVc		1445	It’s Time To Take Over The World	
wF8OCDeMQXI		6588	The Most High’s Tabernacle	
WAv6Dpxg7zI		1569	Ima Expose Every Lust And Lie You In!!!	
W8gPsEVu4NQ		1325	Female Drug Dealer Humbles Herself	
i1xtNAO0BYM		1873	Yin Yang Twins VS The Prophets	
NYionJTLCOY		1050	Armageddon Coming, Bow Down Your Ear And Kneel	
9PqZtiSZ8bg		1021	Get This Medicine Or Die From Pride	
7H5CXQsMqMs		1265	YaYa Wanna Argue Christ’s Name	
BUye2bhWx1k		1332	Cursed, Fight For Your Godhood	
1uy9VhYWwOI		5139	OY VEY Christmas Secrets	
kBXRfWO8aS0		1219	Grace Doesn’t Apply When Your Father Is An Edomite	
im5VH2NH7d4		5675	The Incurable Disease of the Dragon	
gmGKMAA-FMk		7297	Tis The Season To Be In Folly	
1b2Q3eF8K4A		1043	You Weak and Scary as hell, Man up!!!	
F6uAQdPn4bQ		1810	Where Was John 3:16 In 1619	
o0u7kUw1SaA		511	Black Coon Proposes To His Master	
TI-KUPf7Kp8		1545	White Man Agrees “DNA Says We’re chosen”	
eDgR4igHni0		893	Bible VS Walking Dead!	
-0R6K8gSNAI		7186	Pagan Christianity For Dummies	
Ro86CZ1X-p8		1317	Them TV Shows Going To Cost You Your Life! Repent!!	
_FpTv2upH5I		5491	Some Relationship Advice	
abSbHbio3SM		1053	Your Mindset Was Given To You By Your Enemies	
8PRgD-tnvGM		591	Don’t Disrespect King James	
yLKP82PEXuk		5203	From Theocracy To Monarchy	
bzyNBa0ORmI		1704	You Know Who Shot Him! Say Something!!!!	
Unb4wwKe3Zg		1184	Yo Grandmama Da Baby	
K0WJZWLm26k		895	The Prophets Baptize Live On The Streets	
tUnD5leMCA0		718	War In Gaza: Should Ethiopia Choose Sides?	
k_4_VFE6LzU		5521	Fight The Face Of The Serpent	
lJAY45O17Nk		2167	Whores And Sexually Confused Men Get Burned With Bible	
L3pk9xEZsJM		1026	Fall Back Auntie! It takes a MAN to teach MEN	
HyWSOLc-D4Y		1779	Hermanos Cubanos Aprenden Su Nacionalidad	
xTl7YKoOLnQ		7027	Gad A Troop Shall Overcome	
I6kxufeHMYE		1789	She-Devil Tries To Disrupt The Word From Humble Children	
o1IfDypB-DY		1137	Palestine And WW3 -Cuts From The Streets	
cPY918uwZMI		1615	Satan Cometh Immediately But Gets A Rude Awakening	
M_oUnJ_PBtU		1262	Las Iglesias No Enseñan Sabiduría	
21VUycjvko0		1635	Biblical Beatdown: Christian Scoffers Humbled In Downtown Raleigh	
9X3v5Qms_G4		1177	Sexxy Red Will Not Get You The Kingdom	
JNuxZk8Arpk		933	Prophets Put Pro Islam Brother On Hush Mouth	
DUD5TiSz5DM		1769	Drunk Tyrone Clone Wants Smoke	
mEfsDtYSduU		1264	Brah Man from the 5th floor vs the Prophets	
kF9jZByjSgU		5718	How To Obtain Wisdom	
d_blkU05bPQ		1321	Hood Politics Or God Laws?	
4DSv77SqWiQ		6754	The Prophecy of War and Invasion	
MZSXUxziMR0		2124	Witchcraft Fashion Show	
IrYxS6invGs		1241	Thotties Turned Righteous	
lgBipR6G_Gk		1705	Hopscotching With Death	
vSjlklh0AKM		1010	Free Hugs For Palestine	
D6EKboTxqNI		2257	Trans-Agenda, Sex Changes And Sodomites	
TajE8aUEFQM		5393	Don’t Let The DEVIL In	
VkJjwawa-YA		653	Why Whites, Arabs And Asians Hate You!	
-fgEiC0xlh8		601	Dope Boys Don’t Scare Us	
lghi5pcurzs		1509	9 Yr Old Watching MEGAN THE STALLION’S WAP TWERKING!!#WTH😳	
ItxE3fBlAR8		1475	WHITE MEN Became GOD By TORTURE!!🫣😲🤫	
LpzNLkH5zVo		4639	Escapism Avoiding Responsibility	
8ue1TE_VbA8		1299	When A Mexican Learns He Is Not A Mexican	
ofNyW4_mhKc		1132	Satan Wants Your Kids	
6beo3kG9AbQ		72	#bible #christianity #repent #israelites	
FHWvZF72UnM		1399	Christ Coming Back With 🔥 And DEATH☠️?	
p2OW6mKh9NA		5212	Identifying And Enduring Sound Doctrine	
fg7jOWxtm9Y		1195	You Men Are Sent From God	
N8_PFHOXZ-E		3320	Glory Majesty Dominion And Power	
cdPqD7aG_Us		1414	Mama Wants To Keep Her Cross	
xPsj7ujBlAo		1220	Battle Of Issachar: WARNING! All So-called Mexicans Will Die In America🇺🇸	
vIlySHNM_eI		3587	Biblical Game Of Thrones: The Prelude	
keksPy3opPA		1299	High Body Counts We Gonna Talk About It!	
pDZd74isQFE		5030	Restoring The Mind And The Image Of The Israelites	
zYaAAqa1GVs		1553	Back To Back DEMONS!! She Said We BEAT OUR WIVES!!	
QwnWRjZPtjc		3968	Gender Warfare Episode 4	
Vj9WiCQlFJk		1804	You’ve Been Deceived Through Slavery	
veoSX7UO9WA		5641	Making Friends: Mammon Of Unrighteousness	
XDbiXhV2gxg		1068	Estas en Guerra Todo Los Dias #Biblia	
3mc_uJEnVqY		6752	War For The Gospel	
KDI7-BIA0PI		8937	FIXING THE CRACKS IN OUR LIVES	
TQ8sH75MTUg		1340	Put Down The WEEEED!!!	
NzJIAexz8_s		1148	Yahjew Judah Groupies	
_ODdLyVZD-k		7170	Are You A Schism?	
JhI_QxX6irQ		1848	Tried To Shoot 🔫 Her Lesbian Wife for Keeping Gods Laws!!😲	
2ga_RznQjqs		1122	Showing Love To Our Sisters: You Need This	
23alyT_DQAY		1665	Black Woman Gets A Brick 🧱 To The Face	
4nZTbI949ok		1487	Escaping The Plantation | Modern Black Woman Meet Fannie Lou Hamer	
xPXPvZWv0gQ		6145	Redefining Threat The Spiritual Edge	
zSrhIFqYZbU		382	Las Iglesias No Están En Orden	
HpEDmIW-2gc		7815	Rediscovering The Black Presence In The Bible Part 2	
7YoGwkBe5A8		1625	Negro Cries Rape To Avoid Accountability 😱	
4AeLFTQ_Dl4		3933	Captain Josiah Sits Down With Local Pastor	
lCEtlHUwVnU		1006	ETP Righteous Rants Don't Listen To Black Women	
sSaRVwsGVzE		799	Capt. Gedaliah Gets Savage On A Mama’s Boy	
Sb0I5JCqwSw		5457	Parental Guidance For Adults	
4cfqJ3viTiE		1225	Emotional Damage! No Heaven Without MS. Laura	
4wsvlH-pOf8		3916	IF THY EYE BE EVIL	
UJtxqRNW1t8		1112	Went To War In The Middle Of Campus	
58nrMF7P3W4		2679	Escaping The Plantation | Murder In Modern Rome	
fHKpLvRLv50		2162	Escaping The Plantation | Caterpillars Terrorist & Insurrection	
Gi2O84Jh9YY		1324	Evil Drunk Man Explodes At Camp	
zRm2BEfwb50		1735	Christianity Is For White People And Slaves!! | 30 Days Of Camp Day 9	
bCfSgD0fY8k		2377	Why Does My Tribe Matter?? It’s 2023! | 30 Days Of Camp Day 8	
gnlRBzu8jpw		932	La Profecía No Cambia!!	
0vXkrolg-HI		1018	Righteous Rants Suki Sold Her Soul	
EkGPWEhn4n0		992	You still Believe Jesus Christ is a White in 2023? | 30 Days of Camp Day 7	
rGuSdJLxpJc		7013	RDNR  | ARRAIGADO EN CRISTO	
tLY8HkKMtVs		1650	These Men Ruined the Bible | 30 Days of Camp Day 6	
3VcM8-vjj0g		769	#raleigh  Angry Sister Drops Down and TWERKS in Public‼️ #Fordham #Webster #HotGirlSummer #Modesty	
fwG9R7xkHvw		1305	Sin Gone Get You Deleted!! #repent	
-YFPjxiEROM		3608	Whoredome On The Side	
v6epACyJmPY		601	I'm A Boss "B" You Don't Tell Me To SHUT UP! | 30 Days of Camp | Day 5	
Dzv7vB17LOM		1364	30 Days Of Camp Day 04 | Wait What You Know Christ Is Black But Your Son Thinks He Is White￼	
G3WuGsgC1T8		3532	Has Social Media Destroyed Our Minds? Part 3	
DJNK9A21fqc		1497	30 Days of Camp Day 3 | Stop This Sunday Church B.S.	
r-lwaoNED3I		1855	30 Days of Camp Day 2 | He Came To Scoff With White Jesus On His Neck??? SMH	
KSuQZvM_9YA		1566	30 Days of Camp Day 1 | What?? That’s In The BIBLE???	
hAcxblOwc0E		3543	Has Social Media Destroyed Our Minds? Part 2	
3ogQILFjTAQ		1522	#quitplaying God Kills	
OEW3F8KHuro		3581	Has Social Media Destroyed Our Minds? Part 1	
-nZ3tufK8Nc		1203	My Brother A Ham Sandwich Is An Abomination Onto God	
TPDFcncKOvs		3620	Ratchet Marriages & Godly Solutions Part 4	
9xBlMduredQ		1711	Who The Hell Is This Guy?!?!	
d8BkTnkpzhw		1899	Went Into Slavery Jews Came Out N*ggas	
B63OZgprBu0		919	Big Brother Wants A Hot Plate Not Heaven #CaptainShemaiah	
wAh4-6igc7w		3598	Ratchet Marriages & Godly Solutions Part 3	
7ax6vAWU-t0		1114	Everyone In America Is Going To Die!!! Unless…	
5DQxzmr9UNQ		750	Slaves Obey Your Masters Is From The Slave Bible	
IHY46i1XjrU		1163	That's Not The Nature Of A MAN!	
Fb5V-pynp04		2041	Ran Up On The Camp To Fight Because God Called Her Out! #CaptainShemaiah	
iFVLblRvGgA		3593	Ratchet Marriages & Godly Solutions Part 2	
ZZEaFdHYdsk		1157	Repentance One Step At A Time	
zysx3fLYrPg		992	Women can't teach	
dssotJ4Tcg4		3613	Ratchet Marriages & Godly Solutions	
VxuHoVemVc4		61	Este Libro La #biblia #enseña #jesus Cristo	
BYfpvPKk0c8		1356	La Palabra De Dios Es Gratis	
SYQmjuYzngc		1762	Does God Hate or Is He All Loving?	
V7Dk2DRxmSg		3553	Dangers Of AI Part One	
iIFZ73v5Kl8		2557	Miss Verline Said Pastor Told Her Christ Was Immaculate Conceived	
B2dXJAhfeF8		1021	The Curses OF ISRAEL	
cragpT9wvZw		7216	Despising Government Is Despising GOD	
N8MNN6qR-og		1623	Edomite Women Will Be Your Demise	
MT3rWsdaTHk		1391	The US Government Learned From Rome And Netanyahu’s	
IR-bCaMAwLM		4849	Who Will Be The Next Global Super Power?	
rb_ocRR_zrI		1568	Christ Was Born Like The Rest Of Us	
qSwmZQ8PsKA		1256	Santa And Anti Christ Exposed	
dsZarekKI0A		917	Shocking Truth!! “I’ve Never Seen This Before”	
FnfNEOmCI2I		3582	Injustice League Part 2	
X6SEQLFEdRM		1812	I Don't Worship God But I Know He Answers My Prayers	
0XR4VBbvD5I		1248	You Got White Christ On Your Mind	
ybqKnKgqMxc		3630	Racial Idolatry	
TQUB1S9gR94		1106	Esau comes to the camp	
lOcutsq_-sA		1467	This How We Escape The Matrix	
VDbhjleyGyI		3557	Injustice League Part 1	
5IrVI2rqVX0		1070	Easter Sunday Hypochristians	
2lZNbGxCDG8		3588	When Propaganda Attacks Part 2	
ux4WpwuSLPo		760	Hermano Aprende Jesus Cristo Es Negro!	
RjRLHcnJxMo		59	IUIC Raleigh MLK Parade	
HwrXUz4iGuk		1601	See Now O Ye That Wonder in Darkness	
p_foeozS5BA		1119	Hypocritical Christians Runs Back To Tent	
68n7Z0j0F0s		627	The Wicked Being Revealed	
K1WhBs9KtiQ		958	AME Pastor Locks Doors and Demands His Money	
QV8XeUJ3QcU		1401	She Called Me A B*tch N*gga	
PXOVG8f0rnc		1102	Where The Real Men At: Pastor Won't Talk To The Prophets	
l5Ba5-9rG7g		1630	59 Years In The Church Not Learning A Thing	
ZLe2AVbbOfg		495	Los Latinos Son Un Pueblo Especial	
dhnxC_laFqQ		3604	Prepare For The Last Days Chapter 1	
EhI2RX4XgXY		3636	When Propaganda Attacks	
Mve1YxKFj7U		1190	Los Llamados Negros Y Hispanos Son Hermanos	
Y7J_lnOOHlg		3585	40,000 + Deaths In Earthquakes And Strange Sightings In The Skies Part 2	
mFlrU50PvP8		1506	Shaw University Gets Baptized with The Word of God	
yCsP-2UDQA4		794	Jenkins is a slave name	
siYyDVYFgOw		1624	Don’t You Dare Teach My Kids Jesus Is Black	
63Y3omhbi8o		1026	Diezmo No Es Dinero #biblia	
iaS-_oZZuTQ		1578	So-Called Puerto Rican Gets His True Identity	
vwREITLxlwQ		1418	Brother Learns The Basics Of The Bible	
QeO2zxQa4GY		1375	Prophets Take Over The Central	
easIYWL1LD0		1581	Raging Scoffer Can't Handle The Word of God	
2wnG2BR34pw		3620	IUIC | ARMOR OF GOD RADIO: Overseers And The Murder Of Tyre Nichols	
EWP4T_Sc6Co		1763	The Proper Steps To Keeping God's Sabbath Day	
FyI0q6xn8NA		790	Honduras, Quien Te Dio Ese Nombre?	
X6PqMC0-lMw		1818	Who are you In The Bible	
c4oT5septaM		1479	Feeling Gods Judgment But Still Won't Repent	
hEcQaZIqxiQ		1396	Notebook Full Of Questions For The Prophets	
qvm1c4nMeJY		3599	ARMOR OF GOD RADIO: The Infiltration Of Hip Hop Part 2	
0wImC8PhYk0		1471	Abu The Palestinian Servant	
izRDMs6fNg4		1665	Brainwashing The Babies!!!	
RsQ6Aw9HrFE		3531	ARMOR OF GOD RADIO: Women Weaponize Soft Men!	
Ozmqm-Z9ZSY		1544	Why Is The Bible Hard To Believe	
rDTUkx42sNE		1685	Sodomite Wants To Sing A Love Song	
i-8rTURx0X4		3653	# IUIC | ARMOR OF GOD RADIO: Mass Shootings	
jLdSHyGYlhA		61	#christianity #iuic #repent #bible #wakeup #prophets #nc #blm	
jh_mHREcjbU		1360	Blonde Hair Is A Sign Of White Loyalty!!	
ZuynScgyuYk		1433	Never Let Them Call You A Wetback	
M6imbhNYmp4		1547	Brother Says There’s A Unisex Jesus	
Hws8Lr8K99w		37	Subscribete #israelunidoencristo #santabiblia#conquistar #latinos #aztecas#incas#jesuscristo#familia	
7OOwG8IrNuw		1226	1PM Drunk Going Live	
T8A509T0bNw		42	Subscribete#israelunidoencristo#nathanyel7#hispanos #mexico #afrolatinos#catolicismo#laverdad#bíblia	
e2rudKZU69E		1374	Shut Up And Give Me Bible!!!	
ojDQQDkmxQI		1404	Camp Hopping And Window Shopping	
ii7bZARO698		1525	Wake Up The End Is Close	
ZPuY4dk9w6U		1796	The Hidden Messages In Hollywood Films	
hVyEpXEMneU		1376	The Head Wrap Is Half The Battle	
xCL0tH3WttM		1436	30 Days of Camp Day 30 Blacks Had Their Nationality BEATEN Out Of Them!!	
8BEaccjPFy4		1546	30 Days of Camp Day 29 Christianity Is A Waste Of Time And Money	
jHFB1Gr0xmY		1279	30 Days of Camp Day 28 Hellenized Jews in Galatians 3	
t52e0EOCnVs		1457	30 Days of Camp Day 27	
E0y2S3OgkoA		957	30 Days of Camp Day 26 I Got Stabbed And IUIC Saved My Life	
2C57YDqUmbY		1129	30 Days of Camp Day 25 Success Through Unity!!!	
8XBhHVL-Uuo		1235	Day 24 of 30 Days of Camp If Jesus Was White He Wouldn’t Have Got Arrested	
Kfdhu54PaKI		1880	Day 23 of 30 Days of Camp Brother and Sister Swapping Roles	
iGaGenQM_lw		1251	Day 22 of 30 Days of Camp Women Pants Equal Divorce, Baby Mamas and Bad A#$ Children	
JYoVXCjjJjo		1321	Day 21, 30 Days Of Camp Captain Josiah Explains What Is God's Knowledge Compare To Worldly Knowledge	
2wgcbup0UsM		1872	Day 20 of 30 Days of Camp Don't Defile Yourself With Weed.	
V8KfrRaRow4		731	#IUIC | Hermano Niega El Cristo De La Biblia	
nKqZdRm_5mo		1662	IUIC | Day 19 of 30 Days of Camp Minister Gets Doctrine Put To Death For Going Live	
YSYS6Kh813c		1958	IUIC | Day 18 of 30 Days Of Camp No Lullabies For The Woke	
TjDj-W7pNWw		1645	IUIC | Day 17 of 30 Days of Camp Grandma Said Jesus Got Lit Off Grapefruit Juice	
5nQ6zNOOVz8		1802	IUIC | Day 16 of 30 Days Of Camp You Said You “Wish We Would” - Wish Granted	
wTcXVAWh7zE		1214	IUIC | Day 15 of 30 Days Of Camp You Can’t Have Four Nationalities	
6-4lW3iB6ZU		1613	IUIC | Day 14 of 30 days Of Camp Man Made Religions	
2Hpixo7T1xA		1297	IUIC | Day 13 of 30 days Of Camp Indians Sailed To America First	
ud9_LM9SiJw		1253	IUIC | Day 12 of 30 Days Of Camp Black Men - The Science Project	
b2feLYmprnM		821	IUIC | Day 10 Of 30 Days Of Camp Officer Noah And The Ungodly Chicken-Foot Voodoo Charmer	
fnVnNaqXJnA		1103	IUIC | Day 9 of 30 Days Of Camp We Getting Jacked Up!!! Deuteronomy 28	
mYJ3Jc4A3kw		1712	IUIC | Day 11 of 30 Days Of Camp Pastor James McKinnon Ducking And Dodging The Prophets	
Gr5KLGdZPeE		1386	IUIC | Day 8 of 30 Days Of Camp 12 Year Old Girls Don’t Need Boyfriends	
Si5HnlIqSLw		1641	IUIC | CUTS FROM THE STREETS: #NCCU Can't Say ISH About Jewish	
35EfbwELvU4		747	IUIC | Day 6 Of 30 Days Of Camp I Get It From My Momma	
b3zqZ_bJY80		1028	IUIC | Day 5 Of 30 Days Of Camp Gospel Music Is Garbage	
D7rZjBiqZJk		1095	IUIC | Day 4 Of 30 Days Of Camp Sha’Heed Gets The Full Breakdown	
h-DyHr86oaw		1854	IUIC | Day 3 Of 30 Days Of Camp The Bible Is A Big Black Book	
SK7u64SURkg		2328	IUIC | Day 2 Of 30 Days Of Camp Captain Josiah Crushes Church Doctrine	
nkmFwgGlZnE		1121	IUIC | Day 1 Of 30 Days Of Camp Path To Righteousness Or Madness Choose One	
5RIrNXqZ2Bk		1216	IUIC | The Blacker The Jesus The Deeper The Truth #nccu	
lneyI4YdaDs		3676	# IUIC | ARMOR OF GOD RADIO: Can Women Survive Without Men?	
xthqqt3cF1Q		3640	IUIC | ARMOR OF GOD RADIO: Does Race Really Matter?	
3y9QD5n3OFI		1124	IUIC | STAUGNC H.B.C.U. High Body Count University	
Lmi0WC4-x9c		3587	IUIC | ARMOR OF GOD RADIO: N.B.A Never Be Anti-semetic	
gxNaiouGPvQ		1089	IUIC | Don't Be A Glo-Rilla #nccu	
S0huZB0TFDc		1256	IUIC | Tag Team Traditions Of Sin #nccu	
6n1jljoT01E		3617	#IUIC | ARMOR OF GOD RADIO: The Infiltration Of Hip Hop Part 1	
6v7yRX2LyII		1745	IUIC | Haitian Brother Can't Let Go Of Ceebo	
W8OwHZGZ2KI		1686	IUIC| Why You Wanna Be A Thottie?	
ovw_SZzMV88		2531	IUIC | Die Hard Muslim Embarrassed By Drunk Wife At Shaw University	
txvaFO6_kpk		2056	IUIC | Breaking News Mass Shooting In Raleigh!!! Here's What Happened	
KBrEamTo_8I		1360	IUIC | Prison Made Muslim Ain’t Learn Nothing	
Hx_9zBJjXPA		1785	#IUIC | Luchando Ministerios Verbos De Acción: Legión De Demonios	
9ajNO6naaOY		7531	IUIC | Prophets Invited To The Hope Faith And Charity Outreach Center	
Sr88ZxmBAcQ		1757	IUIC | Officer Nahum Cutting Up A Wild Benjamite	
phuQBX_la_0		1688	IUIC | Scattered But Not Forgotten	
i7nBGc5wrhk		3627	# IUIC | ARMOR OF GOD RADIO: Sickness And Health	
yJBNcnJiQ9Q		1218	IUIC | Aggressive Stud Humbled By The Word	
AUIeOEIxvWk		60	IUIC | PROMO Church Blitz Word In Action Ministries Legion Of Demons	
GLBEiiZLEvY		1512	IUIC | Hate Pants Like Esther Or Die in Those Jeans	
2WVhbTfWq9o		3606	#IUIC | ARMOR OF GOD RADIO: Are We In The End Of The World	
KEgjcS30MEU		2899	The Israelites: #throwback The Witch With the White Jesus Blanket	
hBfuWpMTqyU		1509	The Israelites: #throwback The Israelites_Yo Momma's Favorite Scripture John 3_16	
PFELWcuMXuQ		2403	The Israelites: A&T Learns Christ Did Not Come For Everyone #throwback	
EN0BCmU3ZzI		3358	IUIC | #throwback In The Hands Of Our Enemies	
HdUqsCL5_xI		3280	IUIC | #throwback Class Is In Session: Hear Or Forbear	
dShUemB9cN0		1667	IUIC | #throwback Young Thugs To Young Gods	
hUvnhhJoZh0		1553	IUIC | #throwback The Lies, Jesus And God Revealed	
I1wyc8-rcW8		1378	IUIC | #throwback She Thought She Was Honduran Then This Happened	
-8pm8k3xpQo		1536	IUIC | #throwback The Bible Vs Lil Nas X Mindset	
QB-DtkdAE-k		1329	IUIC | #throwback The White Man Snatched Your GOD I.D!!	
c1uEkpP2YAg		2624	IUIC | #throwback Captain Noah Blazes Rocky Mount NC	
aXfN6mRqND4		3269	IUIC | #throwback I Know It’s Wrong But I Like To Sin	
JRIxufSlybM		1031	IUIC| #throwback Slave Masters Destroyed The Mind Of The Princes Of God	
BqP0P1VjRVs		1307	IUIC | #throwback Speaking Straight Facts To The Diaspora	
1LhKphC9dGw		1347	IUIC | #throwback God Has A Nuke For You	
vTRBTQ7DDRQ		1595	IUIC | The Curse Of The Kardashians	
9arJrRgIIjg		1289	#IUIC | Closed Mouths Don't Get Fed	
fFJx3aOH7-M		1637	IUIC | Why Do White People Hate Us So Much?	
at_NSTsXQzg		1667	IUIC | Young Thugs To Young Gods	
7Eu5Pi0UOqw		1158	IUIC | Older Brother Has His Lens Refocused	
R_bIAp9laxI		3650	#IUIC | ARMOR OF GOD RADIO: The Purge Begins In Illinois Part 2	
DUEAfANldtk		1800	IUIC | Triple Team Bible Blitz	
Aw-79h8c8Fc		1289	IUIC | Closed Mouths Get Fed Knowledge	
B5-lsWZqb-k		3607	#IUIC | ARMOR OF GOD RAIO: Shame Insults Guilt Need To Be Right	
HpPTcs6a7w0		1417	IUIC | Dominican Dog Servants	
NzUoTOaywhs		3666	#IUIC | ARMOR OF GOD RADIO: Does Race Matter	
ls28ytrivVM		3592	#IUIC | ARMOR OF GOD RADIO: The Purge Begins In Illinois Part 1	
M1CSmnX_Dgg		1874	IUIC | Prophets Beat The Hotep Out Of Egyptology	
9Klvs8ekoy4		884	IUIC | White Jesus I Choose You!	
jEP51IKqsU4		3549	#IUIC | ARMOR OF GOD RADIO: The Effects Of Soul Food	
em5_MAbGDXE		1839	IUIC | From Israelites To Mayans To Slaves	
8lLtnndFrzo		1531	IUIC | Big Booty Judy Took All Your Attention	
HTflXr6C5ls		3612	#IUIC | ARMOR OF GOD RADIO: Are Open Marriages Lawful?	
lBo6V2NgSFo		1362	IUIC | Uncle Nut And Nephew Lose Battle To The Word Of God	
crusqG_JNvs		1472	IUIC | The Colors Of The Bible	
VdFTH-cHnyg		3642	#IUIC | ARMOR OF GOD RADIO SHOW: Juneteenth 2022	
Dz7opnc_gAc		1003	IUIC | Angry Demonic Latino Defeated By The Gospel	
nfsV_ic3v00		1672	IUIC | Black Community Destroyed! Why Can't We Correct Each Other?	
e985Bs5Cltc		832	IUIC | Bum Like Brother Claims He Is The Most High God	
-2NEChSWFds		8540	IUIC | Sit Down With Pastor Sherman Blandon	
ulymhE-AmTw		1282	IUIC | Timeline Of Servitude Revealing God's Chosen	
c2jAC2ETUks		761	IUIC | Black Men, Your Forefathers Are Israelites	
NtEc4di40rY		1532	IUIC Understanding Knowledge And The Image Of Beauty	
_7x_9p2-iRw		1144	#IUIC La Iglesia Católica Nos A Engañado A Todos	
aSKMXB3jEeI		1899	IUIC: Man Up! Get Married Or Face Judgement!	
ANzphizAevI		1514	IUIC: Aftermath Of Angry Brother Slapping His Snow Bunny	
2s1Ky1t4Bhk		3692	IUIC | ARMOR OF GOD RADIO SHOW: Sex Trafficking In The Latino Community	
xXlkCdJXURk		2170	Traditions Of Satan & Money Hungry Pastor	
ZU4W38bpx3M		3712	IUIC | ARMOR OF GOD RADIO SHOW: Who Eats First The Man Or The Children	
sgvXEtXg5EY		1637	Why Do White People Hate Us So Much?	
dqypl-0-6jw		1158	Uncle Nutter Butter Keeps Running His Mouth	
bMubGeWZX_w		1562	The NIV Bible Is Garbage	
UoEtdXwYCOo		817	Pastor Sherman: "We Can Sit Down And Talk"	
J38b62Rq9D4		1189	Brother Seth, Celebrating The Departure Of A Saint	
axLkAMnVXkI		3628	# IUIC | ARMOR OF GOD RADIO: Turn The Other Cheek Pt. 2	
_1rvFUEjXzE		1013	Aprende Lo Que Tu Pastor No Te Enseña, La Ley	
MLN6EqeM2H8		3905	IUIC | ARMOR OF GOD RADIO: Do We Really Have Freedom Or Religion?	
PMJVm8D6o8Y		1595	The Curse Of The Kardashians	
Pv_TN4ts2VE		3617	# IUIC | ARMOR OF GOD RADIO SHOW: Russian Ukranian Madness	
bWA7cLezdbc		7307	# IUIC | ARMOR OF GOD RADIO: Living On Stolen Land	
_cmlWqTclcA		1107	#IUIC Never Too Old To Change	
_sOBIuigKyg		1840	#IUIC White Jesus Is For The Streets	
XIY0o_pKtqI		849	#IUIC Deep Inside You Want To Be A White Girl	
nbgPHsQY1MM		1476	#IUIC Prophets Pull Up On Facebook Poppin Pastor David McArthur at Gods House Of Prayer Face To Face	
5vCjpShJTEs		1843	The Prophets Call Pastor McArthur Outside	
WW2SN4GDDno		61	#IUIC RALEIGH SUNDAY BLITZ PROMO	
11K3fpMJHfg		1144	#IUIC My 2 Year Old Just Drowned! I Need Comfort From The Bible	
YS4kUyd2XEQ		1371	#IUIC: Sis Said... "I Gotta Go!" God Says... "Hear My Words!"	
EKci_JKdtvc		1342	#IUIC Easter: What The Hell Are We Worshipping?	
zMTFVMXyfNk		6024	#IUIC | ARMOR OF GOD RADIO: They Live	
GrSQ1Wkv7gI		1337	#IUIC: KJV VS. NIV	
RbK9QROeDfQ		889	The Lord Is Killing Millions When He Returns	
18b8hjcoMrk		1715	Politicking Sista Feels Disrespected By The Message	
dpeu5g67E-U		1479	After 3 Years, Brother Meets Prophets On First Day OUT!!	
rpXx786wl1Q		3642	40,000 + Deaths In Earthquakes and Strange Sightings In The Sky!!!!	
GRZQRWZGQIo		58	Subscribete #israelunidoencristo #iglesiacatolica #iglesiacristiana #predicando #doctrina #dios	
JOd3Nxllyp8		1138	IUIC | #nccu Sister Chose Death By Pain	
I2kMmtijtH0		1826	IUIC | Mexican Independence From Christianity	
b_XVseEiGDU		3645	#IUIC | ARMOR OF GOD RADIO: Is Your Pastor A Prophet Or A Pimp	
XbMUIv2JD6o		3791	#IUIC | ARMOR OF GOD RADIO: Good Ole Easter Sunday	
n9VjFYFRL8g		1347	#IUIC | 45 Days of Camp | Day 44 God Has A Nuke Just For You!	
EjVPloQubA0		851	#IUIC American Holidays Sweep Black Bodies Under The Rug	
NNWtCaBygl8		1077	#IUIC What? Israelites Can't Have Girlfriends?	
JGye_e2xw08		1766	#IUIC No Eres El Salvador, Eres Zebulon!	
kB-BNbyxprg		1307	#IUIC | 45 Days of Camp | Day 43 Speaking Straight Facts To The Diaspora	
O72ZhxoDQpI		1531	#IUIC Big Momma's Gonna Do What She Wanna Do "I Do What I Want"	
k3V08nh3lVg		1704	#IUIC Sister Never Learns About Slavery!? Fact Or Cap?	
gFGtu-b2N2U		2080	#IUIC Officer Yahaziel Drops Wisdom And The People Repent	
LnS1KWqq_0A		1031	#IUIC | 45 Days of Camp | Day 42 Slave Masters Destroyed The Mind Of The Princes Of God	
1Ws4du4YYms		2225	#IUIC OG Crip Throws Away Dope And Steps Toward Repentance Part 2	
5kd8kJwMEU4		2452	#IUIC | 45 Days of Camp | Day 41 OG Crip Can't Push Against The Truth Part 1	
4q9xaPEWUp8		1404	#IUIC The History Your Slave Master Hid From You	
l35zNFWmdKY		9759	#IUIC | ARMOR OF GOD RADIO: Modern Women VS Beta Males	
tH7kkurOLSg		1295	#IUIC The Red Headed Dra-goon's Fire Put Out	
Fe_Sp8GhG4w		1819	#IUIC Proud Boy White Supremacist Finale	
T_HgmixE6yU		1162	#IUIC Captain Josiah Battles The Red Head Dra-goon	
rXJYkIqw-Ao		1001	#IUIC Angry Red Devil Does Emotional Drive By At Camp	
6fkYt-BAu0Y		1518	#IUIC Silly Edomite... God Is Not Your Father	
ClDXv9KkeBE		3648	#IUIC | Armor Of God Radio Show: The Lost Tribes Of Israel Pt. 2	
Onfhk5wCapA		2395	#IUIC | 45 Days of Camp | Day 39 Continued... Darth Mangie On The Offense	
8t9ZKsZfIPg		2379	#IUIC: Proud Boy White Supremacist Tries To Intimidate The Prophets	
f1oZDUQdMCQ		3655	#IUIC | Armor Of God Radio Show: Origins Of Black History Month	
Ac7ZOYvJE3A		2391	#IUIC: Husband And Wife Smoking On Suicide!!!	
StAORrOqn10		1669	#IUIC: Sisters Understanding Finessed By Christianity	
2mpS5gGtVRg		3685	#IUIC | Armor Of God Radio Show: Valentine's Day Is Of The Devil	
JAe2jZxpVN4		61	#blowthisup #fyp #jesuschrist #NC #trend #truth #iykyk  #mood #black #hispanics #nativeamericans	
qArT2hcXo2Q		817	IUIC: Young Man.... You Shouldn't Have Girlfriends	
7x23t5fyanU		3611	#IUIC | Armor Of God Radio Show: The Lost Tribes Of Israel Pt. 1	
AUYS9vhB4mE		2310	IUIC# The White Man's Grip On Puerto Rico	
6qHuV-v3vLw		2031	IUIC: Coming To America... Still Oppressed	
3cq1T8mSwUc		1516	IUIC: Wife Worshipping Simp Gets Wounded	
PBLmIrOxUls		1858	#IUIC: Jay And JJ Come Out Of The Matrix	
aEHqWyUVyXw		1525	IUIC: | 45 Days of Camp | Day 39 Suffer Not A Mangie To Teach	
DFDn2hK5Fns		1620	#IUIC:  | 45 Days of Camp | Day 38 I'm Drunk Cus Black Men Ain't Sh*t!!!	
ZmkJZTdAJfs		3718	#IUIC | Armor of God Radio Show: MLK I Have A Dream Speech. Help Or Hurt	
zPpz1A4ch4w		2232	#IUIC ​| 45 Days of Camp | Day 37 30 Years In The Truth And Still Breaking The Sabbath	
8DEMq1AHbcw		981	#IUIC | 45 Days of Camp | Day 36 Kidnapped As Children And Sold Into Slavery	
74WQuLmDx7Y		2405	#IUIC ​| 45 Days of Camp | Day 35 Jews, Slavery And White Jesus	
8qidicle1GY		1990	#IUIC | 45 Days of Camp | Day 34 Wanna Be Minister Vs Gods Warriors	
HjUAul20W04		3574	#IUIC | Armor of God: Why Do Christians Support Abortions	
5OGMumETzZs		1886	#IUIC | 45 Days of Camp | Day 33 She Slept With My Bestfriend And Gods Laughing At Me	
6ZzCRRAUkFE		1473	#IUIC | 45 Days of Camp | Day 32  Slave Master & Descendant Of Slaves Learn Their Place With God	
Dmx0z9zoVJA		1682	#IUIC | 45 Days of Camp | Day 31 "I Heard" Jesus Was A Rainbow	
rc01C6x0VCA		2883	#IUIC | 45 Days of Camp | Day 30 Racism In America 1492-2022	
KgojvRJpeiM		2628	#IUIC: Black Man Beat Like A Slave	
ABNV5BCRVf0		3269	#IUIC | 45 Days of Camp | Day 29 I Know It's Wrong But I Ilike To Sin!!	
FMr8UnBdD-w		1005	#IUIC Ofc Nahum Holiday Hell	
Mn0zKUqZvE0		1212	#IUIC Ofc Mishael Crashes NCCU Homecoming	
WXW2isHF9r8		3732	IUIC: Is It Really New Years	
8CFZlh94Kdc		1980	#IUIC: America's Violence Against Mexicans	
GEqNGApwLMg		2624	#IUIC | 45 Days of Camp | Day 28 Captain Noah Blazes Rocky Mount NC	
O8--2e14FpY		1378	#IUIC ​| 45 Days of Camp | Day 27 She Thought She Was Honduran Then This Happened	
pdyjMClwDtA		855	#IUIC: Israelites Above All Races	
k9XGhol7o8k		835	#IUIC: Revealing Wickedness At Shaw U	
Glpz9HKJ6ys		658	#IUIC: Razors Are For Women Not Men	
sPoOQNDGhpE		1641	#IUIC ​| 45 Days of Camp | Day 25 White Man Wrote Your Bible??? "Ain't No Way Boy!!!"	
i723luC2iYc		373	#IUIC: Heal The Ville Event	
G95RG_ciT8k		3604	IUIC: Voting and Politics	
zFAlYz2doCs		3636	#IUIC: Do you Really Know Christ	
_THoH4VRB0A		1329	#IUIC |45 Days of Camp | Day 24 The White Man Snatched Your GOD I.D!!	
dbYKeuF9Hv0		1841	#IUIC |45 Days of Camp | Day 23 Hustle and Flow Been Trappin' Since 8 Years Old	
UPGJsWccL6Y		3624	#IUIC: Big Simpin on WGAI 560 AM Radio	
mo-MOQqV2pM		3250	#IUIC | 45 Days of Camp | Day 22 Minister Love Scoffer VS God's Word	
9XTbBdjMRIg		1667	#IUIC |45 Days of Camp | Day 21 Young Thugs To Young Gods	
jmC_-O5PFkE		2781	#IUIC |45 Days of Camp | Day 20 Princesses Don't Smoke Crack	
M5U7tRt_WXM		1536	#IUIC |45 Days of Camp | Day 19 The Bible Vs Lil Nas X Mindset	
rch8v8dXWNc		1275	#IUIC | 45 Days of Camp | Day 18 Young Hard Head Gets Chin Checked At Myrtle Beach	
gi93SkU7pIc		1592	#IUIC | 45 Days of Camp | Day 17 Image Of The Beast Slaughtered In Front Of Children	
NEqz0r2ZrwM		3530	#IUIC: Black on Black Crime Radio Show	
hzyK0sMvb-E		1524	#IUIC: Cuts From The Streets HBCU's!! What They Teaching You???	
5u_Bgp8La6U		1747	#IUIC: Israelites VS Catholicism Immaculate Conception	
L1tqiQQUUWI		1771	#IUIC | 45 Days of Camp | Day 16 God's Chosen Don't Be Discouraged	
_tFFjvapbXg		3583	#IUIC: The Origin Of Halloween	
78f0vY12xog		3492	#IUIC: America's Hatred Toward Haitians	
rceqFE3sfL4		1735	#IUIC | 45 Days of Camp | Day 15 Bobby Drops My Prerogative For God's Prerogative	
yesA1ESet4c		2480	#IUIC | 45 Days of Camp | Day 14 Christian Church And Public Schools Teaching Black Children Lies	
ZhdnLGeAiD4		1542	#IUIC ​| 45 Days of Camp | Day 13 White Boy Jesus Biggest Cap Ever	
0hEhFVDPLuk		718	#IUIC God's Beauty Ain't In The Weave Shop	
ayq5Bie0SIc		1283	#IUIC ​| 45 Days of Camp | Day 12 Wake Up Tony!! God Is Calling You!!	
WowZ_R0xtZQ		1997	#IUIC ​| 45 Days of Camp | Day 11 God Released The Red Devil On Disobedient Blacks And Hispanics	
9IEJWolq8Ss		1438	#IUIC ​| 45 Days of Camp | Day 10 White Slave Masters Lobotomized Black Slaves	
IZprQ6M9sNw		1247	The Israelites: Six Kids Same Woman No Papers	
hyWPZ2hrx5g		2593	#IUIC | 45 Days of Camp | Day 9 Sin & Science Warring Against The Bible	
9KqnlF4tIrg		1553	#IUIC | 45 Days of Camp | Day 8 The Lies, Jesus And God Revealed	
H0xPfLRg5JA		1874	#IUIC | 45 Days of Camp | Day 7 God Mode In The Black Man's DNA	
NcQpeYx1KZM		3677	The Israelites: No Weapon Formed Against Me Shall Prosper On WGAI 560 AM Radio	
apdFziZQ2tc		1158	#IUIC | 45 Days of Camp | Day 6 Older Brother Has His Lens Refocused	
XKbO7uKRrk8		1309	#IUIC | 45 Days of Camp | Day  5 Scriptural Fire Sets Raeford Ablaze	
TXg7UU0zaHM		2116	The Israelites: Classroom In The Barbershop	
mjWuzWOKNTE		3607	#IUIC | 45 Days of Camp | Day 4 4th Of July Rebels: When Man And Woman Won't Submit	
2GrdR-MUdZA		1350	#IUIC | 45 Days of Camp | Day 3 American Mind Control Crushed By The Prophets	
rDwV5LHl7Yo		3580	The Israelites: Silence From The Black Church On WGAI 560 AM Radio	
S2OSzkpOv4A		1410	#IUIC | 45 Days of Camp | Day 2 A Young Prince Makes Haste To Honor Christ	
hlUKz3kWiJ0		2262	#IUIC | 45 Days of Camp | Day 1 The Baptism That Blots Out SINS!!!	
K8LaryXSMiA		1004	The Israelites: Bright Blonde And Company Learns About The Ops	
jStpRTFcMG4		3613	The Israelites: Who Are The Israelites Today On WGAI 560 AM Radio	
zGS9rn1UDBo		3654	The Israelites: Being Born Again On WGAI 560 AM Radio	
2RItXvLyEo4		3648	The Israelites: Fornication Is Killing The Community on WGAI 560 AM Radio	
IqYO8bm4ZFU		1273	The Israelites: Hear Or Forebear! The Slain Of The Lord Shall Be Many!!	
dcncf2hYnHc		747	The Israelites: 666 Melanin and Asiatic Confusion	
6T-qElkoDWY		3687	The Israelites: Birthdays And Pagan Customs on WGAI 560 AM Radio	
PYQKt0cvKuA		1842	The Israelites: Krazy Kitana Hates Camps	
9Fo2olR_vdQ		1787	The Israelites: Does God Really Love Everybody? IMPOSSIBLE!!	
oHkXPhFTSYE		3658	The Israelites: 4th of July on WGAI 560 AM Radio	
tS-8Ea7Si04		1325	The Israelites: Weed and Sea Roaches?? NO SIR!!	
2Y0yObrGOrI		3650	The Israelites: Love And Marriage on WGAI 560 AM Radio	
JEs_LwWOl6g		2115	The Israelites: Your Sins Gave Your Colonizer Power Over You	
5SgVHQV3TfY		967	The Israelites: Smashing The Shield of Solomon	
k7W1rXUIe48		3314	The Israelites: Cuts From The Street: Juneteenth	
OaCT4rr5-EQ		3639	The Israelites: Is Resurrection Sunday Of The Bible? on WGAI 560 AM Radio	
WpU_eQJuy3k		1337	The Israelites: Gym Teacher Shows His Dodgeball Skills	
WPfpvKObEEc		1498	The Israelites: Did He Just Say Cain Was God?	
7evXi9fiLeo		4851	The Israelites: Reverend Hennessy Cognac and the Great Debaters challenges Captain Josiah	
ofhIzdjcWSw		3952	The Israelites: Is Juneteenth Our Independence? on WGAI 560 AM Radio	
OrQKIUctDgU		250	The Israelites:  IUIC RALEIGH SIMEON & LEVI BLITZ	
YmhH3NCKdqI		3530	The Israelites: Father's Day on WGAI 560 AM Radio	
6GvhvEn4Mnk		3247	The Israelites: The Water Of The Word: Understanding Baptism on WGAI 560 AM Radio	
CSo-gfqoRKI		1797	The Israelites: Rise Above Sin	
8BHv0CazmrY		685	The Israelites: Christianity And A BRAND NEW JESUS	
m_do6UpX10s		1108	The Israelites: Multiple Wives Explained	
tMB_H4kc2fY		1909	The Israelites: The Small Things Matter To God	
E2P3jTmDLqU		1071	The Israelites: Woman Searching For Her Missing Sister Finds Her Nationality Pt. 2	
2ks0DCg5QL4		1201	The Israelites: Woman Searching For Her Missing Sister Finds Her Nationality	
NI1bwRj6afU		1203	The Israelites: The Lost Sheep Christ Came To Save	
2HA1RJzQcXE		1121	The Israelites: Casting Away The Totem Of Lies	
DVs1W8hmVfM		129	The Israelites: IUIC RALEIGH EPHRAIM BLITZ	
3xjDuks3Ido		1582	The Israelites: Your Own Understanding Is The Wrong Understanding	
wIIpYhBVOyU		864	The Israelites: They Can't Divide Us When We Know Who We Are	
z2bijc6zwPo		1277	The Israelites: Christianity And Islam: Auction Block Religions	
kA4G54vIbpE		1129	#IUIC Cuts from the Streets — Mother's Day Raleigh, NC Edition	
0tCjNpBEi10		2791	The Israelites: The Mysteries Of History Revealed	
PRqys-14Oag		3704	The Israelites: The Kingdom of Heaven (Part 2) on WGAI 560 AM Radio	
KqUzQ060rUQ		2789	The Israelites: If Color Didn't Matter, The Bible Wouldn't Say THIS...	
GGjKylJOKVQ		3735	The Israelites: The Kingdom of Heaven (Part 1) on WGAI 560 AM Radio	
uLOx79W5GBk		1468	The Israelites: The Voice Of The Lord Speaks Unto The Youth	
Grgj35sQpAU		3748	The Israelites: The ​Immaculate Conception Decoded on WGAI 560 AM Radio	
Jtk0w6KV-A0		3760	The Israelites: James 2:10 on WGAI 560 AM Radio	
axP8X_iUUSs		451	The Israelites: IUIC Prays For Our Enemies	
bo_CR4xr-DY		2183	#IUIC Cuts from the Streets — Should We Keep Easter? Raleigh, NC Edition	
MMqnoq6VQHY		1971	The Israelites: Hispanics Are STILL SLAVES To The CONQUISTADORS	
TCuIHi4Rm8o		3639	The Israelites: Easter Sunday on WGAI 560 AM Radio	
M5qAlri2gi8		3596	The Israelites: Is The Apocrypha Biblical on WGAI 560 AM Radio	
a9H9neT03gI		59	#Shorts​ #tiktok​ #IUIC​ Your #Pastor #Lied, Get Your #Tithing #money back.  ~Preview~	
edeGGvatsbE		1366	#IUIC​ | 31 Days of Camp | Bonus Problems & Solutions	
N8HxD6YZw3c		1729	The Israelites: K-12 Curbside Classroom	
zuu8H1rRqR8		2122	The Israelites: The Separation Of A Nation	
VPT4_YKbywQ		3111	The Israelites: If You Break God's Laws, You Will Be Destroyed	
QjZYVYYZBvc		2391	The Israelites: Pink Booted Pastor Put to Flight!	
eWmRALH74gI		2240	The Israelites: I'm Bad By Myself, Better With The Bible	
0qq_mYd6qkc		3734	The Israelites: Bible Approved Foods	
M-Mzvu1Afmk		1464	The Israelites: A Hard Head Makes A Soft Mind	
XIk7FtfUcWE		3354	The Israelites: Caring For Your Spiritual And Physical Body	
7ruZWLYXfkw		1770	The Israelites: Puerto Ricans And Their Royal Ancestry	
Mm5OiLu2-LA		2417	The Israelites: White Washing Black Gods	
mhgjeA32qRk		1790	The Israelites: It's Time To Put The Weed Down	
Xyf_48B5mU4		3780	The Israelites: Get Your Money Back From Your Pastor...HE LIED TO YOU!!	
h8NVkx5M-Mw		3623	The Israelites: Valentines Day on WGAI 560 AM Radio	
KXHhnYLXgrM		2294	The Israelites: Stop Being A Pharisee	
w9phfY2fOUI		2029	The Israelites: Destroying The Slave Mindset	
8yYBXhNVU8Q		3502	The Israelites: Stop Tithing Your Pastors Pockets	
sPGfWvUQnjo		908	The Israelites: LGBTQ + Equals Abomination	
z7BgYwUy154		1844	The Israelites: What You Don't Know Will Kill You	
i420Gzc6lzA		3096	#IUIC | 31 Days of Camp | Bonus  Wisdom Drops In Wilson	
8fBUNIi0BZI		1865	#IUIC | 31 Days of Camp | Bonus Build Your House On The Rock	
f-CMXjyhmx4		3895	The Israelites: Jezebel Burned by the Spirit of the Word	
OhiMQzy18OQ		3358	#IUIC | 31 Days of Camp | Day 30 In The Hands Of Our Enemies	
MIoaJPITuOw		2323	#IUIC | 31 Days of Camp | Day 29 The Bailed Out Bugged Out Minister	
A7mMDEPCNio		1031	#IUIC | 31 Days of Camp | Day 28 4Th Of July For The American Slave	
jrqXHD2Qasw		3280	#IUIC | 31 Days of Camp | Day 27 Class Is In Session: Hear or Forbear	
C88AytiZtMI		1341	#IUIC | 31 Days of Camp | Day 26 The Devil In The Flesh: Who Is He?	
37XA3aId6OM		3172	#IUIC | 31 Days of Camp | Day 25 What Is Making Black Women Bald Headed?	
4ER7tyYn70A		1637	#IUIC | 31 Days of Camp | Day 24 My Sister Just Went Missing	
ewxlitBz9ck		2588	#IUIC | 31 Days of Camp | Day 23 Even God Spanks His Children	
Zk9eTCW67Yw		2389	#IUIC | 31 Days of Camp | Day 22 Lies My Pastor Told Me	
tXWskA0B9O0		2730	#IUIC | 31 Days of Camp | Day 21 Puerto Rican Is An Insult! Learn What God Named You	
ARA0ZrEGjQA		2043	#IUIC | 31 Days of Camp | Day 20 The Enemy Of The Lord's People	
nKPUQVqewdw		1907	#IUIC | 31 Days of Camp | Day 19 Time For Fayetteville To Repent Part 2	
tOhTasLWS5E		2654	#IUIC | 31 Days of Camp | Day 19 Time For Fayetteville To Repent Part 1	
CdkqPD9ZsAI		1760	#IUIC | 31 Days of Camp | Day 18 Finding Your Identity In The Bible Part 2	
fSKt0VN0OqU		2265	#IUIC | 31 Days of Camp | Day 18 Finding Your Identity In The Bible Part 1	
QhVixRKyhqc		1086	#IUIC Benjamin Netanyahu And The JEW-ISH In Israel	
hIGVXdcWhCc		1632	#IUIC | 31 Days of Camp | Day 17 The Physiological Damage Of Slavery	
-ZVqf35em00		2891	#IUIC | 31 Days of Camp | Day 16 If Jesus Is Black, How Did He Turn White?	
Xm0WNyUypNA		3151	#IUIC | 31 Days of Camp | Day 15 Dead Ashes In My Cross	
T_AVc1Nl4RI		967	#IUIC | 31 Days of Camp | Day 14 Fashion In The Eyes Of God	
52-dluFvVVQ		3483	#IUIC | 31 Days of Camp | Day 13 Bible Boxing In Greenville: Stubborn Old Men And Prison Doctrines	
oY-UM16T_9k		1669	#IUIC | 31 Days of Camp | Day 12 Are You Learning The Wrong Gospel?	
LSixgvmEGeA		2389	#IUIC | 31 Days of Camp | Day 11 Fred Flintstone Runs From The Prophets	
gqd2UYoooFw		1831	#IUIC | 31 Days of Camp | Day 10 Reteaching The Self Taught Sister	
4UrVjpTMMUg		1887	#IUIC | 31 Days of Camp | Day 8 Correcting Relationship Errors	
zrbhkgTcHWk		2776	#IUIC | 31 Days of Camp | Day 7 Lost Sons of God	
4G50rKLoUo8		3467	#IUIC | 31 Days of Camp | Day 6 Know Thine Enemy	
2-NGtQs9KqY		1363	#IUIC | 31 Days of Camp | Day 5 Guns Down Bibles Up	
QtLJtHQhWI8		1961	#IUIC | 31 Days of Camp | Day 4 BONUS Captain Save-a-Heathen	
DbIT69ui61A		1719	#IUIC | 31 Days of Camp | Day 4 The Priest of Strong Delusion Round 2	
U8dK-hDCwCM		2380	#IUIC | 31 Days of Camp | Day 4 The Priest of Strong Delusion - Round 1	
FQB-qw957y8		2306	#IUIC | 31 Days of Camp | Day 3 Renewing Our Contract With God	
1QT8VtsE_WM		2362	#IUIC | 31 Days of Camp | Day 2 Who are the Anglo-Saxons	
Wy0EuCkf9-0		2899	#IUIC | 31 Days of Camp | The Witch With the White Jesus Blanket	
DizRYGXRJLQ		2295	#IUIC Blacks and Hispanics Have Something in Common	
mLnHxDo1CNk		1080	The Israelites: Take Hold of Your Heritage	
FPq-lYsZKKI		3574	The Israelites:The Salvation of God	
fvpLQPzTyFo		1964	The Israelites: Blonde Haired Sisters Love White Jesus	
ME0BwjvaUaE		1284	The Israelites: Try the Spirit By the Spirit	
98FghFDT4_A		3610	The Israelites: John 3:16 - The Truth on WGAI 560 Radio - Elizabethcity, NC	
KEkyVDgjYtU		2689	The Israelites: GOD Said: ALL Lives Don't Matter	
DCItIlVZMeE		2397	The Israelites: Black people lack: morals, discipline, & order	
q_M8ryZy3t4		1152	The Israelites: THE WALKING DEAD IN RALEIGH	
13E03sGfU2M		1669	The Israelites: W.A.P and Cuties Infecting God's Princesses	
2jlLq69HATg		1426	The Israelites: The Christian Cross and It's Bloody Past	
I3kZFjbFVgc		2648	The Israelites: Mind Conversion Through The Bible	
K0ifTTLbb3Q		1723	The Israelites: Sister Grateful To See The Prophets In Her Town	
UfPFtnwzpbw		2673	The Israelites: The Prophets first contact in Kinston NC	
jddnmTxog70		997	The Israelites: DEMONS Jump Brother In Front of the Prophets	
NWCMjTj5QrE		2475	The Israelites: 5%err Learns the Source of ALL Wisdom	
tSwv_oEJ_fI		4677	The Israelites: Pastor on Trial For False Teaching	
T8fElR0BcMU		1723	The Israelites: A Humble Sister Sits Down For the Word part 1	
NtmdULVmcXo		1539	The Israelites: The Bible is Family Therapy	
NEcOHdIKEMk		1471	The Israelites: BIG Bible, Small Understanding	
dXSRBLXUQVE		2181	The Israelites: BROTHER! SHHH! You Cannot TALK Your Way Out of God’s Laws	
bCsE1lVYDSs		1992	The Israelites: Hispanic Couple Learns Their History and Heritage	
qlE5foDFnoE		2044	The Israelites: Pan-African Unity? George Gets the Basics	
74zqn5QV3E4		3389	The Israelites:The Secret Woke Muslim Brother	
jq7sGp0QgQE		1412	The Israelites: Mother and Daughter Compelled by the Word	
pQ2zoMRzI6E		3992	The Israelites: Sick In The Spirit	
7ME6f3RvO1o		1876	The Israelites: Be The Light In The World	
po6PaDPTMoE		2430	The Israelites: Mr. White Enslaved to the Lies of Christianity	
4NL5Y49srjU		1909	The Israelites: Young Brother learns his history is in the bible	
uedP2b4YuDM		1389	The Israelites: Youth Learns Their Greatest History	
_jgCAvErcow		2193	The Israelites: Teaching Young Men Marriage & Stabbed 6 Times By My Ex	
QZJGnpJx8tg		1930	The Israelites: Bethink. Repent. Live. Return to Your Heritage	
s2n9xb-Z39o		2309	The Israelites: The Gino Jennings Disciple	
Awjmf9LKRAA		3118	The Israelites: Reassembling the Mind of a Stray Brother	
lM_d7EDAGj4		1661	The Israelites: Man Finds out Christ and Our Forefathers are BLACK!	
83C0XoioNA4		1893	The Israelites: The Islamic Blood/Moor Fights Against the Prophets	
WCCI-ORH6qU		1870	The Israelites: God Only Loves One Nation	
6aXaVrOeRtw		1690	The Israelites: Captain Josiah and the Dope Dealing Moor	
yeCp9PFbMPY		2525	The Israelites: The Bible Unlocking the Truth of God	
ITQLoh4Lpr8		1933	The Israelites: Moor vs The Prophets pt 2: Allah is Not Your God	
ZeZNkH9VgFY		1878	The Israelites: Wake Up Your Nationality	
59IRot70_M8		6499	The Israelites: Revelation 12:12 In the Shortness of Time	
05pUCR8YzVY		1107	The Israelites: Jerusalem is Our Motherland!	
767WAJR07Gc		7488	The Israelites: Building with vision or without vision	
jjVElJhgNRY		1039	The Israelites: Paul's Image and Ministry	
jaN4hFj_g6c		2406	The Israelites: Illuminate the True Jews	
03O4BXHFGKM		1492	The Israelites: Hidden History -- Our Truth	
kZXqb7w6NBw		2475	The Israelites: Your True Ancestry Is In The Bible #MLKDAY	
xjiZEI64NY8		1256	The Israelites: IUIC Takes Over MLK Parade	
p_CDoYxGET8		2245	The Israelites: The Bible Is The Black Man's History MLK March	
jWGCfmro-fw		2283	The Israelites: True Depiction versus Pastors Deception pt1 #MLK #blackhistory	
3qHkRmBGXh0		1994	The Israelites: True Depiction versus Pastor's Interpretation pt2 #MLK #blackhistory	
hdwfDCzKiQs		3402	The Israelites: Remain in Zombieland or Become Awakened pt 2 #mcdougaldterrace	
oohdeQxddoQ		2332	The Israelites: Remain in Zombieland or Become Awakened #mcdougaldterrace	
ht3KHOZsaFI		2425	The Israelites: City Of Durham Gets A History Lesson	
2I3NS1SICEE		2279	The Israelites: Wisdom Rained on the Stubborn Man	
qxTWmgJcdAE		411	The Israelites: #IUIC | The Shocking TRUTH about the #BlackHebrewIsraelites REVEALED!	
LzsLPFlZZdk		1798	The Israelites: Sisters Prefer Their Sorority Over God's Glory	
4tibWLmm3hQ		2171	The Israelites: How Did You Become a Slave?	
--ETQxas6ls		4281	The Israelites: (IUIC Raleigh) Juneteenth C.F.T.S	
nsLBI6dpkUU		2316	The Israelites: Two Sets of Twins Learn the Truth of Their History	
1KThtHZBGy4		2403	The Israelites: A&T Learns Christ Did Not Come For Everyone	
L89zDlF5ri0		1947	The Israelites: Breaking Ground Goldsboro, NC: Officer Nahum Teaches the Truth About Love	
wCCOaStbRJw		2502	The Israelites: Captain Josiah Breaking Ground in Goldsboro	
aAUIMr2o_hM		3133	The Israelites: Battle on D.O.A - Elder Crowder Your Doctrine is WRONG part 1	
HTlgsW3jLb0		2018	The Israelites: Truth Comes to the Carribean Fest #FAYETTEVILLE #NC	
s8W_GGh4sQM		112	The Israelites: Feast Of Tabernacles 2019 Promo	
ZSlzTfuzyXs		1175	The Israelites: Old Man Says He Seen CHRIST in the HOMELESS SHELTER	
vZfuv1ALDHw		2364	The Israelites: Would Your Enemy Tell You The Truth?	
wGmgCtDLjL8		71	#IUIC | The #Chicago Campaign | #MensConference2019	
mxb5urz9KxQ		2231	The Israelites: Judgement of The Nations	
vZd3cnvJWow		1658	The Israelites: Gad Learns His Cross is Evil	
bbaHj23PUCQ		2322	The Israelites: Breaking Down Traditional Barriers	
MLsG4EYx0VU		2116	The Israelites: Sisters Pull Up on the Prophets to Hear the Word	
QrlnaE-Sfmk		1198	The Israelites: Setting The Sons Of God Back In Order	
nuo5I_f9m6o		1245	The Israelites: Brother Can't Come To Terms With The True Author Of The Bible	
xumkRLbiXcE		2338	The Israelites: The Prophets Teaching Nationality Juneteenth Editition	
Ax3aJuE6fOc		2102	The Israelites:Prophets Teaching the Word at JUNETEENTH	
qeVIMx88ZIY		3024	The Israelites: Juneteenth Gets Turned Upside Down	
GAD0qVl-3Cg		2586	The Israelites: Breaking News- The Israelites come to Lumberton Teaching the Dress Code!	
lxYeNPynv4A		2577	The Israelites: Breaking Ground in Lumberton NC	
Yv1USyShbYI		2189	The Israelites: Are You a King or a Whoremonger	
5Pa5sQBvdAA		1730	The Israelites: When The Scriptures Come Out Demons Come Out Too	
bx6dhrzRh10		1597	The Israelites:The Mindstate of a Man That Turns From the Truth	
d2EfJipKmZY		1109	The Israelites: Who Really Discovered America??	
XWLBNecAokc		1728	The Israelites: A Devil in Yellow Trying To Steal The Word Of God	
H7AIwl-IIIE		1915	The Israelites: Brother Gets the Understanding of the Mitre and Priesthood	
LlahNeYKiUw		2246	The Israelite: One Humble Ear To The Words Of Moses	
8lCcheO6T0k		2070	The Israelites: Truth On Christmas Evil	
3K4uhS2whzo		2006	The Israelites: Are You in Charge or is it 50/50?	
gacu_5ABaEA		2116	The Israelites: The Greatest Lie In History	
vLjQHYxsRVE		999	The Israelites: What do BLACKS, HISPANICS and NATIVES have in COMMON???	
zdwm8XTfOZo		183	Why I Joined IUIC	
WyF_PiubZ0k		197	Why Did I Join IUIC	
9Ym5eaakuPw		172	Why I Joined IUIC	
JJTzcL1nmvg		1309	The Israelites: A Sister Sheds Tears For The Truth	
S9oL-zanvs0		248	Why Did I Join IUIC	
M0p33zbSy5k		149	Why Did I Join IUIC	
-PV9__BNmwo		263	Why Did I Join IUIC	
E-f0JaRXh74		263	Why Did I Join IUIC	
dodAFnziTmc		209	Why Did I Join IUIC	
OnSh22JE3CU		230	Why Did I Join IUIC	
GADMUfsb-9Y		243	Why Did I Join IUIC	
nG5bGqnYMRE		183	Why I Join IUIC	
iBEyhDucXvg		115	Why I Join IUIC	
GL4KrZnixaU		1140	The Israelites: New Light on the New Moon	
l4y__smRtOI		122	Why I Joined IUIC	
gS2EFhY0Q8o		203	Why I Joined IUIC	
Fm7DV-iOSoQ		1509	The Israelites:Yo Momma's Favorite Scripture John 3:16	
Zip38GTJAAw		1245	The Israelites: Where Do Holy Babies Come From??	
wvbn_O0K9wU		2266	The Israelites: Blacks and Hispanics Get A Biblical Treatment	
NGtw0OcPj0k		1554	The Israelites: Don't Be Deceived By The Works Of The Crafty	
TtiqtGxOoSI		2213	The Israelites: Only Grown Men Can Take The Truth	
joXDmeRW-e8		8396	ESCP 2.0  The Greatest Crime Known To Man	
D_9BCkvT7H4		9245	ESCP 2.0 | The Scapegoat And The Return Of The Red Summer	
sDkUF9Qe6eA		7378	ESCP 2.0 | Collective Injury & The Psychology Of Christian Doctrine	
MGhwaXMvPOY		8338	ESCP 2.0 | The Accuser Of The Brethren	
mn744sPefcI		7862	ESCP 2.0 | Children Of Satan & The Black Hand Joined To Them	
gphEXo6yIuI		8775	ESCP 2.0 | The Humanity Of Jesus Christ And One Nation Under God	
RCnbnrqfVdY		7509	ESCP 2.0 | WHY THEY USE BLACK CHRISTIANS AND BLACK POLITICIANS	
m9HORsZr2S0		8496	ESCP 2.0 | THE GOD COMPLEX: WHY THEY KILL US	
0DhAFnYG18A		8349	ESCP 2.0 | The United States Of Israel	
Ye1YhawNRwY		8101	ESCP 2.0 | THE DELUSION OF BLACK MAGA & AMERICAN EXCEPTIONALISM	
dd_W0ZWRUDY		7808	ESCP 2.0 | Beneath The Eagle's Shadow What We See But Cannot Say	
I2t9az3C2EY		8674	ESCP 2.0 | WHY JUSTICE FAILS	
S20CilCl2XA		8736	ESCP 2.0 | Adverse Childhood Experiences = The Curse Of The Law	
vYSwqa7s8mU		4100	HAMMER TIME | LET NOTHING SEPARATE YOU!	
h1MpA5BvBDo		4053	Hammer Time | Distracted From God In Modern Times	
uQF79bq_c68		8098	ESCP 2.0 | Why Are So Many Pastors Lying?	
7L9duQL_Zew		3716	Hammer Time: Amalek Funds The KKK	
r6jnYwDflx0		7895	ESCP 2.0 | The Psychology Of Modern Idolatry	
rmlCMBgCi-0		4164	Hammer Time | Surviving Armageddon	
MxzNt410-qA		9596	ESCP 2.0 | Capitalizing Off Trauma And The Fear Of Death	
Bv_wV86OVW0		8156	ESCP 2.0 | War & Peace: The Return Of The 12 Tribes	
Yq2byk4PnrQ		6941	ESCP 2.0 | United States Of Hell	
oT8MQ1J8tsQ		8200	ESCP 2.0 | America Will Never Be The Same: No Kings Protest	
q62urS5o-Ns		8338	ESCP 2.0 | The War of Blasphemy	
pgdX_VY46rE		9077	ESCP 2.0 | You Wish Fable The Wicked Revealed	
KrwUsN2RhjQ		8095	ESCP 2.0 | Stars Falling From Heaven	
eyfnPykdjJ4		9520	ESCP 2.0 | Reparations Or Repaired Souls	
FvDPbt1m94Q		8922	ESCP 2.0 | Lust The Fuel To The American Fire	
f8hYt-nwo8M		8210	ESCP 2.0 | The True America & The Confusion Of Black Christians	
xKYG3eQdIO0		8606	ESCP 2.0 | Esau, Rome, and America. Do Edomites Still Exist?	
dK458hj59ms		8489	ESCP 2.0 | The Administration of Desolation	
mzi8h1THjGo		8625	ESCP 2.0 | Beware The King Is Coming	
XJdhztdaKmM		7845	ESCP 2.0 | BLACK & BROWN BODIES A WORLD WIDE COMMODITY	
1dB7UHoEdqo		9009	ESCP 2.0 | How Does God Feel About The Other Nations?	
npauhYTNdM8		8654	ESCP 2.0 | Societal Norms Are Satan Formed	
rd6MnYW8H10		8179	ESCP 2.0 | GOD & RACE OVER EVERYTHING	
-SttC7ytVk4		8788	ESCP 2.0 | The Number Of His Name (DLTBW)	
EzjHb8dIUc4		2864	#IUIC | 31 Days of Camp | Day 9 White Lies Matter	
ffgB2onP1jE		2809	The Israelites: Sister Speaks The Devil's Tongue	
u534tSHNx4s		2366	The Israelites: Will You Be Obedient or Disobedient To God's Laws	
mlOkv1qsECo		113	The Israelites: IUIC Floods The MLK Parade In Durhham Nc	
-qhhYDHUZW4		3263	The Israelites: Battle on D.O.A - Elder Crowder Your Doctrine is WRONG part 2	
8AtInDIVqro		2603	The Israelites: Your Beliefs Will Not Save the Enemy From Destruction.	
SSsyY-39blc		2450	The Israelites: The Biblical Origin of Native Americans	
OURp6LrJ8G4		1792	The Israelites: Easter Strikes Out Against the Prophets	
p2kno87IDFE		1754	The Israelites: The Ways Of The World Will Keep You Lost	
Uttu9shmjyk		9118	ESCAPING THE PLANTATION 2.0: A BLACK GOD THAT RULES IN THE KINGDOMS OF MEN	
E8s2FOluXeo		8976	ESCP 2.0 | America Lynchings And Black Mental Health	
i9br0SAXz94		7951	ESCP 2.0 | The Judgement For A Rapist And Trauma Triggers	
4kVqDhArPuc		9008	ESCP 2.0 | The Age Of Deception Christianity And Social Media	
PJKos9c0qjU		9305	ESCP 2.0 | The Roots Of Theology And Orthodoxy	
A54U6WpVTX0		12569	ESCP 2.0 | IUIC Making The Block Hot	
AwE8uY5LK1s		4087	HAMMERTIME | U HAVE TO WIN WOUNDED	
kpESj5pCjes		8878	ESCP 2.0 | Pam’s Seven Year Lie And Daniel’s Vision Seen Clearly	
ZwqESYdYIPw		8349	ESCP 2.0 | Worship Of The First Beast	
-p0LHge2K_8		8133	ESCP 2.0 |  2819 Access Denied	
4rqlf4LI8P8		9172	ESCP | The Image Of The Gods And The Fate Of Oppressors	
DP4Bm3c7LLM		8783	ESCP 2.0 |  The Anointing: Who Are The True Christians Today?	
-h1Sf-OXPlI		8042	ESCP 2.0 | The American fire Is Kindled	
QWsWICmPvQg		8619	ESCP 2.0 | Christianity Is Falling Fast	
DaH2r-HL73U		7738	ESCP 2.0 | The Golden Dome And The Space Warfare	
DhDlh8OF9Ro		7652	ESCP | Lord Of The House: The Restoration Of The Israelite Man	
DnCGhIlrXGQ		9062	ESCP 2.0 | Is The Serpent In The Garden Still Deceiving Eve	
cdpgk1FUrUQ		13602	ESCP | Lucifer The Light Bearer & Don't Listen To Black Women	
vmN92E07Gw0		8025	ESCP 2.0 | The Abrahamic Family House And The Hatred For Jesus	
_SOqkX5UMlE		7392	ESCP | Bound, Loosed, & Burned The Final Defeat Of Whyt Man And The Nations	
wwNcY-HZMzk		7922	ESCP | Guided Or Blinded: Learn To Listen Before You Learn The Hard Way	
TrZ6giASNk4		8855	ESCP 2.0 | The Art Of Propaganda & The Controversy Of Zion	
rHwlBpDnXzs		8982	ESCP 2.0 | A MAN THAT TRAVELS	
4sB9uLiRJ8A		8886	ESCP 2.0 | PROPHESYING THE FALL OF FRANCE	
TdRSQOfpfv8		8430	ESCP 2.0 | The French Government Wages War Against IUIC	
zF82_fmybOw		8510	ESCP 2.0 | FILTHY DREAMERS & BLIND GUIDES	
jkBRsH4klVg		8495	ESCP 2.0 | The Gospel Is Hid To Them That Are Lost	
4TYXOC2BMd0		9951	Apolapathetic Leaven & The Dutch Slave Trade	
LsTgPJnYG7g		12569	The New Babylon And It's Power	
MyPhZvlWFQg		9393	THE ROAD TO THE BATTLE OF ARMAGEDDON	
TuGM0DEKzf0		8999	ESCP 2.0 | ANTI-CHRISTIAN BIAS & ANTI-CHRISTIAN LIARS	
_O3GXSnULfs		9438	ESCP 2.0 | THE C.I.A, 2025 AMERICA, AND THE ISLANDS OF THE SEA	
KNaEHm1qbtM		4184	ESCP2.0 - The House Of The Thief And The CIA Pt. 2	
CEJm2h6abUA		4193	ESCP2.0 - The House Of The Thief And The CIA Pt. 1	
GFER8BesPNY		9019	ESCP 2.0 | THE NEWYEAR AND THE ZODIAC	
LeJrPw8gnCk		8864	Destroying Apologetics And The Authority Of The Catholic Church	
BEulOoLEEIc		6770	ESCP2.0 - THE DELUSION OF THE TRINITY AND PATHETIC APOLOGETICS	
d4b-0dUCeLM		7994	False Prophets, The Great Whore and Her Fornication	
B2xT5DGdr1g		9713	ESCP 2.0 | REM Sleep, Sleep Paralysis, and Astral Projection	
bDnXZWINqjU		9234	ESCP 2.0 | Defiled Bread & The Blood Thirsty	
ZTv4RIDlBnc		9063	ESCP 2.0 | Prince Of The Power Of The Air And Uppity Negros	
_El01PaN7Rw		9571	ESCP 2.0 | Can Ye Not Discern The Signs of The Times?	
-hrJ8Y4wR6w		9383	ESCP 2.0 | BLACK VOTERS AND PLAGUES OF THE EARTH	
RW5xs6_lTUY		8889	ESCP 2.0 | The Spawn Of Satan & The Confusion Of Sodom	
1MbNRH5oVGk		8650	ESCP 2.0 THE GOD GENE AND HOST OF DEMONS	
kjkkI9XRiFI		9770	ESCP 2.0 | HOLY NATION NEEDS HOLY WOMEN.	
w-nyrFAE1m8		9039	ESCP 2.0 | The Eye Gate and The Worlds Last Kingdom	
eZXCdDqcvW8		8536	ESCP 2.0 | The Eye Gate and The Worlds Last Kingdom.	
zt28cuon3GE		8870	ESCP 2.0 | The Unseen Evil.	
ghF_o8F9S-U		9462	ESCP 2.0 | Don't Listen to Black Women OVERLOAD.	
RZhwLfdaw_M		7611	ESCP 2.0 | THE BIBLE: THE TIMELESS RECORD OF THE JEWS.	
ECXY3_8VEjg		8595	ESCP 2.0 |  IUIC Exposing Lying Christians	
C8gOl-ajMxY		9446	ESCP 2.0 | THE NEGRO MADE JESUS MARVEL PART 2	
LIeo_a7KUhs		9078	ESCP 2.0 | THE NEGRO MADE JESUS CHRIST MARVEL	
1PEccoM1lNs		10962	ESCP 2.0 | The Acts of The Apostles & Martyrdom.	
P6j5B6SGQgU		4844	The Beautiful Aspects Of The Law	
sP4l3o-RmdI		7285	AOG | The Judgement of Leviathan...That Crooked Serpent	
cweoM1fygiE		7851	ESCP 2.0: DAUGHTER OF SARAH OR DAUGHTER OF SATAN	
QH8-OQVGwIw		2108	ESCP 2.0 | THEM, AN AMERICAN HORROR STORY.	
FSymeiJmmB0		9440	ESCP 2.0 | Don't Listen To Christians, Edomites, or Black Women	
MaQiv0j8ztk		8960	ETP 2.0 THE BAN OF TIKTOK AND EVENTUALLY THE ISRAELITES	
nbNGcDR0lD0		8784	ESCP 2.0: JEWISH / ISHMAEL WAR PROVOKED BY PROPHECY.	
wx0dbXTaoTw		8496	ESCP 2.0: Jewish Control From The Power of Satan.	
yIDRAfgGfIM		8487	ESCP 2.0 | Highly Esteemed Among Men Is Abomination With God.	
FKW34InojdQ		8731	ESCAPING THE PLANTATION 2.0: WAR CRIMES AND UPROARS OF THE PEOPLE	
2U-Gsm6HtZ0		8707	ESCAPING THE PLANTATION 2.0: THE SERPENTS SEED AND THE FALSE PROPHET	
ftv-leTqD0c		9342	ESCAPING THE PLANTATION 2.0; PRESIDENTS DAY, A LOOK AT AMERICA'S MOST RACIST LEADERS.	
pbX8F7GWnb8		9293	ESCAPING THE PLANTATION 2.0: A BLACK GOD THAT RULES IN THE KINGDOMS OF MEN	
2wXZtecPtaU		8905	ESCAPING THE PLANTATION 2.0:THE PSYCHOLOGICAL WARFARE OF THE OPPRESSOR AND THE BOOK OF CLARENCE	
9AMzJ0HnqC4		7793	ESCAPING THE PLANTATION 2.0: PROPHESY THOU AGAINST MOAB	
Gx8MNOGBAps		8410	ESCAPING THE PLANTATION 2.0: Slavery We Will NEVER Forget	
gRzMeyP-c6Y		9138	ESCAPING THE PLANTATION 2.0 | The End	
qOZ7S-ZEnQ8		8763	ESCAPING THE PLANTATION 2.0: America And Amalek’s Conspiracy To Hide The Truth	
-v_u3wllHMo		8537	ESCAPING THE PLANTATION 2.0 | JUDAH VS JEWISH: THE RESURRECTION OF THE GODS	
7X8_QhthqXw		621	ESCAPING THE PLANTATION 2.0: JUDAH VS JEWISH	
hd4kAm-9N4o		9677	ESCAPING THE PLANTATION 2.0: Christians In Support Of Israel | Is It Biblical?	
9x-98V3-Fbk		4403	Escaping The Plantation 2.0: The Israelis vs The Palestinians | Why So Much Hatred?	
hy0LChWn2TY		8032	ESCAPING THE PLANTATION 2.0: THE LORD IS A MAN OF WAR	
Vk2xlwfXVH4		9142	ESCAPING THE PLANTATION 2.0: Vexation In A Crooked Nation	
MQ2GaLNGadA		8779	IUIC Raleigh | ESCP 2.0 Childhood Trauma That Leads To Adult Drama	
G_Dd6-xUS2s		8837	Escaping The Plantation 2.0: What Has America Really Done For Us??	
bl0DQn6N-Zc		8805	Escaping The Plantation 2.0: Three Types Of Edomites (Then And Now)	
Diy7XNAM8TY		7880	Escaping The Plantation 2.0: A World In Decay And Decadence	
d9JZiR-vznA			HE THAT LEADETH INTO CAPTIVITY SHALL GO INTO CAPTIVITYETP #explore #pastors #church #bible ##repent	
Msd7hdUIbEE			Christianity and Islam destroy the blacks and Native Americans and Hispanics💯 #explore #bible	
npcUp0xmU1w			God sent Christ to save only the Israelites Text #bible #explore #12tribes #repent #gospel	
BRHEp31q1AU			We Have to Put Away the Strange Nations From Among Us💯  #explore #repentofsin #bible #commandments	
sclv7FqtWCQ			Black Men are the Pillar of Our community 💯 #explore #bible #repent #12tribes #youtubeshorts	
ysTT2v4ifck			Los profetas en una misión de volantes a nuestra gente de las 12 Tribus #explorar  #biblia #12tribus	
Pxmb4g-lkAg			Los profetas en una misión en el festival Soda City, Carolina del Sur N.C #explorar #biblia #IUICNC	
NhfKvzYLPVg			El Oficial Isacar y los profetas enseñándole a nuestra gente el verdadero color de Cristo #explorar	
g8c5YM3hK3I			Los profetas en una misión de volantes a nuestra gente con soluciones bíblicas🔥 #explorar #Biblia	
sOSAEOhCAPY			Sons Of Thunder newest album, Souls of The Saints, out now🔥🔥🔥 #explore #bible #youtubeshorts	
9WKSeaoA9TA			SOT BRINGING THE HEAT 🔥🎵🎤#sonsofthunder #sot #explore #originalroyalty #iuic #TheSoulsofTheSaints	
FQ2mSI649zM			SOT Album Release Party 🔥🔥🔥#sonsofthunder #sot #explore #iuic #Christ	
zsNNoiyWDa0			Sons Of Thunder album release party brought the heat 🔥💯  #explore #bible #god #repent #12tribes	
fj31BGmfXGc			Sons Of Thunder album release party🔥 #blacks #hispanics #nativeamericans #12tribes #explore	
pFkdl8fj0Iw			Your Paying Tithes while being taught Lies❗️ #explore #bible #god #repent #12tribes	
RMJjjBmBDtM			WE ARE DESTROYED BECAUSE WE DO NOT KNOW GODS LAWS❗️ # #explore #youtubeshorts #bible #12tribes	
I6g7vfLOFIA			WE HAVE A GROUP OF PEOPLE ON THE EARTH TODAY THAT ARE IMPOSTERS 💯 #explore # #repentofsin #bible	
uIx7sDqeamg			IF YOU CONTINUE TO REJECT THIS BIBLE, GOD IS GOING TO REJECT YOU 💯  #explore #bible #christ #IUIC	
9ltbea8sECg			Los profetas nos enseñan quiénes son las personas de la tribu de Manasés según la Biblia. #explorar	
Fh8KQQSEO1g			Los profetas en las calles  enseñándole a nuestra gente come arrepentirse #explorar #biblia	
cipj1Q0JkSc			Los profetas enseñan que los Puertorriqueños son del tribu de Efraín de acuerdo a la Biblia #explore	
FN_8fOSpHlw			Los profetas de IUIC enseñando a nuestra gente  en el CARIBMASK BLITZ, como arrepentirse #explorar	
y8tngL_blgc			Accident or agenda 🤔 #explore #history #bible #repent #youtubeshorts	
-4ihZYA5iI8			Los profetas de IUIC enseñando a nuestra gente en el CARIBMASK BLITZ acuerdo a la Biblia. #explorar	
cSdJCDqrmyI			Los profetas de IUIC traen soluciones bíblicas a gente en Lexington, Kentucky🔥 #explorar #biblia	
k_SKrx4f7TE			Christ Redeemed Us from The Sacrificial Law💯   #12tribes #repent #bible #gospel #explore	
YIz3YryAkXk			WE’RE DEALING WITH SPIRITUAL WICKEDNESS IN HIGH PLACES #blacks #hispanics #nativeamericans #explore	
muwpQu_Q5ok			THE CLOUD IS GODS VEHICLE🔥 #explore #bible #history #youtubeshorts #repent	
M7UADsYQBAU			Julio Foolio, social media, GTA, and Evil Communication. #explore #youtubeshorts #repent #12tribes	
DKPYIJNlyt0			Your Children were SOLD, with nothing you can do about it. #explore #bible #God #repent #pray	
0NgjinhWO6o			The Mighty Prophets had boots on the ground at the CaribMask #repent #explore #12tribes	
6zN-KUz-WOU			The Lord changes our life for the better💯 #12tribes  #repent  #bible  #gospel #explore	
Qt1Tseqvaew			We have to show righteous examples to our children❗️💯 #blacks #hispanics #nativeamericans #explore	
TfBHjm9TZJg			IUIC enseñándole a nuestra gente los mandamientos de acuerdo a la Biblia #biblia #explorar	
jJhHaqUOV_0			IUIC enseñando a nuestra gente de Fayetteville, Carolina de Norte #biblia #explorar #12tribus #iuic	
rRx-K3TJm1g			Our People Are Still Going Through The Curses Written in Deuteronomy 28 #history #bible  #explore	
DykTX8zNWk4			IUIC  están enseñando a nuestra gente de Selma, Carolina del Norte❗️ #biblia #12tribus #explorar	
V6LUPVe9RNc			IUIC traen soluciones bíblicas a nuestra gente en Lexington, Kentucky #biblia #explorar #12tribus	
fY9CtS8fXPs			The Christian church's "holy spirit" is of the devil. #explore #bible #God #Christian #pray	
gDcUpPrC2GE			The Lord Loves you blacks...Yes, You! 🙌🏽#explore #bible  #God #Christian #pray	
7dQyAuFUny0			America's pride will be put to an end💯 #explore #pray #iuic #repent #bible	
3z01HvXmkoQ			Are Black People The Real Children of God❓️ #israelites #iuic #unity #explore #history	
hjlNBS03niI			Prison = Modern-Day Slavery #prison #slavery #bible #explore #youtubeshorts	
jw9A4j-u5Rc			Accident or agenda  🤔 #repent #bible #gospel #explore #youtubeshorts	
FqhWkYeac4k			Christians confirm what was already said 😳#12tribes #repent #bible #gospel #explore	
n7CG5g_HsJ0			We have to acknowledge God in order to be saved NOT Esau💯 #explore #history #bible #repentofsin	
JPqCaxoIH88			Christ is a Black Man! #explore #bible #repent #gospel #christisblack	
zGi6_a_GaHM			DON’T GIVE HIM THE DEATH PENALTY, WE WANT THAT SWEAT EQUITY #explore #bible #god #repent #12tribes	
J45ThDUc_cE			The lord will redeem HIS PEOPLE 👑 #explore #youtubeshorts #christ #repent #bible	
YKFhnDcTdxI			Christ was made JUST LIKE US 👶🏿 #explore #bible #repent #12tribes #youtubeshorts	
QEa7vPjlcAk			There is NO private Interpretation 🙃#blacks #hispanics #nativeamericans  #12tribes #explore	
QFt7JxOykdY			MARRY YOUR OWN PEOPLE 💯#blacks #hispanics #nativeamericans  #12tribes #repent #explore	
xNU4gjaj-eA			Know WHO Your Enemies Are ❗️#explore #bible #12tribes #commandments #truth	
8BoWNf9x7sg			IUIC is always here to support!! Where are you at? #christians #injustice #explore #bible #iuic	
gr-mt85Q51Y			They Gained Everything Through War and Violence! #America #war #explore #bible #repent	
94accleHdx8			Those who speak out against their own people are in darkness #explore #bible #God #pray #ytshorts	
p4gXfGRyPdM			Leave us ALONE 🤦🏾‍♂️ #explore #bible #repent #youtubeshorts #12tribes	
iMNHTO5F9Uw			We must continue to fight and push to teach our people the commands of God 💯 #explore #bible #god	
gU9YllNnTSA			The world is in the hand of the wicked🌎 #explore #bible #repent #iuic #12tribesofisrael	
KyXZKm3y10Q			Christ Was Rejected By His Own People💯 #explore #bible #youtubeshorts #repent #12tribes	
RWGG9ihSMwk			Christ Feels Our Pain❗️#blacks #hispanics #nativeamericans #bible #explore	
PvX4vaypqs8			Israel Would Discontinue From Their heritage #blacks #hispanics #nativeamericans #12tribes #explore	
8bnTccoCm70			Why are all our black boys & girls being put to death mysteriously? ##explore #bible #god #repent	
crXJh4MgTc4			Jesus Christ had wooly hair💯 #bible #repent #12tribes #explore #youtubeshorts	
_ZyOOl_gf1U			The oppression that happened back then is happening now 💯 #explore #slavery #bible #gospel #iuic	
8jKIac52JOA			God said he's going to visit and redeem his people ❗️ #explore #youtubeshorts #repent #12tribes	
sjfac0-h0Bg			IUIC MARCH FOR NOLAN WELLS 🔥 #unity #explore #nolanwells #iuic #bible	
wlMY4y1TTwg			EVIL COMMUNICATIONS CORRUPT GOOD MANNERS ❌️ #explore #youtubeshorts #bible #12tribes #repent	
B6e_BR7oVbg			Christ is only come for the salvation of his people💯 #bible #repent #explore #youtubeshorts #christ	
8FuM2tE82wk			Them Same Spirits Are Back On The Earth💯 #explore #bible #youtubeshorts #bible #christ	
f8CiXtARtmI			Edifying our people with the reason why we are suffering as a community #explore #bible #explore	
j1wUurX-FyI			Giving our people the solutions to reverse the traumas. #explore #bible #repent ##12tribes #iuicnc	
TSe6OV_KcUE			Slavery is not abolished❗️#explore #youtubeshorts #slavery #bible #repent	
GLjzdsrWK8M			Who sent the enemy against thee?? #explore #youtubeshorts #bible #repent #12tribes	
Kc23PDgyISo			Family & friends day, filled with love and unity! #explore #youtubeshorts #repent #bible #unity	
wOjF21vjW2M			America is modern day Babylon, and will be destroyed when Christ returns #explore #youtubeshorts	
J2NyUexRoEk			IUIC Raleigh, NC came together to keep the sabbath holy🔥#explore #bible #god #repent #unity	
QwZ9MNKs17c			Gathering together to keep the laws of the most high in the spirit of unity. #explore #unity #bible	
uiZeiMzh6SI			Giving our people the solutions to reverse the traumas we suffer #explore #bible #god #repent #iuic	
rBEnkXcgZW8			This Is A Spiritual War We're Fighting❗️#black #hispanic #nativeamerican #explore #bible	
szJAgNM0fBA			We have to love ourselves as a nation to change anything! #explore #bible #god #repent #12tribes	
yBeMe0ASRfI			Why do people call evil good and good evil? #explore #youtubeshorts #bible #repent #gospel	
byNRsABQJwY			You'll be held accountable for your sins💯 #explore #youtubeshorts #repent #12tribes  #bible	
b08XJiAqZl4			We are constantly being killed and oppressed by our enemies! #explore #youtubeshorts #bible #repent	
xgUoPwHK8Ro			STOP BACK DOOR MARRIAGES🚫👎🏿 #explore #youtubeshorts #bible #iuic #repent	
x0CLut2OWEk			We come with scriptures🔥💯 #explore #youtubeshorts #bible #repent #12tribes	
uQd9GrUXMj8		7104	Cartoon Conspiracies	
hufskCDlc7o		7912	ESCP 2.0 | THE KING JAMES VERSION AND THE CHRISTMAS TREE	
tRDgJ_Xqt88		8507	ESCP 2.0 | The Two Prophets vs The Apologetics	
yb2CVKcVbI8		3196	ESCP2.0 - THE DELUSION OF THE TRINITY AND PATHETIC APOLOGETICS	
azska1wph74		7141	ESCAPING THE PLANTATION 2.0: JUDAH VS JEWISH	
Am-17cFHQD4			Is Islam the anti-Christ today?	
d2wyn76AtBs			How did we go from ready to pounce to old real quick❓️#12tribes #repent #bible #gospel #explore	
9SKvt_Ao0_Y			We are under Gods protection💯 #explore #youtubeshorts #bible #12tribes #radioshow	
0bkh-vHiPcs			Did You Know That The Other Nations Help forward Our Affliction?! #explore #youtubeshorts #repent	
4JNaXKyHgnY			Every Door Has A Price💲#blacks #hispanics #nativeamericans #bible #explore	
vrNN5ulvTM0			Every Door Has A Price, Get rid of pride 💯 #explore #youtubeshorts #bible #repent #iuicnc	
YGifT_8raQM			Many mighty prophets came down to put boots on the ground🔥 #blitz #explore #youtubeshorts #iuic	
Ur-AZJLJoV0			The Lord Got Your Number Moab!! #12tribes #explore #youtubeshorts #bible #repent	
zRdQ4i2jlo4			Los profetas de Israel Unido en Cristo con soluciones bíblicas en Muzquiz, México #explore #labiblia	
9cnMZVD9gI8			Los profetas de Israel Unido en Cristo en una misión! #12tribus #IsraelUndidosEnCristo #explore	
6ZpfrbXS2as			The spirit of unity filled with joy and edification. #youtubeshorts #explore #God #funday #family	
JwMLvRQMUuQ			IUIC Raleigh Family and friends day event was successful! #explore #youtubeshorts #iuicnc #repent	
3vJJYkJgdY4			Truth on the corner, caught live. #carmeloanthony #shorts  #kjv  #streetministry  #truthbetold	
hds8PDLRW8o			Giving our people the right way to return back to the Most High🔥 #explore #youtubeshorts #repent	
BSEwe1_iME0			Come back into doing God's commandments❗️#explore #youtubeshorts #repent #bible #12tribes #iuicnc	
iZHKDJ0dKLo			Don't ignore the red flags. #repent #bible #gospel#explore #youtubeshorts #12tribes #iuic #nc	
fM0JkLB3TGg			Get rid of pride.💯 #hispanics #nativeamericans #repent #bible #gospel #explore #youtubeshorts	
dzz2CDfgQPI			Does the Bible define a people by color—or by something else? #explore #youtubeshorts #bible #iuicnc	
H_5doiqghqA			King David Understood Trauma! #trauma #wound #bible #podcast #youtubeshorts #gospel	
wFLSTlaqCu0			Everything the other nations have set up is to keep the Israelites in sin! #explore #repent #god	
g_HHqMnl4Fo			Check out how the I.T. Team played a major role in making this memorable🔥 #explore #feast #unity	
nevHKueCyV8			What type of Israelite are you? #explore #youtubeshorts #repent #12tribes	
48axf0lm3MQ			The Kingdom is worth every trial. #explore #youtubeshorts #repent #12tribes #endure	
akHPf22r7yg			The Israelites are returning back to the Lord! #explore #youtubeshorts #bible #repent #12tribes	
Z9nWT1H5W2s			#explore #youtubeshorts #bible #black #hispanic #nativeamerican #12tribus ##IsraelUndidosEnCristo	
OqvMS3jXYvs			The Carolina's was full of wisdom,and joy all ordained by the Lord. #explore #youtubeshorts #unity	
zwAqVONK7to			En el Levi blitz de Goldsboro NC🛡⚔️🛡#IsraelUndidosEnCristo #repent #explore #youtubeshorts	
QFiegHuOnyo			Los profetas de Israel Unido en Cristo enseñándole a nuestra gente en una clase🔥 #explore #12tribus	
UkRsjttVFcI			Memories created during the Feast of Pentecost! #unity #youtubeshorts #love #feast#explore	
hgQMbz8N8cw			Ever feel like justice depends on who’s in the room? #BlackHistory #JusticeSystem #YouTubeShorts	
kmWQd0FgGZ8			Growing in the Spirit while joyfully celebrating the Feast of Pentecost! #explore  #trending #Joyful	
vQygpJagN9o			The Zion Dancers  danced in the spirit of joyfulness and gladness. #12tribes #repent #bible #feast	
i2jejoHHvIo			DONT BELIEVE THE DISTRACTION! #explore #bible #blackmail #secrets #lies #epstien #island #explore	
QK1a1ieuDqw			Every man is born into this world with trauma!#blacks #hispanics #nativeamericans #repent #bible	
TwcywHp7oRU			Black Bike Week Blitz 2026 🔥🛡⚔️🛡🔥 #explore #repent #bible #christ #black #nativeamerican #hispanic	
96PxIf0co-s			The White Man Came To America For Riches And Gains!!  #explore #god #blacks #latino #nativeamericans	
xY1hlMmye40			Every other nation is getting judgement not salvation! 💯🔥 #explore #bible #god #repent #iuicnc	
IBtHiMDtzOk			DAY 92 of 240 days of camp🔥#blacks #hispanics #nativeamericans  #12tribes #repent #bible #explore	
bEYvN4NUjPc			Pentecost 2026 in the Carolina's was LIT! #explore #trending #shorts #joyful #nc	
4dh3YcO5q5U			Are you that Dead Fruit that wants to become a Lively Fruit? Watch to learn more. #explore #shorts	
rlmp3AmNAjI			The Carolinas came together with joyfulness and gladness.  #explore #12tribes #unity #peace #joy	
4wvOm8EIqwE			Brothers and sisters of the Carolina's rose early and unified #feastofpentecost #unity #explore	
5STvNwh2EDA			Exemplifying the Fruit of The Spirit in one another. #explore #12tribes #unity #joy #love	
oWIKz2Se07g			Happy Feast of Pentecost from the Carolinas #unity #explore #shorts #feastofpentecost #nc #12tribes	
dgSTcUzJeNU			A day of joyfulness and gladness of the heart! #explore #god #feastofpentecost #12tribes	
75ojNywL5Kc			The Carolinas holding down the Feast of Pentecost 🍓🥝🍍 #explore ##feastofpentecost #iuicnc #bible	
eB0WVsJw3_o			Getting ready for the feast of Pentecost! #explore #bible #repent #gospel #feastofpentecost	
1JT03xsDhnk			Israel will be in the midst of another nation 💯#blacks #fyp #explore #bible #latino #native #God	
FWo6mFJSTog			What's happening today in Lebanon is recompense of the Most High 💯🔥#12tribes #repent #fyp #explore	
07j_GjCdoAw			We must not be deceived by the things that’s going on around the world!#explore #bible #God	
10nTRiCUhhg			God is Judging each one accordingly💯🔥 #blacks #hispanics #nativeamericans  #12tribes #bible #gospel	
jzkF22ZlrGw			The nations will never know our strength !!!🔥🔥#blacks #explore #bible #latino #native #God	
lPwoL5rad7c			Tune in to AOG every Sunday @6 pm 🔥⚔️🛡🔥  #explore #bible #nc #iuic #gospel	
gF6me0f2V7o			THEY came TOGETHER to DESTROY us 🤯 #explore #bible #blacks #latino #native #God	
UUHs8Ys8JHs			The white man is the beginning and ending of all evil #explore #bible  #God #pray #repent	
OEMrzWpzh_Y			Teaching our people the true meaning of what repentance is.#explore #nc #repent #12tribes	
qDlzHZ4O-_8			Is Your Past Blaspheming #blacks #hispanics #nativeamericans  #12tribes #repent  #gospel#explore	
O3M8IBCPqr8			Cleaning your community!!! We love our people!!!	
Zs4irRRHwK8			Don't abuse this world! #blacks #explore #bible #latino #native #God	
s-eoKtJYzuk			YOU MISSED THIS.... #OBSESSION THE MOVIE  #podcast #movie #explained #reaction	
uDWxjThlx3Q			Before You Watch Obsession #obsession #moviereview #spoilers #spiritualgrowth	
Q5GAznLOnjk			GOD’S  movement !!  #Discipline #StrongMen #Leadership #MentalStrength #PurposeDriven	
wZE4VJYLvbg			#BibleTeaching #BiblicalWisdom #SpiritualGrowth #KingdomMindset #Truth	
xqySMDYpxXo			#Discipline #StrongMen #Leadership #MentalStrength #PurposeDriven	
ac8A1kYD66s			#Women who can't Get Married??? #FamilyHealing #HealingJourney #RelationshipHelp #HealingHomes	
6Pg69JgAS3s			on the ground in #tanzania  #BibleTeaching #BiblicalWisdom #SpiritualGrowth #KingdomMindset #Truth	
J57hn2SnSRY			#Trigger Warning #Women !! #FamilyHealing #RelationshipHelp #HealingHomes #BiblicalWisdom	
CF2o9TOG-Pc			What heals us from trauma?? #HealingJourney #TraumaHealing #InnerHealing  #SelfImprovement	
vHhSANIsbhE			The #BIBLE is YOUR #healing 📖 #HealingJourney #TraumaHealing #InnerHealing #SelfImprovement	
ay6_EocaSc4			WE have to BREAK the CYCLE ⛓️‍💥 #bible #god #news #explore #gospel #nc	
WSwJGg-Gb7c			THIS is the reality 💔 #bible #god #news	
Jk57fb7JHcA			Get Un-Stuck!!! Dangers of Complacency 🛠🔥	
LdBnm2CxJxA			#Pastor told her to #ABORT the #baby 😯😯😯	
iDRdBYmGB50			#CLINTON #NC LEARNS GODS LAWS #fyp #explore #bible #latino #native #God #Christian #pray	
vlq6sovZqNI			What #Solomon's #mother said about #women	
cVZY7igfVLU			240 Days of Camp in Farmville, NC! #Fyp #Explore #Bible #God #Repent	
-EEHFFXoebQ			When Govt assitance ENDS!!! 😯😯😯	
P0pw98Bg8OA			240 DAYS OF CAMP #NC ⚔️⚔️⚔️ #blacks #hispanics #nativeamericans  #12tribes #repent #bible #gospel	
DiQEXIkj3mw			#Truth about #TRUMP. #2026	
XNKe3eVzLlc			Teaching our people in Downtown Raleigh. #Fyp #Explore #Bible #God #Repent	
DnypTaxqdVY			People in Christianity are oblivious to what’s happening around the world	
U4lh99WFLqE			#WILMINGTON #NC WAKE UP OUT OF SLEEP THIS IS TRUE DELIVERANCE #black #fyp #explore #bible #Christian	
HyrtwTmz4u8			The #Apostle #Thomas Taught The #Black #Jews Of #India‼️#iuic #israelunitedinchrist #nathanyel7	
2P8rjYBQGAQ			#ROCKY #MOUNT #NC BLAZED WITH THE GOSPEL🔥🔥🔥  #blacks #fyp #explore #bible  #Christian	
BjrFgc9Cy8I			#GOD #CHOSEN PEOPLE IN #INDIA 😯😯😯 #blackskin	
ytzu76ABgW0			WHEN FOOD STAMPS AND WIC RUN DRY!!!😯😯😯 #fyp #fy #blacks #hispanics #nativeamericans #bible #gospel	
QfWbyXn2Utc			IUIC Raleigh taught our people to start keeping the laws of God #Fyp #Explore #Bible #God #Repent	
lakrUuevWvI			Our names were changed to Siddis, Sheedis, Dalits. #12tribes #iuic #iuicindia #repent	
rZjXTsb4llQ			OFC NAHUM on Oak 93.5 #Modern #idols and #pagan #customs 😯😯😯 #bible #god #podcast #viral #christ	
f7GbJ2I6vUA			#CLINTON #NC GETTING THE #GOSPEL !!! #blacks #fyp #explore #bible  #Christian	
LTzGgrpqbo4			The #siddhi people from #india #bishopnathanyel #bible #iuic #israelites	
OKY5ofvYLyo			CHURCH SIT DOWN WITH Los Profetas de IUIC !!! #hispanic #latino #biblia #jesus #iglesia	
c6lmZvV0qPs			Flyer Mission in #Wilmington #NC #Fyp #Explore #Bible #God #Repent	
W4R6w2FuZsU			Gandhi Called The Dalits The Children Of God ❗️ #iuic #israelunitedinchrist #nathanyel7	
SVXp859jD0E			Gandhi Called The Dalits The Children Of God ❗️ #iuic #israelunitedinchrist #nathanyel7	
ChboYgt3WP8			The Apostle Thomas Taught The Black Jews Of India‼️#iuic #israelunitedinchrist #nathanyel7	
s7VJ4nf7Sgw			https://youtu.be/gVWIdI9mb1A	
5Ham5crNjaU			The #siddhi people from #india #bishopnathanyel #bible #iuic #israelites	
P2AuBZdEyJQ			Our names were changed to Siddis, Sheedis, Dalits. #12tribes #iuic #iuicindia #repent	
jvoiZioGQZg			Escp 2.0 Held down by Ofc Mishael 🔥🔥🔥🔥 #viral #bible #live #reaction	
S0BQj20hC00			The Lord Only Dealt With Children Of Israel #fyp #blacks #hispanics #nativeamericans #bible #gospel	
9p8VWKjkYKM			Top G goin in!!!🔥🔥🔥 #viral #reaction #live #podcast	
TZBWt0eVY5g			WE ARE LIVING LIKE #GENTILES #blacks #fyp #explore #bible #latino #native #God #Christian #pray	
MVw7JeOZ5Qw			#FAYETTEVILLE WAKE UP!!! #blacks #fyp #explore #bible #latino #native #God #Christian #pray	
3dHzD42jpkA			INSTRUCTING OUR PEOPLE IN #raleigh  #NC #blacks #fyp #explore #bible #latino #native #God #PRAY	
ARKAi_kMiHE			This is how you solo level 🎮 #fyp #blacks #hispanics #nativeamericans   #repent #bible #gospel	
DYElMuzVsOU			EVERY NATION HAD US AS SLAVES  #blacks #hispanics #nativeamericans  #12tribes #repent #bible #gospel	
QxHopwqNHfI			COMPELLING OUR PEOPLE TO TURN TO OUR KING CHRIST! #black #fyp #explore #bible #latino #native #God	
OK9wdsUEKS8			I.U.I.C RALEIGH ON Oak 93.5 at 8am EST every Saturday #blacks #fyp #explore #bible #God #Christian	
0WJW4C6tKc4			GET RIGHT ISRAEL! IN ONE HOUR BABYLON THE GREAT WILL FALL? #12tribes #repent #bible #gospel	
RlK1EQ13_l4			IS SPANKING YOUR CHILDREN BIBLICAL??? 😯😯😯📖📖📖 #blacks #fyp #explore #bible  #Christian	
SF3em0PD24g			We Must Nourish Our Children With The Word #fyp #blacks #hispanics #nativeamericans #bible #gospel	
1UA6uYCg-HY			KEEPING THE SABBATH WITH THE PEOPLE OF GOD!!! #Goldsboro #NC	
J9zXOTj51TM			IUIC #Raleigh# in #Birmingham, #UK ! Keeping the lord #Memorial Day! WE KEEPING #PASSOVER 2k26!	
towdJGS-084			IUIC #Raleigh #NC & IUIC #VIRGINIA TURNT! UP ON THE #PASSOVER !	
SXRuJnWbmm0			IUIC #Raleigh #NC & IUIC #VIRGINIA FROM THE LAND OF THE NORTH! WE KEEPING #PASSOVER 2k26!	
_gnsZv98SMg			This is your WARNING ‼️#blacks #fyp #explore #bible #latino #native #God #Christian #pray	
fVy4mnKH7Ik			STAND FOR THE TRUTH LIKE A MAN #fyp #blacks #hispanics #nativeamericans #repent #bible #gospel	
sskeN9pnSOk			A Man Will Do Anything He Can To Take Care Of His Wife And Kids  #fyp #explore #bible #god	
7fxyJG8bZNg			FATHERS ARE NEEDED TO CREATE RIGHTEOUS WOMEN #fyp #black #hispanics #nativeamericans  #bible #gospel	
DalBLVvHXpM			God speaks against Edom!!! #Fyp #Explore #Bible #God #Repent	
cH_XFuaJ8ig			Did you know this 🤔 #fyp #fy #blacks #hispanics #nativeamericans  #12tribes #repent #bible #gospel	
ZCCbfTEE0yE			Power of the Amalekites 😯😯😯 #fyp #explore #bible #god	
FHAl4O8EPA0			Dinosaurs Are Real According To The Bible #fyp #blacks #hispanics #nativeamericans  #bible #gospel	
ZRJmJxE_0nY			The president is just the face of America #black #fyp #explore #bible #latino #native #Christian	
U9fBKvcStKo			240 DAYS OF WAR!!!! ⚔️⚔️⚔️⚔️ #blacks #fyp #explore #bible #latino #native #God #Christian #pray	
GohUqywJxK0			#Raleigh touched down in the Allen Temple Projects #atlanta 😯⚔️😯⚔️ #ATL #fyp #explore #bible #god	
EShHkm9Qru4			SHES CHEATING ON YOU!!!! 😯😯😯 #Fornication & #Adultery #fyp #explore #bible #god	
TM5PcZYjD3g			There Is No Peace And Don’t Listen To Black Women #blacks #hispanics #nativeamericans #bible #gospel	
Njd5n8HxBTc			The Wife And The Children Are To Give Reverence To The Husband #fyp #explore #bible #god	
JsElASrqQzI			put us back in our land⚔️⚔️⚔️⚔️ #fyp #explore #bible #god	
plY-FGxhm9s			#Homosexuality Is Against #God !!!! #fyp #explore #bible #god	
AyDuUuWRssM			boots on the ground in #Brooklyn 💯💯💯💯 #fyp #explore #bible #God	
vyg-ZobKdeI			#America Is The #Babylon	
TMpovZEbWvs			YOUR #APPETITE WILL MAKE YOU A LAUGHING STOCK😯😯🍔🍟🍕 #bible #god #viral #gospel #christ #news #FYP	
R4DvvxkrJkM			Oak 93.5 at 8:00am EST every #Saturday 🔥🔥 #bible #god #viral #gospel #christ #explore #news #podcast	
lL5IwB9IjYY			KEEPING THE #SABBATH 📖📖📖  #bible #god #viral #gospel #christ #news #explore #podcast #LIVE #FYP	
Ahjv1Fr1Lh0			#America In #Daniels #Vision 🤫📖📖😯😯 #LIVE #bible #explore #god #viral #gospel #christ #news #podcast	
GJ7mPgcZ1WI			things they see on #tv TURN AWAY FROM THE #BIBLE 😯🤫🍿 #god #podcast  #reaction  #viral #gospel #live	
E4lwKTfiFzI			#Israelites Were #piratesofthecaribbean 📖📖  #bible #god #viral #explore #christ #gospel #podcast	
X1aCGQMBWeU			#YT MEN Painted Over The #True #Black #Prophets Of The #Bible !!! #god #viral #gospel #christ #news	
l9rvxcBTG8g			#MLK DREAM OF RACIAL UNITY WAS A NIGHTMARE !! #FYP #HISTORY #BLACK #hispanic  #bible #god #viral	
QBskyuSD5eY			#WAR UNTIL #CHRIST #KINGDOM !! #FYP #VIRAL #reaction  #bible #god #explore	
DIhZtVS0-MM			#WAKE UP #SOULS IN #RALEIGH #NC !! #learning #bible #podcast  #god #explore #FYP	
P6d1erKc-mc			240 days of #WAR #blacks #latino #nativeamericans  #repent #bible #gospel #live #viral #street	
uVI1_S2te6s			#Nations Can’t #Escape The #Judgement of #God ! 🔥🔥🔥 #live #viral #bible #christ #jesus #fyp #podcast	
PapHrBo21s8			They Teach Our People To Break Gods Commandments! #live #reaction #viral #podcast #news #bible #fyp	
-St3nW0FFpM			#America causes #war ! #viral #reaction #podcast #bible #god #live #fyp #ww3	
7JpXVHfDJVA			AOG #RADIO DID YO MISS IT??? CATCH THE #REPLAY !! 🔥🔥🔥  #podcast #bible #explore #god #live #reaction	
BazYh9MW57M			🤫WHY DONT #BLACK #CHRISTIANS KEEP #PASSOVERM ???? #bible #christ #faith #God #FYP #VIRAL #reaction	
KXzGCmgh6ys			🍿🔥🍿🔥🍿🔥HELP SUPPORT IUIC RALEIGH AND ENJOY DELICIOUS POPCORN!!!#DOUBLEGOOD #POPCORN #FUNDRAISER	
J4bPlg_7Z04			WISDOM VS STUPIDITY!!! HOT PIZZA ON THE SABBATH????😯😯😯#bible #christ #faith #God #black #FYP #JESUS	
7ERO0vvpkm4			DROPPING #TONIGHT 6PM! AOG| LORD OF THE RINGS!!! ⚔️⚔️⚔️📖📖📖 #LIVE #REACTION #FYP #TOLKIEN #LOR #BIBLE	
kqmRENfdSzs			#YO #MAMA CAN’T DO THIS!!!!!😯😯😯😯😯😯 #black #latino  #bible #christ #faith #God #black #fyp #slavery	
mk7XIhUHgnA			#Israelites Are The Real #Church #fyp #fy #blacks #hispanics #nativeamericans #bible #gospel	
okHAtEwfsjU			The Most High Made The #Israelites #Gods #fyp #fy #blacks #hispanics #nativeamericans #bible #gospel	
R-0dRAq9zGY			The Vilest Of Men Are Put In Charge #fyp #fy #blacks #hispanics #nativeamericans #bible #gospel	
yreVJbX2oLU			FUNDRAISER STARTS MONDAY MARCH 9TH!!🍿🔥🍿🔥🍿🔥🍿🔥🍿HELP SUPPORT IUIC RALEIGH AND ENJOY DELICIOUS POPCORN!	
lgMPCDLH0pA			Boots on the ground in #Gastonia, #NC. #fyp #explore #bible #god	
AFgkXeoQZ_E			#Blacks and #Hispanics need to come together in #unity #fyp #explore #bible #god	
1rpYDVpOYak			Oak 93.5 at 8:00am EST every #Saturday to be edified with the word of #God. #fyp #explore #bible	
y--pX6QmJkA			Captain Josiah and the #Prophets boots on the ground in #Fayetteville, #NC #fyp #explore #bible #god	
k9vpjh22AJs			#God will remove the cup of his fury🔥🔥🔥🔥 #Fyp #Explore #Bible #God #Fliers #Repent	
M4z2X6cNF68			#Christ Is Going To #Kill Everyone😯😯😯😯#fyp #explore #bible #god	
9LEaDsXv5yo			#Christ Returns All #Nations Will Go Into #Captivity As #Judgment!!   #fyp #explore #bible #god	
jbjJ9rKEgOA			STOP #hating yourself, GET UP 🗣!!! #fyp #fy #blacks #hispanics #nativeamericans #bible #gospel	
WF7qPVIm3P0			TUNE IN WITH IUIC #RALEIGH on Oak 93.5 at 8am EST every Saturday to be edified with the word of #God	
sTH6AOXgDXk			#Black #Pastors Are The Reason Why The Black #Community Suffers.😯😯 #fyp #explore #bible #god	
XSq2hL8ZgFM			THOSE ARE #EDOMITES!!!😯📖😯📖 #fyp #explore #bible #god	
EJ_I0BklwtE			YOU ARE WHAT YOU THINK🧠🧠🧠 #fyp #fy #blacks #hispanics #nativeamericans  #repent #bible #gospel	
-5CNpYhTgr4			misión de volantes en el #barrio de #Leon, #Mexico.	
M1Hnm2JIN-Y			the #Lord will come and #save us from our #affliction #fyp #explore #bible #god	
V1vCWOGSsDI			The Prophets of IUIC crying aloud❗️🔥 #explore #bible #latino #native #God #youtubeshorts #pray	
endt70DFf4k			Do you battle with Compulsion? Is it building?#explore #youtubeshorts #bible #gospel #repent	
2gmP-EOQc-E			Pentecost joy from the Carolinas! #viral #explore #shorts #12tribes #love #iuicnc	
5_yNqFB69jk			DAY 70 of 240 🛡⚔️🛡#blacks #hispanics #nativeamericans  #12tribes #repent #bible #gospel	
dZL_T0rgy78			Israel Unido en Cristo edifican a nuestra gente en Puerto Rico, de acuerdo al la biblia	
7q0n5EXAeYQ			#Leon, #Mexico en una #misión de #Limpieza de la #comunidad.   #Guanajuato  #Mexicanos	
HLzccEKk9VU			Why #America Pushes #Abortion 😯😯😯 #fyp #explore #bible #god	
kWYWqoRnTYk			The #Edomites Are Still On The #Earth #Today Waiting For The #Judgment Of #God	
-XU0wJvWyi4			Beware of who you choose to #counsel with!!! #fyp #explore #bible #god	
_xLUo2YTKQg			We must apply the #BIBLE to build up where we lack #spiritualy #fyp #explore #christian #god	
mBxX92oCb7o			During the time of affliction our people will #repent and return to #God #fyp #explore #bible	
N0X096Ey8OU			The Only Thing That Can #Heal The #Black And #Hispanic #Community  #fyp #explore #bible #god	
pkKSS4dKkAY			Nations That Oppressed The #Israelites Will Be Destroyed #fyp #explore #bible #god	
LqDe9HHtLoE			endure persecution- rule the world #fyp #fy #blacks #hispanics #nativeamericans #bible #gospel	
REY0qpyBUjA			#black CITIES HIDDEN AND ERASED!!! #fyp #explore #bible #God #Christian	
XTrv8SWq6pg			Another Successful Flier Mission In #Louisburg, NC!  #blacks #fyp #explore #bible #God #Christian	
ThTzru-ewtM			Who  Causes The Earthquakes, Tornadoes and Volcanoes #fyp #blacks #hispanic #native #bible #gospel	
4Pl7LECgYvc			#CAROLINA'S #LEADERSHIP SYMPOSIUM 2025 HIGHLIGHTS #FYP #BIBLE #EXPLORE #VIRAL	
NgdpspjqmBo			The will of the #Lord is to bring down the #white man #blacks #fyp #explore #bible #God #Christian	
827JJb5sNTo			#CAROLINA'S #LEADERSHIP SYMPOSIUM 2025 HIGHLIGHTS #FYP #BIBLE #EXPLORE #VIRAL	
EsZsjR7VMk4			Another Successful Flier Mission In #Rocky Mount, NC! #Fyp #Explore #Bible #God #Fliers #Repent	
mWBjzEpkIAU			#CAROLINA'S #LEADERSHIP SYMPOSIUM 2025 HIGHLIGHTS #FYP #BIBLE #EXPLORE #VIRAL	
mV0Cb-kxfGQ			#CAROLINA'S #LEADERSHIP SYMPOSIUM 2025 HIGHLIGHTS #FYP #BIBLE #EXPLORE #VIRAL	
x7Mu-rMGgIU			When #Christ returns!!! #fyp #explore #bible #god	
Xw56WC_fM4Q			#SUPREMECOURT BANNS #transgender FROM SPORTS??? #fyp #explore #bible #god #LGBT	
dTTiRK6gyMs			THE #GOSPEL MUST GO OUT IN #NC #fyp #explore #bible #god	
EFvlMFhty5M			YOUR PASTORS ARE PAID BY THE ISRAE-LIES #fyp #explore #bible #god	
shuFmC2IT4g			FLIER MISSIONS IN #NORTHCAROLINA !!!!	
dkov8AB_4go			What's going on in the Caribbean islands???? #fyp #explore #bible #God	
1n-TBSQHP3k			How to escape The Day of #Christ 🔥🔥🔥🔥#fyp #explore #bible #God	
OEmYsIkk1QE			#CHRIST ONLY CAME FOR US!! PROVE ME WRONG!!! #BIBLE #CHRISTIAN #JESUS #god #fyp	
9NyOCQJZlKY			#TRUMP AND #venezuela THE KIDNAPPING OF PRESIDENT #maduro !!! #BIBLE #CHRISTIAN #JESUS #god #fyp	
TBoV2H5ow2I			"YOU GONE LEARN TODAY" #fyp #fy #blacks #hispanics #nativeamericans	
ChYM3l0iYOk			#GOD WILL CURSE #NATIONS FOR YOU #blacks #hispanics #nativeamericans  #reaction #bible #gospel #live	
4mHoIZUSCfY			#America Will Not Save You #bible #god #fyp #reaction #live #black #latino #nativeamerican	
Pb5Nho1XJ0g			#PASSPORTS ARE PERMISSION TO LEAVE YOUR SLAVE PLANTATION TEMPORARILY #fyp #explore #bible #god	
If453YSonEQ			iF YOU CELEBRATED NEW YEARS YOU NEED TO WATCH THIS!!!!!! #fyp #history #newyears #2025	
G48S9W6tQIg			IUIC #Raleigh #NC held a #CPR training for the congregation. Building more skills to help our people	
t9jBbsB4_Kc			The #IUIC #Raleigh Medical Team presented a #Miscarriage Seminar during the sister circle. #fyp	
r3H-ffG1qU4			#fyp #live #bible #christian #black #latino #native	
PrJHYaSu-QE			#God over man's traditions!!! #truth #history #live #reaction #bible #christmas #newyear	
NEVERbMnmfs			Did you know #god  Is Against #Interracial #Marriage #fyp #black #live #bible #black #white #viral	
cr05Inq7ibM			The Feast Of Dedication And Not Christmas #fyp #black #live #bible #black #viral	
dKQETezfM7s			ANOTHER OAK 93! 🔥🔥#fyp #live #reaction #radio	
8kGMYSI40ow			Leave #Christmas alone!!!! #bible  #history #christian #god #jesus #black #latino #native #fyp #live	
9aRWyzD-4Aw			Seek the Lord before his judgment comes! #fyp #bible #black #latino #native #live #reaction	
kKIWuE5iLFQ			The Real Reason They Didn’t Let Us Read The Bible In Slavery! #bible #slavery #truth #god #fyp	
ENZ-uM_rexA			IUIC Raleigh’s kitchen team serving our people after the sabbath! #fyp #god #blackwomen #bible #live	
ANWwxXVvqjc			Israelite man and woman are meant to be together!! #marriage #love #god #bible #christian #fyp	
5eTvRXfRgz4			THE 👩WOMAN SUPPORTS HER MEN DESTROYING OUR PEOPLE!! #TRUTH #WOMAN #RACISIM #BIBLE #JESUS #FYP #VIRAL	
FBITV6yM2kE			SURROUND YOURSELF WITH SISTERS WHO ARE REPENTING! #FYP #WOMEN #BIBLE #CHRISTIAN #JESUS #VIRAL	
kIjsTiivmT8			MIX RACE RELATIONSHIPS EXPLAINED!!! IS IT A SIN???? #bible #fyp #live #reaction #christian #christ	
B1mgb1NELzI			PROOF YOU ARE ISRAELITES!!! # #bible #christian  #god #jesus	
erfQzQHCsaY			HISTORY LESSON HERE!!  #blacks #fyp #explore #bible #God #Christian #latino	
bQucXuQcfOU			Teaching in the Streets of #Raleigh #northcarolina !! #blacks #fyp #explore #bible #God #Christian	
jAI6ei4Z4uY			#RALEIGH FEAST OF DEDICATION!!!! 2025  #blacks #fyp #explore #bible #God #Christian	
R32OaxT7r_Y			FEAST OF DEDICATION MOVIE NIGHT!!! 8 DAYS YALL!!!  #blacks #fyp #explore #bible #God #Christian	
NH3IVKxNJKU			DAY 1 OF THE FEAST STARTED OFF WITH Q AND A FROM THE LOCAL CAPTAINS AND SPECIAL GUEST CAPT ZAKAR!!!	
A-d_3YMQXAA			#RALEIGH GETS DOWN ON THE FEAST DAYS  #blacks #fyp #explore #bible #God #Christian	
JX4_6rx7kwc			#2819 $50,000 to the other nations not his people?? #blacks #fyp #explore #bible #God #Christian	
KNi2gn2WzeA			#blacks #fyp #explore #bible #God #Christian	
